Batch,20230518 clumped Oman KDB NTA,Collected on,2023/05/18 16:46:38,Analysis Instrument,PS019,Acquisition Software,,Stable 1.71.5,Reanalyzed  on,2023/05/18 17:45:34,Reanalysis Instrument,PS019,Reanalysis Software,Stable 1.71.5

Data,Batch,Data,Sample,Method,Analysis,Batch,Time,Sample,Vial,Initial,Sample,ColdFinger,Transducer,InletPiraniPressure,Sample,MaxPumpOverPressure,RawPumpOverPressure,Sample,Min,Max,Pre-balance,Pre-depleted,Final,Final,Depletion,Balance,Balance,RefBellowsPos,SamBellowsPos,Pirani,Current,Zero,Zero,Zero,Zero,Zero,Zero,Zero,Zero,Sam,Ref,Ave,Ref Major,Sam Major,Sample,Sample,Sample,Sample,Sample,Ref,Ref,Ref,Ref,Ref,Raw,Raw,Raw,Raw,Raw,Delta(13),Std,Rejected,Num,Delta(18),Std,Rejected,Num,DELTA,DELTA,DELTA,
Dir   ,Name   ,File   ,Name   ,  ,  ,Started   ,Collected   ,Weight   ,Location   ,Sam Beam   ,Yield   ,Status   ,Pressure   ,  ,Chops   ,  ,  ,Operations   ,Ref Beam   ,Ref Beam   ,Sam Beam   ,Ref Beam   ,Sam Beam   ,Ref Beam   ,Factor  ,End   ,%  ,  ,  ,Pressure   ,Mass   ,Length    ,Offset   ,Beams (0) ,Beams (1) ,Beams (2) ,Beams (3) ,Beams (4) ,Beams (5) ,Depletion   ,Depletion   ,Temperature   ,Signal(44),Signal(44),Ratio(45/44),Ratio(46/44),Ratio(47/44),Ratio(48/44),Ratio(49/44),Ratio(45/44),Ratio(46/44),Ratio(47/44),Ratio(48/44),Ratio(49/44),Delta(45/44),Delta(46/44),Delta(47/44),Delta(48/44),Delta(49/44),wrt PDB,Err,,,wrt PDB,Err,,,47,48,49,

C:\Nu Stable\Results\2023\20230518 clumped Oman KDB NTA,20230518 clumped Oman KDB NTA,Data_19659 ETH-1.txt,ETH-1,C:\Nu Stable\Analyses\DI\CO2 20-6-20 clumped NuCarb.rdf,Clumped CO2 Iterative,2023/05/18 16:46:38,2023/05/18 16:46:38,402,1,1.1871e-07,2.953006E-10,CF,19.989,5.573e-02,1,5.5732e-02,15552, InitialisePrepSampleRun; CheckIfCFRequired; UseCF; SampleTrapped; Chop_CF_SamSub; SampleTrapped; BalanceRefToSamValue; DepletingBalance; SampleReady;,3.9654e-08,1.0660e-07,4.4218e-08,4.4333e-08,4.4293e-08,4.4209e-08,0.96,2023/05/18 16:45:52,0.19,7866,8447,5.5732e-02,46.048,20,0.000,-1.0643e-13,-5.5817e-14,-5.8541e-14,-6.1548e-15,9.7776e-14,3.2795e-12,23.00,23.00,64.22,2.70620e-08,2.62274e-08,1.20114e-02,4.2462e-03,4.9695e-05,4.7583e-06,9.0519e-08,1.1955e-02,4.1987e-03,4.8942e-05,4.6527e-06,8.6392e-08,4.6807,11.2977,15.3779,22.6883,47.2467,1.7011,0.0012,0,60,5.3328,0.0016,0,60,-0.6078,-0.0340,19.2828,
C:\Nu Stable\Results\2023\20230518 clumped Oman KDB NTA,20230518 clumped Oman KDB NTA,Data_19660 ETH-2.txt,ETH-2,C:\Nu Stable\Analyses\DI\CO2 20-6-20 clumped NuCarb.rdf,Clumped CO2 Iterative,2023/05/18 16:46:38,2023/05/18 18:08:22,460,2,1.3364e-07,2.905197E-10,CF,22.034,5.449e-02,1,5.2096e-02,15488, InitialisePrepSampleRun; CheckIfCFRequired; UseCF; SampleTrapped; Chop_CF_SamSub; SampleTrapped; BalanceRefToSamValue; DepletingBalance; SampleReady;,3.9014e-08,1.0664e-07,5.0881e-08,5.1140e-08,5.1116e-08,5.0983e-08,0.96,2023/05/18 18:07:37,0.26,7190,8446,5.4493e-02,46.051,20,0.000,-1.0533e-13,-5.5310e-14,-5.7825e-14,-4.4096e-15,1.0080e-13,3.4985e-12,24.00,24.00,64.22,3.05632e-08,2.96724e-08,1.18705e-02,4.1766e-03,4.8277e-05,4.5907e-06,5.1452e-08,1.1956e-02,4.1986e-03,4.8917e-05,4.6405e-06,5.2031e-08,-7.1354,-5.2556,-13.0869,-10.7298,-9.3667,-10.3012,0.0310,0,60,-11.1146,0.0205,0,60,-0.6073,-0.2488,8.6054,
C:\Nu Stable\Results\2023\20230518 clumped Oman KDB NTA,20230518 clumped Oman KDB NTA,Data_19661 IAEA-C2.txt,IAEA-C2,C:\Nu Stable\Analyses\DI\CO2 20-6-20 clumped NuCarb.rdf,Clumped CO2 Iterative,2023/05/18 16:46:38,2023/05/18 19:30:43,420,3,1.1722e-07,2.790954E-10,CF,19.653,5.449e-02,1,5.3281e-02,15488, InitialisePrepSampleRun; CheckIfCFRequired; UseCF; SampleTrapped; Chop_CF_SamSub; SampleTrapped; BalanceRefToSamValue; DepletingBalance; SampleReady;,3.8303e-08,1.0636e-07,4.3740e-08,4.3857e-08,4.3815e-08,4.3725e-08,0.96,2023/05/18 19:29:57,0.21,7756,8446,5.4493e-02,46.048,20,0.000,-1.0540e-13,-5.5102e-14,-5.7838e-14,-4.4382e-15,9.9367e-14,3.4350e-12,23.00,23.00,64.29,2.67627e-08,2.59219e-08,1.18970e-02,4.2170e-03,4.8872e-05,4.6736e-06,5.5781e-08,1.1955e-02,4.1986e-03,4.8918e-05,4.6327e-06,5.5078e-08,-4.8895,4.3792,-0.9422,8.8331,11.5372,-8.2452,0.0008,0,60,-1.5313,0.0018,0,60,-0.1919,0.0551,8.1194,
C:\Nu Stable\Results\2023\20230518 clumped Oman KDB NTA,20230518 clumped Oman KDB NTA,Data_19662 IAEA-C1.txt,IAEA-C1,C:\Nu Stable\Analyses\DI\CO2 20-6-20 clumped NuCarb.rdf,Clumped CO2 Iterative,2023/05/18 16:46:38,2023/05/18 20:52:40,504,4,1.6285e-07,3.231204E-10,CF,26.581,5.573e-02,1,5.3281e-02,15520, InitialisePrepSampleRun; CheckIfCFRequired; UseCF; SampleTrapped; Chop_CF_SamSub; SampleTrapped; BalanceRefToSamValue; DepletingBalance; SampleReady;,3.7658e-08,1.0681e-07,6.3893e-08,6.4092e-08,6.4050e-08,6.3891e-08,0.96,2023/05/18 20:51:54,0.25,6208,8446,5.5732e-02,46.051,20,0.000,-1.0521e-13,-5.5089e-14,-5.7837e-14,-3.7319e-15,1.0182e-13,3.5816e-12,25.00,26.00,64.47,3.64418e-08,3.59727e-08,1.20170e-02,4.2459e-03,4.9684e-05,4.7366e-06,5.2515e-08,1.1956e-02,4.1987e-03,4.8910e-05,4.6328e-06,5.0984e-08,5.0828,11.2401,15.8151,22.3959,30.2144,2.1310,0.0013,0,60,5.2747,0.0021,0,60,-0.5336,-0.2060,2.3909,
C:\Nu Stable\Results\2023\20230518 clumped Oman KDB NTA,20230518 clumped Oman KDB NTA,Data_19663 ETH-3.txt,ETH-3,C:\Nu Stable\Analyses\DI\CO2 20-6-20 clumped NuCarb.rdf,Clumped CO2 Iterative,2023/05/18 16:46:38,2023/05/18 22:14:41,437,5,1.2597e-07,2.88272E-10,CF,21.027,5.449e-02,1,5.3281e-02,15520, InitialisePrepSampleRun; CheckIfCFRequired; UseCF; SampleTrapped; Chop_CF_SamSub; SampleTrapped; BalanceRefToSamValue; DepletingBalance; SampleReady;,3.6845e-08,1.0690e-07,4.7505e-08,4.7714e-08,4.7676e-08,4.7574e-08,0.96,2023/05/18 22:13:55,0.21,7234,8444,5.4493e-02,46.048,20,0.000,-1.0512e-13,-5.5122e-14,-5.7800e-14,-4.3327e-15,1.0083e-13,3.5441e-12,23.00,24.00,64.47,2.87428e-08,2.78590e-08,1.20087e-02,4.2485e-03,4.9702e-05,4.7448e-06,5.1023e-08,1.1956e-02,4.1987e-03,4.8917e-05,4.6352e-06,4.8605e-08,4.4333,11.8470,16.0567,23.6577,49.9355,1.4188,0.0010,0,60,5.8800,0.0018,0,60,-0.2202,-0.1725,21.0763,
C:\Nu Stable\Results\2023\20230518 clumped Oman KDB NTA,20230518 clumped Oman KDB NTA,Data_19664 WS4_54_4_A.txt,WS4_54_4_A,C:\Nu Stable\Analyses\DI\CO2 20-6-20 clumped NuCarb.rdf,Clumped CO2 Iterative,2023/05/18 16:46:38,2023/05/18 23:37:09,463,6,1.4965e-07,3.232118E-10,CF,24.933,5.449e-02,1,5.3281e-02,15520, InitialisePrepSampleRun; CheckIfCFRequired; UseCF; SampleTrapped; Chop_CF_SamSub; SampleTrapped; BalanceRefToSamValue; DepletingBalance; SampleReady;,3.6179e-08,1.0658e-07,5.7943e-08,5.8218e-08,5.8160e-08,5.8045e-08,0.96,2023/05/18 23:36:24,0.20,6398,8444,5.4493e-02,46.051,20,0.000,-1.0525e-13,-5.5126e-14,-5.7821e-14,-3.8838e-15,1.0260e-13,3.5924e-12,25.00,25.00,64.47,3.40401e-08,3.29379e-08,1.20251e-02,4.2659e-03,4.9964e-05,4.7833e-06,5.4526e-08,1.1956e-02,4.1988e-03,4.8913e-05,4.6346e-06,5.1878e-08,5.7716,15.9934,21.4807,32.0888,50.4356,2.7002,0.0010,0,60,10.0034,0.0022,0,60,-0.2929,-0.1489,11.9440,
C:\Nu Stable\Results\2023\20230518 clumped Oman KDB NTA,20230518 clumped Oman KDB NTA,Data_19665 KDW_51_0_A.txt,KDW_51_0_A,C:\Nu Stable\Analyses\DI\CO2 20-6-20 clumped NuCarb.rdf,Clumped CO2 Iterative,2023/05/18 16:46:38,2023/05/19 00:59:28,437,7,1.3959e-07,3.194331E-10,CF,22.980,5.573e-02,1,5.3281e-02,15552, InitialisePrepSampleRun; CheckIfCFRequired; UseCF; SampleTrapped; Chop_CF_SamSub; SampleTrapped; BalanceRefToSamValue; DepletingBalance; SampleReady;,3.5311e-08,1.0666e-07,5.3402e-08,5.3791e-08,5.3726e-08,5.3668e-08,0.96,2023/05/19 00:58:43,0.11,6608,8448,5.5732e-02,46.048,20,0.000,-1.0517e-13,-5.5042e-14,-5.7816e-14,-4.0466e-15,1.0099e-13,3.5539e-12,24.00,24.00,64.47,3.18095e-08,3.07826e-08,1.20233e-02,4.2491e-03,4.9766e-05,4.7438e-06,5.1603e-08,1.1956e-02,4.1987e-03,4.8917e-05,4.6326e-06,5.0007e-08,5.6453,11.9973,17.3541,23.9934,31.8917,2.7035,0.0012,0,60,6.0270,0.0022,0,60,-0.3330,-0.1417,1.9497,
C:\Nu Stable\Results\2023\20230518 clumped Oman KDB NTA,20230518 clumped Oman KDB NTA,Data_19666 WS2_9_2_A.txt,WS2_9_2_A,C:\Nu Stable\Analyses\DI\CO2 20-6-20 clumped NuCarb.rdf,Clumped CO2 Iterative,2023/05/18 16:46:38,2023/05/19 02:22:20,411,8,1.1152e-07,2.713349E-10,CF,18.585,5.573e-02,1,5.4493e-02,15520, InitialisePrepSampleRun; CheckIfCFRequired; UseCF; SampleTrapped; Chop_CF_SamSub; SampleTrapped; BalanceRefToSamValue; DepletingBalance; SampleReady;,3.4648e-08,1.0686e-07,4.1298e-08,4.1113e-08,4.1083e-08,4.0997e-08,0.96,2023/05/19 02:21:35,0.21,7600,8448,5.5732e-02,46.046,20,0.000,-1.0516e-13,-5.5118e-14,-5.7834e-14,-4.7100e-15,1.0026e-13,3.4368e-12,23.00,23.00,64.47,2.53071e-08,2.45098e-08,1.20167e-02,4.2539e-03,4.9806e-05,4.7595e-06,5.4001e-08,1.1955e-02,4.1986e-03,4.8923e-05,4.6367e-06,5.1592e-08,5.1542,13.1686,18.0521,26.4826,47.1133,2.1405,0.0011,0,60,7.1936,0.0021,0,60,-0.2823,-0.0273,14.9459,
C:\Nu Stable\Results\2023\20230518 clumped Oman KDB NTA,20230518 clumped Oman KDB NTA,Data_19667 ETH-3.txt,ETH-3,C:\Nu Stable\Analyses\DI\CO2 20-6-20 clumped NuCarb.rdf,Clumped CO2 Iterative,2023/05/18 16:46:38,2023/05/19 03:44:21,504,9,1.6130e-07,3.200309E-10,CF,26.550,5.700e-02,1,5.3281e-02,15552, InitialisePrepSampleRun; CheckIfCFRequired; UseCF; SampleTrapped; Chop_CF_SamSub; SampleTrapped; BalanceRefToSamValue; DepletingBalance; SampleReady;,3.4029e-08,1.0671e-07,6.3221e-08,6.3357e-08,6.3314e-08,6.3157e-08,0.96,2023/05/19 03:43:36,0.25,5899,8446,5.6999e-02,46.048,20,0.000,-1.0516e-13,-5.5054e-14,-5.7682e-14,-3.4905e-15,1.0244e-13,3.6138e-12,25.00,25.00,64.47,3.66058e-08,3.55068e-08,1.20088e-02,4.2483e-03,4.9691e-05,4.7418e-06,5.1407e-08,1.1956e-02,4.1986e-03,4.8907e-05,4.6326e-06,4.9819e-08,4.4287,11.8451,16.0337,23.5745,32.4047,1.4139,0.0009,0,60,5.8781,0.0021,0,60,-0.2363,-0.2500,4.0356,
C:\Nu Stable\Results\2023\20230518 clumped Oman KDB NTA,20230518 clumped Oman KDB NTA,Data_19668 ETH-4.txt,ETH-4,C:\Nu Stable\Analyses\DI\CO2 20-6-20 clumped NuCarb.rdf,Clumped CO2 Iterative,2023/05/18 16:46:38,2023/05/19 05:06:28,433,10,1.2903e-07,2.979908E-10,CF,21.698,5.700e-02,1,5.4493e-02,15552, InitialisePrepSampleRun; CheckIfCFRequired; UseCF; SampleTrapped; Chop_CF_SamSub; SampleTrapped; BalanceRefToSamValue; DepletingBalance; SampleReady;,3.3323e-08,1.0636e-07,4.8732e-08,4.9118e-08,4.9087e-08,4.8972e-08,0.96,2023/05/19 05:05:43,0.23,6718,8446,5.6999e-02,46.051,20,0.000,-1.0510e-13,-5.5054e-14,-5.7743e-14,-4.2880e-15,1.0074e-13,3.5298e-12,24.00,24.00,64.47,2.94264e-08,2.85517e-08,1.18678e-02,4.1755e-03,4.8264e-05,4.5821e-06,4.8873e-08,1.1956e-02,4.1986e-03,4.8917e-05,4.6332e-06,4.9289e-08,-7.3427,-5.5032,-13.3462,-11.0213,-7.3039,-10.5133,0.0012,0,60,-11.3605,0.0014,0,60,-0.4099,-0.0457,11.4264,
C:\Nu Stable\Results\2023\20230518 clumped Oman KDB NTA,20230518 clumped Oman KDB NTA,Data_19669 KDW2_130_2A_A.txt,KDW2_130_2A_A,C:\Nu Stable\Analyses\DI\CO2 20-6-20 clumped NuCarb.rdf,Clumped CO2 Iterative,2023/05/18 16:46:38,2023/05/19 06:35:19,426,11,8.5561e-08,2.008479E-10,CF,14.648,5.449e-02,0,5.4493e-02,15552, InitialisePrepSampleRun; CheckIfCFRequired; UseCF; SampleTrapped; BalanceRefToSamValue; DepletingBalance; SampleReady;,4.1290e-08,1.0710e-07,8.2108e-08,8.3852e-08,8.3769e-08,8.3105e-08,0.96,2023/05/19 06:34:33,0.80,5693,8444,5.4493e-02,46.053,20,0.000,-1.0515e-13,-5.4982e-14,-5.7782e-14,-3.1203e-15,1.0348e-13,3.7372e-12,36.00,36.00,64.47,3.41794e-08,3.23524e-08,1.19780e-02,4.2387e-03,4.9460e-05,4.7189e-06,5.2528e-08,1.1956e-02,4.1984e-03,4.8917e-05,4.6300e-06,5.0664e-08,1.8648,9.5998,11.0979,19.2069,39.0388,-1.2373,0.0012,0,60,3.6493,0.0038,0,60,-0.2860,-0.0832,17.6749,
C:\Nu Stable\Results\2023\20230518 clumped Oman KDB NTA,20230518 clumped Oman KDB NTA,Data_19670 KDW_51_0_A.txt,KDW_51_0_A,C:\Nu Stable\Analyses\DI\CO2 20-6-20 clumped NuCarb.rdf,Clumped CO2 Iterative,2023/05/18 16:46:38,2023/05/19 07:57:58,500,12,1.4579e-07,2.915847E-10,CF,24.261,5.573e-02,1,5.4493e-02,15552, InitialisePrepSampleRun; CheckIfCFRequired; UseCF; SampleTrapped; Chop_CF_SamSub; SampleTrapped; BalanceRefToSamValue; DepletingBalance; SampleReady;,4.0454e-08,1.0693e-07,5.6153e-08,5.6647e-08,5.6596e-08,5.6485e-08,0.96,2023/05/19 07:57:12,0.20,6943,8450,5.5732e-02,46.051,20,0.000,-1.0520e-13,-5.5064e-14,-5.7803e-14,-3.8588e-15,1.0216e-13,3.5977e-12,24.00,25.00,64.47,3.32329e-08,3.21837e-08,1.20236e-02,4.2491e-03,4.9766e-05,4.7448e-06,5.3163e-08,1.1956e-02,4.1988e-03,4.8917e-05,4.6339e-06,5.0935e-08,5.6464,11.9960,17.3527,23.9270,43.8512,2.7047,0.0010,0,60,6.0257,0.0021,0,60,-0.3343,-0.2040,13.5635,
C:\Nu Stable\Results\2023\20230518 clumped Oman KDB NTA,20230518 clumped Oman KDB NTA,Data_19671 WS2_9_2_A.txt,WS2_9_2_A,C:\Nu Stable\Analyses\DI\CO2 20-6-20 clumped NuCarb.rdf,Clumped CO2 Iterative,2023/05/18 16:46:38,2023/05/19 09:20:16,508,13,1.7793e-07,3.502469E-10,CF,29.114,5.700e-02,1,5.5732e-02,15552, InitialisePrepSampleRun; CheckIfCFRequired; UseCF; SampleTrapped; Chop_CF_SamSub; SampleTrapped; BalanceRefToSamValue; DepletingBalance; SampleReady;,3.9716e-08,1.0651e-07,7.0801e-08,7.0914e-08,7.0842e-08,7.0728e-08,0.96,2023/05/19 09:19:30,0.16,6052,8447,5.6999e-02,46.053,20,0.000,-1.0515e-13,-5.5011e-14,-5.7688e-14,-3.0828e-15,1.0291e-13,3.7140e-12,26.00,26.00,64.47,4.03367e-08,3.91069e-08,1.20182e-02,4.2541e-03,4.9788e-05,4.7544e-06,5.2189e-08,1.1956e-02,4.1986e-03,4.8904e-05,4.6320e-06,5.0283e-08,5.1678,13.2141,18.0641,26.4221,37.9199,2.1534,0.0048,0,60,7.2389,0.0118,0,60,-0.3286,-0.1760,5.9324,
C:\Nu Stable\Results\2023\20230518 clumped Oman KDB NTA,20230518 clumped Oman KDB NTA,Data_19672 ETH-2.txt,ETH-2,C:\Nu Stable\Analyses\DI\CO2 20-6-20 clumped NuCarb.rdf,Clumped CO2 Iterative,2023/05/18 16:46:38,2023/05/19 10:42:45,432,14,1.0922e-07,2.528318E-10,CF,18.982,5.700e-02,1,5.4493e-02,15552, InitialisePrepSampleRun; CheckIfCFRequired; UseCF; SampleTrapped; Chop_CF_SamSub; SampleTrapped; BalanceRefToSamValue; DepletingBalance; SampleReady;,3.8799e-08,1.0660e-07,4.0309e-08,4.0256e-08,4.0226e-08,4.0141e-08,0.96,2023/05/19 10:42:00,0.21,8206,8448,5.6999e-02,46.051,20,0.000,-1.0503e-13,-5.5042e-14,-5.7730e-14,-4.3094e-15,1.0051e-13,3.4896e-12,23.00,23.00,64.47,2.48355e-08,2.40752e-08,1.18696e-02,4.1764e-03,4.8278e-05,4.5863e-06,5.1802e-08,1.1955e-02,4.1986e-03,4.8922e-05,4.6359e-06,5.2289e-08,-7.1715,-5.2912,-13.1613,-10.6897,-8.3809,-10.3385,0.0012,0,60,-11.1499,0.0015,0,60,-0.6099,-0.1368,9.7205,
C:\Nu Stable\Results\2023\20230518 clumped Oman KDB NTA,20230518 clumped Oman KDB NTA,Data_19673 ETH-1.txt,ETH-1,C:\Nu Stable\Analyses\DI\CO2 20-6-20 clumped NuCarb.rdf,Clumped CO2 Iterative,2023/05/18 16:46:38,2023/05/19 12:05:30,411,15,1.2740e-07,3.099655E-10,CF,21.545,5.830e-02,1,5.5732e-02,15552, InitialisePrepSampleRun; CheckIfCFRequired; UseCF; SampleTrapped; Chop_CF_SamSub; SampleTrapped; BalanceRefToSamValue; DepletingBalance; SampleReady;,3.8160e-08,1.0652e-07,4.7986e-08,4.7933e-08,4.7894e-08,4.7796e-08,0.96,2023/05/19 12:04:44,0.21,7359,8448,5.8296e-02,46.052,20,0.000,-1.0509e-13,-5.4991e-14,-5.7752e-14,-4.3917e-15,1.0133e-13,3.4127e-12,23.00,24.00,64.47,2.86622e-08,2.77620e-08,1.20116e-02,4.2462e-03,4.9674e-05,4.7376e-06,5.3301e-08,1.1956e-02,4.1988e-03,4.8923e-05,4.6335e-06,5.1579e-08,4.6752,11.2916,15.3527,22.4690,33.4047,1.6954,0.0010,0,60,5.3268,0.0024,0,60,-0.6210,-0.2363,5.8281,
C:\Nu Stable\Results\2023\20230518 clumped Oman KDB NTA,20230518 clumped Oman KDB NTA,Data_19674 WS4_30_0_A.txt,WS4_30_0_A,C:\Nu Stable\Analyses\DI\CO2 20-6-20 clumped NuCarb.rdf,Clumped CO2 Iterative,2023/05/18 16:46:38,2023/05/19 13:27:49,489,16,1.5310e-07,3.130917E-10,CF,25.207,5.830e-02,1,5.6999e-02,15584, InitialisePrepSampleRun; CheckIfCFRequired; UseCF; SampleTrapped; Chop_CF_SamSub; SampleTrapped; BalanceRefToSamValue; DepletingBalance; SampleReady;,3.7340e-08,1.0679e-07,5.9533e-08,5.9853e-08,5.9820e-08,5.9681e-08,0.96,2023/05/19 13:27:04,0.23,6435,8446,5.8296e-02,46.049,20,0.000,-1.0495e-13,-5.5026e-14,-5.7686e-14,-3.6371e-15,1.0198e-13,3.5772e-12,25.00,25.00,64.47,3.46973e-08,3.37020e-08,1.20332e-02,4.2679e-03,5.0022e-05,4.7879e-06,5.0584e-08,1.1956e-02,4.1988e-03,4.8914e-05,4.6344e-06,4.8494e-08,6.4523,16.4593,22.6448,33.1184,43.3924,3.4086,0.0009,0,60,10.4655,0.0024,0,60,-0.3022,-0.0688,3.5308,
C:\Nu Stable\Results\2023\20230518 clumped Oman KDB NTA,20230518 clumped Oman KDB NTA,Data_19675 KDW_119_A1_A.txt,KDW_119_A1_A,C:\Nu Stable\Analyses\DI\CO2 20-6-20 clumped NuCarb.rdf,Clumped CO2 Iterative,2023/05/18 16:46:38,2023/05/19 14:50:46,447,17,1.1943e-07,2.671704E-10,CF,20.050,5.830e-02,1,5.5732e-02,15584, InitialisePrepSampleRun; CheckIfCFRequired; UseCF; SampleTrapped; Chop_CF_SamSub; SampleTrapped; BalanceRefToSamValue; DepletingBalance; SampleReady;,3.6699e-08,1.0694e-07,4.4410e-08,4.4282e-08,4.4238e-08,4.4153e-08,0.96,2023/05/19 14:50:00,0.19,7535,8446,5.8296e-02,46.049,20,0.000,-1.0500e-13,-5.4969e-14,-5.7755e-14,-4.1574e-15,1.0110e-13,3.5182e-12,23.00,23.00,64.47,2.69171e-08,2.60879e-08,1.20013e-02,4.2453e-03,4.9638e-05,4.7361e-06,5.0423e-08,1.1956e-02,4.1988e-03,4.8924e-05,4.6335e-06,4.8810e-08,3.8215,11.0795,14.5975,22.1644,33.4113,0.7941,0.0009,0,60,5.1176,0.0018,0,60,-0.2828,-0.1148,7.1593,
C:\Nu Stable\Results\2023\20230518 clumped Oman KDB NTA,20230518 clumped Oman KDB NTA,Data_19676 SB1_98_A.txt,SB1_98_A,C:\Nu Stable\Analyses\DI\CO2 20-6-20 clumped NuCarb.rdf,Clumped CO2 Iterative,2023/05/18 16:46:38,2023/05/19 16:22:05,482,18,8.7291e-08,1.811015E-10,CF,15.198,5.962e-02,0,5.6999e-02,15616, InitialisePrepSampleRun; CheckIfCFRequired; UseCF; SampleTrapped; BalanceRefToSamValue; DepletingBalance; SampleReady;,3.6021e-08,1.0689e-07,8.3766e-08,5.6265e-08,5.6208e-08,5.6165e-08,0.96,2023/05/19 16:21:19,0.08,6568,8446,5.9621e-02,46.049,20,0.000,-1.0510e-13,-5.4984e-14,-5.7707e-14,-3.3671e-15,1.0282e-13,3.6907e-12,34.00,33.00,64.47,2.48825e-08,2.32131e-08,1.20345e-02,4.2737e-03,5.0117e-05,4.8008e-06,5.8543e-08,1.1955e-02,4.1986e-03,4.8932e-05,4.6348e-06,5.5763e-08,6.6318,17.8795,24.2350,35.8041,50.2394,3.5509,0.0012,0,60,11.8784,0.0041,0,60,-0.3063,-0.2649,7.1552,
C:\Nu Stable\Results\2023\20230518 clumped Oman KDB NTA,20230518 clumped Oman KDB NTA,Data_19677 ETH-3.txt,ETH-3,C:\Nu Stable\Analyses\DI\CO2 20-6-20 clumped NuCarb.rdf,Clumped CO2 Iterative,2023/05/18 16:46:38,2023/05/19 17:44:26,471,19,1.4640e-07,3.108359E-10,CF,24.261,5.700e-02,1,5.8296e-02,15648, InitialisePrepSampleRun; CheckIfCFRequired; UseCF; SampleTrapped; Chop_CF_SamSub; SampleTrapped; BalanceRefToSamValue; DepletingBalance; SampleReady;,3.5191e-08,1.0646e-07,5.6135e-08,5.6473e-08,5.6414e-08,5.6302e-08,0.96,2023/05/19 17:43:40,0.20,6422,8448,5.6999e-02,46.049,20,0.000,-1.0503e-13,-5.5019e-14,-5.7659e-14,-3.9429e-15,1.0112e-13,3.6120e-12,24.00,25.00,64.47,3.31182e-08,3.20755e-08,1.20089e-02,4.2487e-03,4.9701e-05,4.7456e-06,5.4336e-08,1.1956e-02,4.1989e-03,4.8918e-05,4.6355e-06,5.2588e-08,4.4118,11.8461,16.0099,23.7315,34.5522,1.3959,0.0010,0,60,5.8791,0.0020,0,60,-0.2434,-0.0986,6.1403,
C:\Nu Stable\Results\2023\20230518 clumped Oman KDB NTA,20230518 clumped Oman KDB NTA,Data_19678 IAEA-C2.txt,IAEA-C2,C:\Nu Stable\Analyses\DI\CO2 20-6-20 clumped NuCarb.rdf,Clumped CO2 Iterative,2023/05/18 16:46:38,2023/05/19 19:06:54,458,20,1.3654e-07,2.981294E-10,CF,22.735,5.962e-02,1,5.6999e-02,15616, InitialisePrepSampleRun; CheckIfCFRequired; UseCF; SampleTrapped; Chop_CF_SamSub; SampleTrapped; BalanceRefToSamValue; DepletingBalance; SampleReady;,3.4515e-08,1.0669e-07,5.1828e-08,5.2245e-08,5.2216e-08,5.2085e-08,0.96,2023/05/19 19:06:09,0.25,6630,8447,5.9621e-02,46.049,20,0.000,-1.0491e-13,-5.4955e-14,-5.7649e-14,-3.8964e-15,1.0082e-13,3.5772e-12,24.00,24.00,64.47,3.09855e-08,2.99663e-08,1.18975e-02,4.2173e-03,4.8871e-05,4.6736e-06,4.7017e-08,1.1956e-02,4.1989e-03,4.8920e-05,4.6334e-06,4.6907e-08,-4.8904,4.3844,-0.9956,8.6778,3.1621,-8.2463,0.0010,0,60,-1.5261,0.0018,0,60,-0.2496,-0.1093,-0.2366,
C:\Nu Stable\Results\2023\20230518 clumped Oman KDB NTA,20230518 clumped Oman KDB NTA,Data_19679 SB1_98_A.txt,SB1_98_A,C:\Nu Stable\Analyses\DI\CO2 20-6-20 clumped NuCarb.rdf,Clumped CO2 Iterative,2023/05/18 16:46:38,2023/05/19 20:36:54,482,21,1.5282e-07,3.170472E-10,CF,24.811,5.830e-02,1,5.6999e-02,15584, InitialisePrepSampleRun; CheckIfCFRequired; UseCF; SampleTrapped; Chop_CF_SamSub; SampleTrapped; BalanceRefToSamValue; DepletingBalance; SampleReady;,4.2301e-08,1.0685e-07,5.9105e-08,5.9539e-08,5.9505e-08,5.9361e-08,0.96,2023/05/19 20:36:09,0.24,6921,8448,5.8296e-02,46.054,20,0.000,-1.0503e-13,-5.4989e-14,-5.7727e-14,-3.3116e-15,1.0259e-13,3.7283e-12,25.00,25.00,64.47,3.46344e-08,3.35528e-08,1.20355e-02,4.2749e-03,5.0115e-05,4.8020e-06,5.5061e-08,1.1956e-02,4.1990e-03,4.8920e-05,4.6339e-06,5.2704e-08,6.6132,18.0657,24.4204,36.2764,45.3800,3.5247,0.0010,0,60,12.0638,0.0028,0,60,-0.2862,-0.1749,2.1536,
C:\Nu Stable\Results\2023\20230518 clumped Oman KDB NTA,20230518 clumped Oman KDB NTA,Data_19680 WS4_44_2A.txt,WS4_44_2A,C:\Nu Stable\Analyses\DI\CO2 20-6-20 clumped NuCarb.rdf,Clumped CO2 Iterative,2023/05/18 16:46:38,2023/05/19 21:59:24,476,22,1.2021e-07,2.525486E-10,CF,19.928,5.962e-02,1,5.6999e-02,15616, InitialisePrepSampleRun; CheckIfCFRequired; UseCF; SampleTrapped; Chop_CF_SamSub; SampleTrapped; BalanceRefToSamValue; DepletingBalance; SampleReady;,4.1489e-08,1.0637e-07,4.4843e-08,4.4971e-08,4.4937e-08,4.4840e-08,0.96,2023/05/19 21:58:38,0.22,8011,8447,5.9621e-02,46.049,20,0.000,-1.0494e-13,-5.4940e-14,-5.7681e-14,-3.9393e-15,1.0126e-13,3.5763e-12,23.00,24.00,64.47,2.72437e-08,2.64074e-08,1.20374e-02,4.2719e-03,5.0096e-05,4.7948e-06,5.3558e-08,1.1956e-02,4.1989e-03,4.8922e-05,4.6332e-06,5.0887e-08,6.8361,17.3818,23.9937,34.8708,52.4406,3.7854,0.0013,0,60,11.3827,0.0022,0,60,-0.2697,-0.1882,10.0188,
C:\Nu Stable\Results\2023\20230518 clumped Oman KDB NTA,20230518 clumped Oman KDB NTA,Data_19681 WAS4_54_4_A.txt,WAS4_54_4_A,C:\Nu Stable\Analyses\DI\CO2 20-6-20 clumped NuCarb.rdf,Clumped CO2 Iterative,2023/05/18 16:46:38,2023/05/19 23:21:35,402,23,1.1953e-07,2.973447E-10,CF,19.958,6.098e-02,1,5.8296e-02,15648, InitialisePrepSampleRun; CheckIfCFRequired; UseCF; SampleTrapped; Chop_CF_SamSub; SampleTrapped; BalanceRefToSamValue; DepletingBalance; SampleReady;,4.0656e-08,1.0675e-07,4.4452e-08,4.4589e-08,4.4577e-08,4.4498e-08,0.96,2023/05/19 23:20:49,0.18,7964,8446,6.0977e-02,46.054,20,0.000,-1.0496e-13,-5.5002e-14,-5.7678e-14,-4.1717e-15,1.0110e-13,3.5647e-12,23.00,23.00,64.47,2.70848e-08,2.62406e-08,1.20247e-02,4.2659e-03,4.9972e-05,4.7821e-06,4.9950e-08,1.1956e-02,4.1990e-03,4.8925e-05,4.6336e-06,4.7911e-08,5.7616,15.9433,21.3893,32.0346,44.5282,2.6913,0.0011,0,60,9.9536,0.0021,0,60,-0.3236,-0.1028,6.3608,
C:\Nu Stable\Results\2023\20230518 clumped Oman KDB NTA,20230518 clumped Oman KDB NTA,Data_19682 ETH-4.txt,ETH-4,C:\Nu Stable\Analyses\DI\CO2 20-6-20 clumped NuCarb.rdf,Clumped CO2 Iterative,2023/05/18 16:46:38,2023/05/20 00:43:29,458,24,1.4192e-07,3.098798E-10,CF,23.376,6.098e-02,1,5.9621e-02,15648, InitialisePrepSampleRun; CheckIfCFRequired; UseCF; SampleTrapped; Chop_CF_SamSub; SampleTrapped; BalanceRefToSamValue; DepletingBalance; SampleReady;,4.0083e-08,1.0701e-07,5.4142e-08,5.4590e-08,5.4559e-08,5.4429e-08,0.96,2023/05/20 00:42:43,0.24,7054,8446,6.0977e-02,46.049,20,0.000,-1.0495e-13,-5.5092e-14,-5.7710e-14,-3.6353e-15,1.0166e-13,3.5790e-12,24.00,25.00,64.47,3.20880e-08,3.11027e-08,1.18681e-02,4.1757e-03,4.8265e-05,4.5844e-06,4.6490e-08,1.1956e-02,4.1987e-03,4.8917e-05,4.6349e-06,4.7176e-08,-7.3377,-5.4890,-13.3348,-10.8978,-13.8303,-10.5085,0.0011,0,60,-11.3464,0.0018,0,60,-0.4175,0.0506,4.7431,
C:\Nu Stable\Results\2023\20230518 clumped Oman KDB NTA,20230518 clumped Oman KDB NTA,Data_19683 ETH-2.txt,ETH-2,C:\Nu Stable\Analyses\DI\CO2 20-6-20 clumped NuCarb.rdf,Clumped CO2 Iterative,2023/05/18 16:46:38,2023/05/20 02:05:41,486,25,1.4831e-07,3.051565E-10,CF,24.444,6.098e-02,1,5.8296e-02,15616, InitialisePrepSampleRun; CheckIfCFRequired; UseCF; SampleTrapped; Chop_CF_SamSub; SampleTrapped; BalanceRefToSamValue; DepletingBalance; SampleReady;,3.9290e-08,1.0638e-07,5.6869e-08,5.7335e-08,5.7297e-08,5.7176e-08,0.96,2023/05/20 02:04:56,0.21,6774,8446,6.0977e-02,46.049,20,0.000,-1.0508e-13,-5.4971e-14,-5.7704e-14,-3.7998e-15,1.0139e-13,3.6648e-12,25.00,25.00,64.47,3.35200e-08,3.24410e-08,1.18706e-02,4.1766e-03,4.8270e-05,4.5818e-06,4.9662e-08,1.1956e-02,4.1989e-03,4.8916e-05,4.6314e-06,5.0504e-08,-7.1661,-5.2995,-13.2107,-10.7070,-15.0115,-10.3324,0.0008,0,60,-11.1582,0.0012,0,60,-0.6572,-0.1375,2.9795,
C:\Nu Stable\Results\2023\20230518 clumped Oman KDB NTA,20230518 clumped Oman KDB NTA,Data_19684 WS4_54_4_A.txt,WS4_54_4_A,C:\Nu Stable\Analyses\DI\CO2 20-6-20 clumped NuCarb.rdf,Clumped CO2 Iterative,2023/05/18 16:46:38,2023/05/20 03:27:45,453,26,1.4618e-07,3.226906E-10,CF,24.200,6.098e-02,1,5.8296e-02,15680, InitialisePrepSampleRun; CheckIfCFRequired; UseCF; SampleTrapped; Chop_CF_SamSub; SampleTrapped; BalanceRefToSamValue; DepletingBalance; SampleReady;,3.8510e-08,1.0637e-07,5.5955e-08,5.6421e-08,5.6382e-08,5.6265e-08,0.96,2023/05/20 03:26:59,0.21,6766,8446,6.0977e-02,46.049,20,0.000,-1.0505e-13,-5.5034e-14,-5.7685e-14,-3.6442e-15,1.0216e-13,3.6594e-12,24.00,25.00,64.12,3.30364e-08,3.19833e-08,1.20250e-02,4.2662e-03,4.9965e-05,4.7833e-06,5.1559e-08,1.1956e-02,4.1990e-03,4.8916e-05,4.6345e-06,4.9320e-08,5.7580,16.0000,21.4616,32.0899,46.4865,2.6856,0.0011,0,60,10.0100,0.0022,0,60,-0.3041,-0.1610,8.1412,
C:\Nu Stable\Results\2023\20230518 clumped Oman KDB NTA,20230518 clumped Oman KDB NTA,Data_19685 KDW_119_1A_A.txt,KDW_119_1A_A,C:\Nu Stable\Analyses\DI\CO2 20-6-20 clumped NuCarb.rdf,Clumped CO2 Iterative,2023/05/18 16:46:38,2023/05/20 04:48:23,452,27,1.0162e-07,2.248246E-10,CF,17.029,6.236e-02,0,5.8296e-02,15648, InitialisePrepSampleRun; CheckIfCFRequired; UseCF; SampleTrapped; BalanceRefToSamValue; DepletingBalance; SampleReady;,3.7683e-08,1.0646e-07,9.7527e-08,9.9659e-08,9.9533e-08,9.8747e-08,0.96,2023/05/20 04:47:37,0.80,4883,8448,6.2364e-02,46.054,20,0.000,-1.0506e-13,-5.4988e-14,-5.7670e-14,-2.4873e-15,1.0498e-13,3.8677e-12,37.00,37.00,63.71,3.93637e-08,3.72662e-08,1.20014e-02,4.2449e-03,4.9622e-05,4.7338e-06,5.1849e-08,1.1956e-02,4.1983e-03,4.8907e-05,4.6309e-06,5.0214e-08,3.8137,11.1116,14.6073,22.1993,32.3328,0.7848,0.0015,0,60,5.1495,0.0046,0,60,-0.2965,-0.1441,6.0531,
C:\Nu Stable\Results\2023\20230518 clumped Oman KDB NTA,20230518 clumped Oman KDB NTA,Data_19686 SB1_98_A.txt,SB1_98_A,C:\Nu Stable\Analyses\DI\CO2 20-6-20 clumped NuCarb.rdf,Clumped CO2 Iterative,2023/05/18 16:46:38,2023/05/20 06:11:17,505,28,1.3483e-07,2.669959E-10,CF,22.583,6.098e-02,1,5.8296e-02,15648, InitialisePrepSampleRun; CheckIfCFRequired; UseCF; SampleTrapped; Chop_CF_SamSub; SampleTrapped; BalanceRefToSamValue; DepletingBalance; SampleReady;,3.6889e-08,1.0634e-07,5.0915e-08,5.1450e-08,5.1396e-08,5.1294e-08,0.96,2023/05/20 06:10:31,0.20,6958,8448,6.0977e-02,46.049,20,0.000,-1.0502e-13,-5.5029e-14,-5.7714e-14,-3.9429e-15,1.0148e-13,3.6264e-12,24.00,24.00,63.71,3.05282e-08,2.95548e-08,1.20353e-02,4.2747e-03,5.0114e-05,4.8025e-06,5.2538e-08,1.1956e-02,4.1990e-03,4.8921e-05,4.6345e-06,5.0499e-08,6.6240,18.0249,24.3859,36.2548,41.2344,3.5375,0.0010,0,60,12.0232,0.0023,0,60,-0.2915,-0.1157,-1.7531,
C:\Nu Stable\Results\2023\20230518 clumped Oman KDB NTA,20230518 clumped Oman KDB NTA,Data_19687 ETH-4.txt,ETH-4,C:\Nu Stable\Analyses\DI\CO2 20-6-20 clumped NuCarb.rdf,Clumped CO2 Iterative,2023/05/18 16:46:38,2023/05/20 07:33:26,458,29,1.4535e-07,3.173525E-10,CF,23.895,6.236e-02,1,5.9621e-02,15680, InitialisePrepSampleRun; CheckIfCFRequired; UseCF; SampleTrapped; Chop_CF_SamSub; SampleTrapped; BalanceRefToSamValue; DepletingBalance; SampleReady;,3.6182e-08,1.0686e-07,5.5564e-08,5.5957e-08,5.5913e-08,5.5799e-08,0.96,2023/05/20 07:32:40,0.20,6559,8447,6.2364e-02,46.054,20,0.000,-1.0499e-13,-5.4955e-14,-5.7671e-14,-3.8302e-15,1.0157e-13,3.6299e-12,24.00,25.00,63.71,3.28032e-08,3.17881e-08,1.18688e-02,4.1761e-03,4.8268e-05,4.5811e-06,4.7039e-08,1.1956e-02,4.1990e-03,4.8918e-05,4.6322e-06,4.7966e-08,-7.3339,-5.4621,-13.2979,-11.0325,-19.3698,-10.5053,0.0011,0,60,-11.3196,0.0012,0,60,-0.4107,-0.1397,-0.9576,
C:\Nu Stable\Results\2023\20230518 clumped Oman KDB NTA,20230518 clumped Oman KDB NTA,Data_19688 IAEA-C2.txt,IAEA-C2,C:\Nu Stable\Analyses\DI\CO2 20-6-20 clumped NuCarb.rdf,Clumped CO2 Iterative,2023/05/18 16:46:38,2023/05/20 08:55:31,427,30,1.2700e-07,2.974148E-10,CF,21.240,6.236e-02,1,5.9621e-02,15648, InitialisePrepSampleRun; CheckIfCFRequired; UseCF; SampleTrapped; Chop_CF_SamSub; SampleTrapped; BalanceRefToSamValue; DepletingBalance; SampleReady;,3.5481e-08,1.0633e-07,4.7624e-08,4.7996e-08,4.7958e-08,4.7869e-08,0.96,2023/05/20 08:54:46,0.19,7069,8446,6.2364e-02,46.054,20,0.000,-1.0501e-13,-5.4995e-14,-5.7744e-14,-4.1717e-15,1.0098e-13,3.5656e-12,23.00,24.00,63.71,2.87490e-08,2.78982e-08,1.18976e-02,4.2174e-03,4.8877e-05,4.6740e-06,5.1878e-08,1.1956e-02,4.1990e-03,4.8927e-05,4.6338e-06,5.1055e-08,-4.9012,4.3918,-1.0076,8.6813,15.0758,-8.2581,0.0009,0,60,-1.5187,0.0016,0,60,-0.2577,-0.1207,11.6340,
C:\Nu Stable\Results\2023\20230518 clumped Oman KDB NTA,20230518 clumped Oman KDB NTA,Data_19689 WS4_44_2A.txt,WS4_44_2A,C:\Nu Stable\Analyses\DI\CO2 20-6-20 clumped NuCarb.rdf,Clumped CO2 Iterative,2023/05/18 16:46:38,2023/05/20 10:26:02,511,31,1.7132e-07,3.352616E-10,CF,27.618,6.098e-02,1,5.9621e-02,15680, InitialisePrepSampleRun; CheckIfCFRequired; UseCF; SampleTrapped; Chop_CF_SamSub; SampleTrapped; BalanceRefToSamValue; DepletingBalance; SampleReady;,4.1920e-08,1.0674e-07,6.7431e-08,6.7743e-08,6.7699e-08,6.7534e-08,0.96,2023/05/20 10:25:16,0.24,6409,8444,6.0977e-02,46.054,20,0.000,-1.0491e-13,-5.4988e-14,-5.7629e-14,-2.7984e-15,1.0273e-13,3.6192e-12,25.00,26.00,63.71,3.86969e-08,3.75251e-08,1.20385e-02,4.2722e-03,5.0084e-05,4.7945e-06,4.9013e-08,1.1957e-02,4.1990e-03,4.8911e-05,4.6326e-06,4.6961e-08,6.8432,17.4286,23.9620,34.9332,44.2200,3.7913,0.0066,0,60,11.4293,0.0153,0,60,-0.3532,-0.2201,2.0304,
C:\Nu Stable\Results\2023\20230518 clumped Oman KDB NTA,20230518 clumped Oman KDB NTA,Data_19690 SB1_69_A.txt,SB1_69_A,C:\Nu Stable\Analyses\DI\CO2 20-6-20 clumped NuCarb.rdf,Clumped CO2 Iterative,2023/05/18 16:46:38,2023/05/20 11:47:54,453,32,1.4732e-07,3.251996E-10,CF,24.414,6.236e-02,1,6.0977e-02,15680, InitialisePrepSampleRun; CheckIfCFRequired; UseCF; SampleTrapped; Chop_CF_SamSub; SampleTrapped; BalanceRefToSamValue; DepletingBalance; SampleReady;,4.1019e-08,1.0702e-07,5.6489e-08,5.7033e-08,5.6990e-08,5.6855e-08,0.96,2023/05/20 11:47:07,0.24,6983,8448,6.2364e-02,46.054,20,0.000,-1.0493e-13,-5.5030e-14,-5.7714e-14,-3.1811e-15,1.0257e-13,3.7569e-12,24.00,25.00,63.71,3.32867e-08,3.22765e-08,1.20509e-02,4.2854e-03,5.0303e-05,4.8269e-06,5.0163e-08,1.1957e-02,4.1991e-03,4.8923e-05,4.6353e-06,4.7559e-08,7.8867,20.5431,28.2048,41.3355,55.8068,4.7950,0.0009,0,60,14.5264,0.0024,0,60,-0.2936,-0.1658,5.9686,
C:\Nu Stable\Results\2023\20230518 clumped Oman KDB NTA,20230518 clumped Oman KDB NTA,Data_19691 WS4_30_0_A.txt,WS4_30_0_A,C:\Nu Stable\Analyses\DI\CO2 20-6-20 clumped NuCarb.rdf,Clumped CO2 Iterative,2023/05/18 16:46:38,2023/05/20 13:09:37,509,33,1.5506e-07,3.046317E-10,CF,25.940,6.378e-02,1,6.0977e-02,15680, InitialisePrepSampleRun; CheckIfCFRequired; UseCF; SampleTrapped; Chop_CF_SamSub; SampleTrapped; BalanceRefToSamValue; DepletingBalance; SampleReady;,4.0227e-08,1.0680e-07,6.0213e-08,6.0602e-08,6.0569e-08,6.0443e-08,0.96,2023/05/20 13:08:51,0.21,6664,8449,6.3782e-02,46.049,20,0.000,-1.0505e-13,-5.4919e-14,-5.7684e-14,-3.2133e-15,1.0210e-13,3.6880e-12,25.00,25.00,63.71,3.50972e-08,3.40836e-08,1.20335e-02,4.2682e-03,5.0024e-05,4.7843e-06,5.4879e-08,1.1956e-02,4.1990e-03,4.8916e-05,4.6315e-06,5.2733e-08,6.4475,16.4820,22.6626,32.9976,40.7803,3.4028,0.0013,0,60,10.4881,0.0020,0,60,-0.3019,-0.2303,0.9794,
C:\Nu Stable\Results\2023\20230518 clumped Oman KDB NTA,20230518 clumped Oman KDB NTA,Data_19692 ETH-4.txt,ETH-4,C:\Nu Stable\Analyses\DI\CO2 20-6-20 clumped NuCarb.rdf,Clumped CO2 Iterative,2023/05/18 16:46:38,2023/05/20 14:31:52,476,34,1.4684e-07,3.084782E-10,CF,23.987,6.378e-02,1,6.0977e-02,15712, InitialisePrepSampleRun; CheckIfCFRequired; UseCF; SampleTrapped; Chop_CF_SamSub; SampleTrapped; BalanceRefToSamValue; DepletingBalance; SampleReady;,3.9414e-08,1.0643e-07,5.6357e-08,5.6824e-08,5.6773e-08,5.6667e-08,0.96,2023/05/20 14:31:06,0.19,6830,8449,6.3782e-02,46.049,20,0.000,-1.0500e-13,-5.4922e-14,-5.7585e-14,-3.5566e-15,1.0301e-13,3.6639e-12,24.00,25.00,63.71,3.31914e-08,3.21606e-08,1.18686e-02,4.1760e-03,4.8263e-05,4.5800e-06,4.8649e-08,1.1956e-02,4.1989e-03,4.8914e-05,4.6314e-06,4.9488e-08,-7.3388,-5.4650,-13.3142,-11.0930,-16.5853,-10.5104,0.0010,0,60,-11.3225,0.0013,0,60,-0.4192,-0.1950,1.8902,
C:\Nu Stable\Results\2023\20230518 clumped Oman KDB NTA,20230518 clumped Oman KDB NTA,Data_19693 ETH-3.txt,ETH-3,C:\Nu Stable\Analyses\DI\CO2 20-6-20 clumped NuCarb.rdf,Clumped CO2 Iterative,2023/05/18 16:46:38,2023/05/20 15:55:03,416,35,1.2122e-07,2.913974E-10,CF,20.355,6.378e-02,1,6.0977e-02,15712, InitialisePrepSampleRun; CheckIfCFRequired; UseCF; SampleTrapped; Chop_CF_SamSub; SampleTrapped; BalanceRefToSamValue; DepletingBalance; SampleReady;,3.8581e-08,1.0669e-07,4.5070e-08,4.4692e-08,4.4666e-08,4.4569e-08,0.96,2023/05/20 15:54:17,0.22,7720,8449,6.3782e-02,46.049,20,0.000,-1.0509e-13,-5.4966e-14,-5.7714e-14,-4.1020e-15,1.0053e-13,3.5682e-12,23.00,24.00,63.71,2.70686e-08,2.62112e-08,1.20086e-02,4.2487e-03,4.9705e-05,4.7425e-06,5.4684e-08,1.1956e-02,4.1991e-03,4.8924e-05,4.6331e-06,5.2888e-08,4.3987,11.8280,15.9638,23.6213,35.3347,1.3826,0.0011,0,60,5.8612,0.0022,0,60,-0.2577,-0.1705,6.9505,
C:\Nu Stable\Results\2023\20230518 clumped Oman KDB NTA,20230518 clumped Oman KDB NTA,Data_19694 WS4_30_0_A.txt,WS4_30_0_A,C:\Nu Stable\Analyses\DI\CO2 20-6-20 clumped NuCarb.rdf,Clumped CO2 Iterative,2023/05/18 16:46:38,2023/05/20 17:17:32,408,36,1.1699e-07,2.867465E-10,CF,19.684,6.378e-02,1,6.0977e-02,15744, InitialisePrepSampleRun; CheckIfCFRequired; UseCF; SampleTrapped; Chop_CF_SamSub; SampleTrapped; BalanceRefToSamValue; DepletingBalance; SampleReady;,3.7921e-08,1.0645e-07,4.3247e-08,4.3352e-08,4.3330e-08,4.3227e-08,0.96,2023/05/20 17:16:47,0.24,7770,8449,6.3782e-02,46.049,20,0.000,-1.0502e-13,-5.5017e-14,-5.7748e-14,-4.0787e-15,1.0089e-13,3.5584e-12,23.00,23.00,63.71,2.63777e-08,2.55877e-08,1.20324e-02,4.2678e-03,5.0029e-05,4.7886e-06,5.1090e-08,1.1956e-02,4.1991e-03,4.8928e-05,4.6360e-06,4.9244e-08,6.4001,16.3689,22.5072,32.9259,38.2511,3.3562,0.0011,0,60,10.3757,0.0024,0,60,-0.2958,-0.0772,-1.1848,
C:\Nu Stable\Results\2023\20230518 clumped Oman KDB NTA,20230518 clumped Oman KDB NTA,Data_19695 WS4_44_2_A.txt,WS4_44_2_A,C:\Nu Stable\Analyses\DI\CO2 20-6-20 clumped NuCarb.rdf,Clumped CO2 Iterative,2023/05/18 16:46:38,2023/05/20 18:39:47,418,37,1.2834e-07,3.070217E-10,CF,21.393,6.523e-02,1,6.2364e-02,15744, InitialisePrepSampleRun; CheckIfCFRequired; UseCF; SampleTrapped; Chop_CF_SamSub; SampleTrapped; BalanceRefToSamValue; DepletingBalance; SampleReady;,3.7227e-08,1.0685e-07,4.8151e-08,4.8346e-08,4.8301e-08,4.8201e-08,0.96,2023/05/20 18:39:02,0.21,7240,8448,6.5232e-02,46.049,20,0.000,-1.0501e-13,-5.5021e-14,-5.7692e-14,-4.1449e-15,1.0133e-13,3.6094e-12,24.00,24.00,63.71,2.89280e-08,2.80777e-08,1.20380e-02,4.2723e-03,5.0098e-05,4.7976e-06,5.0834e-08,1.1956e-02,4.1991e-03,4.8924e-05,4.6355e-06,4.8588e-08,6.8478,17.4170,23.9788,34.9697,47.2721,3.7966,0.0009,0,60,11.4178,0.0018,0,60,-0.3303,-0.1619,4.9783,
C:\Nu Stable\Results\2023\20230518 clumped Oman KDB NTA,20230518 clumped Oman KDB NTA,Data_19696 SB1_98_A.txt,SB1_98_A,C:\Nu Stable\Analyses\DI\CO2 20-6-20 clumped NuCarb.rdf,Clumped CO2 Iterative,2023/05/18 16:46:38,2023/05/20 20:01:37,451,38,1.4420e-07,3.197233E-10,CF,24.200,6.523e-02,1,6.3782e-02,15776, InitialisePrepSampleRun; CheckIfCFRequired; UseCF; SampleTrapped; Chop_CF_SamSub; SampleTrapped; BalanceRefToSamValue; DepletingBalance; SampleReady;,3.6548e-08,1.0698e-07,5.5065e-08,5.5512e-08,5.5480e-08,5.5357e-08,0.96,2023/05/20 20:00:52,0.22,6628,8448,6.5232e-02,46.054,20,0.000,-1.0489e-13,-5.4970e-14,-5.7681e-14,-3.6049e-15,1.0185e-13,3.6120e-12,24.00,25.00,63.71,3.25346e-08,3.16018e-08,1.20358e-02,4.2749e-03,5.0115e-05,4.8013e-06,4.8075e-08,1.1957e-02,4.1992e-03,4.8925e-05,4.6332e-06,4.5890e-08,6.6143,18.0223,24.3302,36.2706,48.2444,3.5274,0.0010,0,60,12.0206,0.0024,0,60,-0.3335,-0.0954,4.9830,
C:\Nu Stable\Results\2023\20230518 clumped Oman KDB NTA,20230518 clumped Oman KDB NTA,Data_19697 IAEA-C2.txt,IAEA-C2,C:\Nu Stable\Analyses\DI\CO2 20-6-20 clumped NuCarb.rdf,Clumped CO2 Iterative,2023/05/18 16:46:38,2023/05/20 21:24:43,408,39,1.1992e-07,2.939133E-10,CF,20.416,6.672e-02,1,6.3782e-02,15776, InitialisePrepSampleRun; CheckIfCFRequired; UseCF; SampleTrapped; Chop_CF_SamSub; SampleTrapped; BalanceRefToSamValue; DepletingBalance; SampleReady;,3.5824e-08,1.0662e-07,4.4507e-08,4.4504e-08,4.4475e-08,4.4392e-08,0.96,2023/05/20 21:23:57,0.19,7417,8447,6.6716e-02,46.054,20,0.000,-1.0504e-13,-5.4967e-14,-5.7633e-14,-4.1699e-15,1.0141e-13,3.5405e-12,23.00,24.00,63.71,2.69502e-08,2.61143e-08,1.18979e-02,4.2177e-03,4.8881e-05,4.6749e-06,5.2353e-08,1.1956e-02,4.1992e-03,4.8929e-05,4.6341e-06,5.1544e-08,-4.8909,4.3998,-0.9751,8.8047,15.4018,-8.2474,0.0011,0,60,-1.5107,0.0014,0,60,-0.2437,-0.0143,11.9317,
C:\Nu Stable\Results\2023\20230518 clumped Oman KDB NTA,20230518 clumped Oman KDB NTA,Data_19698 ETH-1.txt,ETH-1,C:\Nu Stable\Analyses\DI\CO2 20-6-20 clumped NuCarb.rdf,Clumped CO2 Iterative,2023/05/18 16:46:38,2023/05/20 22:46:51,509,40,1.7201e-07,3.379308E-10,CF,28.473,6.823e-02,1,6.6716e-02,15808, InitialisePrepSampleRun; CheckIfCFRequired; UseCF; SampleTrapped; Chop_CF_SamSub; SampleTrapped; BalanceRefToSamValue; DepletingBalance; SampleReady;,3.5116e-08,1.0655e-07,6.7817e-08,6.7984e-08,6.7928e-08,6.7773e-08,0.96,2023/05/20 22:46:06,0.23,5785,8446,6.8233e-02,46.054,20,0.000,-1.0510e-13,-5.4912e-14,-5.7753e-14,-2.9022e-15,1.0237e-13,3.6880e-12,25.00,26.00,63.71,3.87193e-08,3.75852e-08,1.20132e-02,4.2468e-03,4.9672e-05,4.7352e-06,5.4561e-08,1.1957e-02,4.1992e-03,4.8921e-05,4.6312e-06,5.3131e-08,4.6848,11.3424,15.3537,22.4304,27.2993,1.7038,0.0010,0,60,5.3773,0.0022,0,60,-0.6793,-0.3744,-0.2234,
C:\Nu Stable\Results\2023\20230518 clumped Oman KDB NTA,20230518 clumped Oman KDB NTA,Data_19699 WS4_30_0_A.txt,WS4_30_0_A,C:\Nu Stable\Analyses\DI\CO2 20-6-20 clumped NuCarb.rdf,Clumped CO2 Iterative,2023/05/18 16:46:38,2023/05/21 00:17:28,454,41,1.3566e-07,2.988096E-10,CF,22.827,6.672e-02,1,6.3782e-02,15808, InitialisePrepSampleRun; CheckIfCFRequired; UseCF; SampleTrapped; Chop_CF_SamSub; SampleTrapped; BalanceRefToSamValue; DepletingBalance; SampleReady;,4.2693e-08,1.0670e-07,5.1354e-08,5.1087e-08,5.1064e-08,5.0933e-08,0.96,2023/05/21 00:16:42,0.26,7583,8446,6.6716e-02,46.054,20,0.000,-1.0520e-13,-5.4937e-14,-5.7688e-14,-3.7086e-15,1.0208e-13,3.6165e-12,24.00,24.00,63.71,3.02743e-08,2.94097e-08,1.20334e-02,4.2683e-03,5.0032e-05,4.7850e-06,5.8611e-08,1.1957e-02,4.1993e-03,4.8927e-05,4.6323e-06,5.5606e-08,6.4170,16.4226,22.5866,32.9683,53.6998,3.3724,0.0011,0,60,10.4291,0.0023,0,60,-0.2874,-0.1418,13.5541,
C:\Nu Stable\Results\2023\20230518 clumped Oman KDB NTA,20230518 clumped Oman KDB NTA,Data_19700 WS2_9_2_A.txt,WS2_9_2_A,C:\Nu Stable\Analyses\DI\CO2 20-6-20 clumped NuCarb.rdf,Clumped CO2 Iterative,2023/05/18 16:46:38,2023/05/21 01:39:27,474,42,1.6066e-07,3.389413E-10,CF,26.581,6.823e-02,1,6.6716e-02,15808, InitialisePrepSampleRun; CheckIfCFRequired; UseCF; SampleTrapped; Chop_CF_SamSub; SampleTrapped; BalanceRefToSamValue; DepletingBalance; SampleReady;,4.1862e-08,1.0652e-07,6.2488e-08,6.2882e-08,6.2830e-08,6.2711e-08,0.96,2023/05/21 01:38:42,0.19,6681,8446,6.8233e-02,46.049,20,0.000,-1.0493e-13,-5.4957e-14,-5.7609e-14,-3.1865e-15,1.0339e-13,3.7202e-12,25.00,26.00,63.71,3.62259e-08,3.51598e-08,1.20185e-02,4.2548e-03,4.9799e-05,4.7558e-06,4.8813e-08,1.1957e-02,4.1992e-03,4.8915e-05,4.6324e-06,4.7414e-08,5.1620,13.2392,18.0818,26.6472,30.1126,2.1464,0.0010,0,60,7.2639,0.0023,0,60,-0.3296,-0.0063,-1.6780,
C:\Nu Stable\Results\2023\20230518 clumped Oman KDB NTA,20230518 clumped Oman KDB NTA,Data_19701 WS4_54_4_A.txt,WS4_54_4_A,C:\Nu Stable\Analyses\DI\CO2 20-6-20 clumped NuCarb.rdf,Clumped CO2 Iterative,2023/05/18 16:46:38,2023/05/21 03:03:02,412,43,1.1076e-07,2.688386E-10,CF,18.768,6.672e-02,1,6.6716e-02,15808, InitialisePrepSampleRun; CheckIfCFRequired; UseCF; SampleTrapped; Chop_CF_SamSub; SampleTrapped; BalanceRefToSamValue; DepletingBalance; SampleReady;,4.1035e-08,1.0702e-07,4.0649e-08,4.0952e-08,4.0289e-08,4.0689e-08,0.96,2023/05/21 03:02:05,-0.98,8391,8444,6.6716e-02,46.049,20,0.000,-1.0520e-13,-5.4950e-14,-5.7677e-14,-4.1574e-15,1.0080e-13,3.6103e-12,23.00,23.00,63.71,2.50225e-08,2.40129e-08,1.20249e-02,4.2663e-03,4.9978e-05,4.7822e-06,5.8897e-08,1.1956e-02,4.1992e-03,4.8930e-05,4.6327e-06,5.6679e-08,5.7603,15.9925,21.4360,32.2811,40.1734,2.6883,0.0011,0,60,10.0026,0.0018,0,60,-0.3242,0.0390,2.0711,
C:\Nu Stable\Results\2023\20230518 clumped Oman KDB NTA,20230518 clumped Oman KDB NTA,Data_19702 ETH-2.txt,ETH-2,C:\Nu Stable\Analyses\DI\CO2 20-6-20 clumped NuCarb.rdf,Clumped CO2 Iterative,2023/05/18 16:46:38,2023/05/21 04:25:04,507,44,1.5727e-07,3.102015E-10,CF,26.276,6.978e-02,1,6.0977e-02,15840, InitialisePrepSampleRun; CheckIfCFRequired; UseCF; SampleTrapped; Chop_CF_SamSub; SampleTrapped; BalanceRefToSamValue; DepletingBalance; SampleReady;,4.0309e-08,1.0685e-07,6.0946e-08,6.1352e-08,6.1297e-08,6.1168e-08,0.96,2023/05/21 04:24:18,0.21,6633,8449,6.9785e-02,46.049,20,0.000,-1.0507e-13,-5.5015e-14,-5.7658e-14,-3.3653e-15,1.0291e-13,3.6272e-12,25.00,25.00,63.71,3.53953e-08,3.43496e-08,1.18710e-02,4.1771e-03,4.8276e-05,4.5848e-06,4.7494e-08,1.1957e-02,4.1991e-03,4.8919e-05,4.6338e-06,4.8024e-08,-7.1653,-5.2284,-13.1423,-10.5875,-10.3921,-10.3340,0.0009,0,60,-11.0875,0.0014,0,60,-0.6591,-0.1597,7.5408,
C:\Nu Stable\Results\2023\20230518 clumped Oman KDB NTA,20230518 clumped Oman KDB NTA,Data_19703 ETH-3.txt,ETH-3,C:\Nu Stable\Analyses\DI\CO2 20-6-20 clumped NuCarb.rdf,Clumped CO2 Iterative,2023/05/18 16:46:38,2023/05/21 05:47:20,416,45,1.1390e-07,2.737952E-10,CF,18.890,6.823e-02,1,6.6716e-02,15808, InitialisePrepSampleRun; CheckIfCFRequired; UseCF; SampleTrapped; Chop_CF_SamSub; SampleTrapped; BalanceRefToSamValue; DepletingBalance; SampleReady;,3.9481e-08,1.0650e-07,4.1949e-08,4.2087e-08,4.2048e-08,4.1989e-08,0.96,2023/05/21 05:46:34,0.14,8088,8450,6.8233e-02,46.049,20,0.000,-1.0517e-13,-5.5019e-14,-5.7749e-14,-4.0841e-15,1.0080e-13,3.5682e-12,23.00,23.00,63.71,2.56888e-08,2.49299e-08,1.20088e-02,4.2489e-03,4.9716e-05,4.7456e-06,5.9458e-08,1.1956e-02,4.1992e-03,4.8935e-05,4.6364e-06,5.7588e-08,4.4002,11.8333,15.9600,23.5421,32.1233,1.3840,0.0012,0,60,5.8665,0.0020,0,60,-0.2681,-0.2584,3.8156,
C:\Nu Stable\Results\2023\20230518 clumped Oman KDB NTA,20230518 clumped Oman KDB NTA,Data_19704 WS2_9_2_A.txt,WS2_9_2_A,C:\Nu Stable\Analyses\DI\CO2 20-6-20 clumped NuCarb.rdf,Clumped CO2 Iterative,2023/05/18 16:46:38,2023/05/21 07:09:58,530,46,1.9427e-07,3.665506E-10,CF,31.555,6.978e-02,1,6.8233e-02,15840, InitialisePrepSampleRun; CheckIfCFRequired; UseCF; SampleTrapped; Chop_CF_SamSub; SampleTrapped; BalanceRefToSamValue; DepletingBalance; SampleReady;,3.8817e-08,1.0700e-07,7.7746e-08,7.7131e-08,7.7059e-08,7.6895e-08,0.96,2023/05/21 07:09:13,0.21,5704,8450,6.9785e-02,46.049,20,0.000,-1.0490e-13,-5.5020e-14,-5.7671e-14,-2.5749e-15,1.0475e-13,3.7354e-12,26.00,27.00,63.71,4.31428e-08,4.18925e-08,1.20185e-02,4.2545e-03,4.9794e-05,4.7549e-06,4.8201e-08,1.1957e-02,4.1989e-03,4.8909e-05,4.6328e-06,4.6751e-08,5.1628,13.2385,18.0805,26.3376,30.8603,2.1472,0.0012,0,60,7.2631,0.0025,0,60,-0.3311,-0.3064,-0.9528,
C:\Nu Stable\Results\2023\20230518 clumped Oman KDB NTA,20230518 clumped Oman KDB NTA,Data_19705 ETH-4.txt,ETH-4,C:\Nu Stable\Analyses\DI\CO2 20-6-20 clumped NuCarb.rdf,Clumped CO2 Iterative,2023/05/18 16:46:38,2023/05/21 08:32:22,490,47,1.5634e-07,3.190623E-10,CF,26.184,6.978e-02,1,6.5232e-02,15808, InitialisePrepSampleRun; CheckIfCFRequired; UseCF; SampleTrapped; Chop_CF_SamSub; SampleTrapped; BalanceRefToSamValue; DepletingBalance; SampleReady;,3.7852e-08,1.0644e-07,6.0482e-08,6.0863e-08,6.0809e-08,6.0662e-08,0.96,2023/05/21 08:31:37,0.24,6435,8448,6.9785e-02,46.049,20,0.000,-1.0495e-13,-5.4970e-14,-5.7685e-14,-3.0774e-15,1.0314e-13,3.7408e-12,25.00,25.00,63.71,3.51358e-08,3.41237e-08,1.18691e-02,4.1762e-03,4.8271e-05,4.5814e-06,4.5459e-08,1.1957e-02,4.1991e-03,4.8922e-05,4.6327e-06,4.6306e-08,-7.3365,-5.4499,-13.3057,-11.0869,-17.7847,-10.5085,0.0009,0,60,-11.3075,0.0013,0,60,-0.4280,-0.2192,0.6358,
C:\Nu Stable\Results\2023\20230518 clumped Oman KDB NTA,20230518 clumped Oman KDB NTA,Data_19706 IAEA-C1.txt,IAEA-C1,C:\Nu Stable\Analyses\DI\CO2 20-6-20 clumped NuCarb.rdf,Clumped CO2 Iterative,2023/05/18 16:46:38,2023/05/21 09:54:29,470,48,1.4274e-07,3.037107E-10,CF,24.506,6.823e-02,1,6.2364e-02,15840, InitialisePrepSampleRun; CheckIfCFRequired; UseCF; SampleTrapped; Chop_CF_SamSub; SampleTrapped; BalanceRefToSamValue; DepletingBalance; SampleReady;,3.7089e-08,1.0632e-07,5.4615e-08,5.5082e-08,5.5033e-08,5.4913e-08,0.96,2023/05/21 09:53:44,0.22,6723,8447,6.8233e-02,46.049,20,0.000,-1.0517e-13,-5.5001e-14,-5.7604e-14,-3.4779e-15,1.0312e-13,3.7649e-12,24.00,25.00,63.71,3.22454e-08,3.14110e-08,1.20173e-02,4.2464e-03,4.9693e-05,4.7379e-06,5.2425e-08,1.1957e-02,4.1992e-03,4.8921e-05,4.6343e-06,5.1057e-08,5.0693,11.2272,15.7685,22.3576,26.7269,2.1170,0.0011,0,60,5.2618,0.0019,0,60,-0.5530,-0.2178,-0.9631,
C:\Nu Stable\Results\2023\20230518 clumped Oman KDB NTA,20230518 clumped Oman KDB NTA,Data_19707 IAEA-C2.txt,IAEA-C2,C:\Nu Stable\Analyses\DI\CO2 20-6-20 clumped NuCarb.rdf,Clumped CO2 Iterative,2023/05/18 16:46:38,2023/05/21 11:58:26,456,49,1.3340e-07,2.925415E-10,CF,22.369,6.978e-02,1,6.6716e-02,15840, InitialisePrepSampleRun; CheckIfCFRequired; UseCF; SampleTrapped; Chop_CF_SamSub; SampleTrapped; BalanceRefToSamValue; DepletingBalance; SampleReady;,3.6244e-08,1.0644e-07,5.0228e-08,5.0207e-08,5.0169e-08,5.0070e-08,0.96,2023/05/21 11:57:40,0.20,6986,8447,6.9785e-02,46.049,20,0.000,-1.0498e-13,-5.5119e-14,-5.7650e-14,-4.7636e-15,1.0098e-13,3.5593e-12,24.00,24.00,63.71,2.98579e-08,2.90053e-08,1.18979e-02,4.2177e-03,4.8880e-05,4.6795e-06,4.7066e-08,1.1956e-02,4.1992e-03,4.8929e-05,4.6383e-06,4.6666e-08,-4.9001,4.3970,-0.9947,8.8785,8.5618,-8.2571,0.0009,0,60,-1.5135,0.0018,0,60,-0.2509,0.0645,5.1303,
C:\Nu Stable\Results\2023\20230518 clumped Oman KDB NTA,20230518 clumped Oman KDB NTA,Data_19708 ETH-1.txt,ETH-1,C:\Nu Stable\Analyses\DI\CO2 20-6-20 clumped NuCarb.rdf,Clumped CO2 Iterative,2023/05/18 16:46:38,2023/05/21 13:21:08,407,50,1.1664e-07,2.865864E-10,CF,19.836,6.823e-02,1,6.5232e-02,15840, InitialisePrepSampleRun; CheckIfCFRequired; UseCF; SampleTrapped; Chop_CF_SamSub; SampleTrapped; BalanceRefToSamValue; DepletingBalance; SampleReady;,3.5648e-08,1.0632e-07,4.3059e-08,4.2899e-08,4.2873e-08,4.2792e-08,0.96,2023/05/21 13:20:22,0.19,7543,8446,6.8233e-02,46.044,20,0.000,-1.0513e-13,-5.5012e-14,-5.7689e-14,-4.4417e-15,1.0083e-13,3.4261e-12,23.00,23.00,63.71,2.61026e-08,2.53080e-08,1.20118e-02,4.2467e-03,4.9681e-05,4.7394e-06,5.6533e-08,1.1956e-02,4.1991e-03,4.8930e-05,4.6350e-06,5.4867e-08,4.6777,11.3278,15.3506,22.5352,31.4844,1.6968,0.0012,0,60,5.3628,0.0023,0,60,-0.6608,-0.2431,3.8855,
