Batch,20171229 clumped Oman KDB,Collected on,2029/12/17 13:59:51,Analysis Instrument,PS019,Acquisition Software,,Stable 1.69.5,Reanalyzed  on,2018/03/29 09:38:47,Reanalysis Instrument,PS019,Reanalysis Software,Stable 1.69.5

Data,Batch,Data,Sample,Method,Analysis,Batch,Time,Sample,Vial,Initial,Sample,ColdFinger,Transducer,InletPiraniPressure,Sample,MaxPumpOverPressure,RawPumpOverPressure,Sample,Min,Max,Pre-balance,Pre-depleted,Final,Final,Depletion,Balance,Balance,RefBellowsPos,SamBellowsPos,Pirani,Current,Zero,Zero,Zero,Zero,Zero,Zero,Zero,Zero,Sam,Ref,Ave,Ref Major,Sam Major,Sample,Sample,Sample,Sample,Sample,Ref,Ref,Ref,Ref,Ref,Raw,Raw,Raw,Raw,Raw,Delta(13),Std,Rejected,Num,Delta(18),Std,Rejected,Num,DELTA,DELTA,DELTA,
Dir   ,Name   ,File   ,Name   ,  ,  ,Started   ,Collected   ,Weight   ,Location   ,Sam Beam   ,Yield   ,Status   ,Pressure   ,  ,Chops   ,  ,  ,Operations   ,Ref Beam   ,Ref Beam   ,Sam Beam   ,Ref Beam   ,Sam Beam   ,Ref Beam   ,Factor  ,End   ,%  ,  ,  ,Pressure   ,Mass   ,Length    ,Offset   ,Beams (0) ,Beams (1) ,Beams (2) ,Beams (3) ,Beams (4) ,Beams (5) ,Depletion   ,Depletion   ,Temperature   ,Signal(44),Signal(44),Ratio(45/44),Ratio(46/44),Ratio(47/44),Ratio(48/44),Ratio(49/44),Ratio(45/44),Ratio(46/44),Ratio(47/44),Ratio(48/44),Ratio(49/44),Delta(45/44),Delta(46/44),Delta(47/44),Delta(48/44),Delta(49/44),wrt PDB,Err,,,wrt PDB,Err,,,47,48,49,

C:\Nu Stable\Results\2017\20171229 clumped Oman KDB,20171229 clumped Oman KDB,Data_3765 ETH1.txt,ETH1,C:\Nu Stable\Analyses\DI\CO2 20-6-20 clumped NuCarb.rdf,Clumped CO2 Iterative,2029/12/17 13:59:51,2017/12/29 13:59:51,461,3,1.8199e-07,3.947777E-10,CF,30.914,1.000e-03,1,1.0000e-03,6304,  InitialisePrepSampleRun; CheckIfCFRequired; UseCF; SampleTrapped; Chop_CF_SamSub; SampleTrapped; BalanceRefToSamValue; DepletingBalance; SampleReady;",3.9822e-08,1.0727e-07,8.1406e-08,8.1649e-08,8.1630e-08,8.1705e-08,0.96,2029/12/17 13:59:11,-0.09,4983,8447,1.0000e-03,45.806,20,0.000,-1.0500e-13,-5.2916e-14,-5.7650e-14,-2.4632e-14,1.1337e-13,4.0877e-12,22.00,23.00,25.00,5.23907e-08,5.10392e-08,1.19806e-02,4.2120e-03,4.9036e-05,4.6921e-06,6.1800e-08,1.1912e-02,4.1623e-03,4.8208e-05,4.5835e-06,5.8573e-08,5.7322,11.9180,17.1671,23.6724,55.9898,2.3591,0.003,0,60,-3.9577,0.005,0,60,-0.5287,-0.2984,25.4130,
C:\Nu Stable\Results\2017\20171229 clumped Oman KDB,20171229 clumped Oman KDB,Data_3766 ETH4.txt,ETH4,C:\Nu Stable\Analyses\DI\CO2 20-6-20 clumped NuCarb.rdf,Clumped CO2 Iterative,2029/12/17 13:59:51,2017/12/29 15:20:57,480,4,1.8073e-07,3.765294E-10,CF,30.182,1.000e-03,1,1.0000e-03,6336,  InitialisePrepSampleRun; CheckIfCFRequired; UseCF; SampleTrapped; Chop_CF_SamSub; SampleTrapped; BalanceRefToSamValue; DepletingBalance; SampleReady;",4.0081e-08,1.0702e-07,7.9996e-08,8.0331e-08,8.0290e-08,8.0242e-08,0.96,2029/12/17 15:20:17,0.06,5022,8447,1.0000e-03,45.802,20,0.000,-1.0513e-13,-5.2814e-14,-5.7745e-14,-2.1617e-14,1.2061e-13,4.6304e-12,22.00,22.00,25.00,5.11482e-08,4.99912e-08,1.18302e-02,4.1380e-03,4.7584e-05,4.5228e-06,5.8812e-08,1.1906e-02,4.1586e-03,4.8143e-05,4.5670e-06,5.7886e-08,-6.3257,-4.9371,-11.5979,-9.6784,16.2474,-9.8838,0.002,0,60,-20.5398,0.003,0,60,-0.2542,0.1731,33.1394,
C:\Nu Stable\Results\2017\20171229 clumped Oman KDB,20171229 clumped Oman KDB,Data_3767 KDW2 64.8.txt,KDW2 64.8,C:\Nu Stable\Analyses\DI\CO2 20-6-20 clumped NuCarb.rdf,Clumped CO2 Iterative,2029/12/17 13:59:51,2017/12/29 16:41:21,435,5,1.0216e-07,2.348478E-10,CF,19.134,1.000e-03,0,1.0000e-03,6336,  InitialisePrepSampleRun; CheckIfCFRequired; UseCF; SampleTrapped; BalanceRefToSamValue; DepletingBalance; SampleReady;",3.9327e-08,1.0718e-07,9.8064e-08,9.7559e-08,9.7457e-08,9.7483e-08,0.96,2029/12/17 16:40:40,-0.03,4337,8446,1.0000e-03,45.802,20,0.000,-1.0523e-13,-5.2974e-14,-5.7778e-14,-2.1034e-14,1.2324e-13,4.8897e-12,32.00,33.00,25.00,4.66638e-08,4.49192e-08,1.19785e-02,4.2145e-03,4.9093e-05,4.6866e-06,5.9418e-08,1.1906e-02,4.1597e-03,4.8169e-05,4.5656e-06,5.5488e-08,6.0726,13.1718,19.1772,26.4918,71.9012,2.6781,0.003,0,60,-2.7229,0.007,0,60,-0.1222,-0.0247,37.9581,
C:\Nu Stable\Results\2017\20171229 clumped Oman KDB,20171229 clumped Oman KDB,Data_3768 MDE 292.5.txt,MDE 292.5,C:\Nu Stable\Analyses\DI\CO2 20-6-20 clumped NuCarb.rdf,Clumped CO2 Iterative,2029/12/17 13:59:51,2017/12/29 18:01:54,448,6,1.5776e-07,3.521458E-10,CF,27.374,1.000e-03,1,1.0000e-03,6304,  InitialisePrepSampleRun; CheckIfCFRequired; UseCF; SampleTrapped; Chop_CF_SamSub; SampleTrapped; BalanceRefToSamValue; DepletingBalance; SampleReady;",3.8737e-08,1.0702e-07,6.9881e-08,7.0089e-08,7.0067e-08,7.0011e-08,0.96,2029/12/17 18:01:14,0.08,5397,8446,1.0000e-03,45.799,20,0.000,-1.0541e-13,-5.3258e-14,-5.7872e-14,-2.1851e-14,1.2013e-13,4.6447e-12,21.00,22.00,25.00,4.52060e-08,4.43633e-08,1.18890e-02,4.1958e-03,4.8494e-05,4.6465e-06,6.0849e-08,1.1906e-02,4.1601e-03,4.8169e-05,4.5685e-06,5.8187e-08,-1.4032,8.5713,6.7639,17.0684,45.8184,-5.1144,0.002,0,60,-7.2398,0.003,0,60,-0.2123,-0.1453,29.9409,
C:\Nu Stable\Results\2017\20171229 clumped Oman KDB,20171229 clumped Oman KDB,Data_3769 ETH3.txt,ETH3,C:\Nu Stable\Analyses\DI\CO2 20-6-20 clumped NuCarb.rdf,Clumped CO2 Iterative,2029/12/17 13:59:51,2017/12/29 19:23:14,466,7,1.8975e-07,4.071783E-10,CF,31.616,1.000e-03,1,1.0000e-03,6336,  InitialisePrepSampleRun; CheckIfCFRequired; UseCF; SampleTrapped; Chop_CF_SamSub; SampleTrapped; BalanceRefToSamValue; DepletingBalance; SampleReady;",3.7881e-08,1.0724e-07,8.4562e-08,8.4143e-08,8.4092e-08,8.4030e-08,0.96,2029/12/17 19:22:33,0.07,4672,8446,1.0000e-03,45.799,20,0.000,-1.0551e-13,-5.3280e-14,-5.7847e-14,-2.0633e-14,1.2399e-13,4.9022e-12,22.00,23.00,25.00,5.33459e-08,5.20916e-08,1.19700e-02,4.2108e-03,4.9001e-05,4.6788e-06,6.1256e-08,1.1905e-02,4.1594e-03,4.8148e-05,4.5654e-06,5.8265e-08,5.4252,12.3614,17.7152,24.8416,51.4179,2.0174,0.002,0,60,-3.5200,0.004,0,60,-0.1069,-0.0332,20.4243,
C:\Nu Stable\Results\2017\20171229 clumped Oman KDB,20171229 clumped Oman KDB,Data_3770 ETH2.txt,ETH2,C:\Nu Stable\Analyses\DI\CO2 20-6-20 clumped NuCarb.rdf,Clumped CO2 Iterative,2029/12/17 13:59:51,2017/12/29 20:44:31,457,8,1.9906e-07,4.355698E-10,CF,32.837,1.000e-03,1,1.0000e-03,6304,  InitialisePrepSampleRun; CheckIfCFRequired; UseCF; SampleTrapped; Chop_CF_SamSub; SampleTrapped; BalanceRefToSamValue; DepletingBalance; SampleReady;",3.7019e-08,1.0708e-07,8.8859e-08,8.8137e-08,8.8056e-08,8.7970e-08,0.96,2029/12/17 20:43:50,0.10,4443,8446,1.0000e-03,45.801,20,0.000,-1.0553e-13,-5.3415e-14,-5.7897e-14,-2.0846e-14,1.2379e-13,4.8834e-12,22.00,23.00,25.00,5.51912e-08,5.38117e-08,1.18309e-02,4.1390e-03,4.7580e-05,4.5215e-06,5.7696e-08,1.1906e-02,4.1595e-03,4.8149e-05,4.5660e-06,5.7573e-08,-6.3015,-4.9212,-11.8211,-9.7286,2.3481,-9.8585,0.002,0,60,-20.5243,0.003,0,60,-0.5208,0.0905,18.9507,
C:\Nu Stable\Results\2017\20171229 clumped Oman KDB,20171229 clumped Oman KDB,Data_3771 KDW2 131.8A.txt,KDW2 131.8A,C:\Nu Stable\Analyses\DI\CO2 20-6-20 clumped NuCarb.rdf,Clumped CO2 Iterative,2029/12/17 13:59:51,2017/12/29 22:06:20,443,9,1.8704e-07,4.222205E-10,CF,30.579,1.000e-03,1,1.0000e-03,6304,  InitialisePrepSampleRun; CheckIfCFRequired; UseCF; SampleTrapped; Chop_CF_SamSub; SampleTrapped; BalanceRefToSamValue; DepletingBalance; SampleReady;",3.6161e-08,1.0688e-07,8.3172e-08,8.2633e-08,8.2603e-08,8.2499e-08,0.96,2029/12/17 22:05:40,0.13,4570,8447,1.0000e-03,45.801,20,0.000,-1.0561e-13,-5.3347e-14,-5.7879e-14,-2.0104e-14,1.2519e-13,5.0443e-12,22.00,23.00,25.00,5.24867e-08,5.13208e-08,1.19373e-02,4.1997e-03,4.8730e-05,4.6508e-06,6.1760e-08,1.1906e-02,4.1599e-03,4.8157e-05,4.5629e-06,5.9794e-08,2.5963,9.5923,11.8896,19.2776,33.9356,-0.8960,0.002,0,60,-6.2424,0.004,0,60,-0.2485,0.0009,11.9050,
C:\Nu Stable\Results\2017\20171229 clumped Oman KDB,20171229 clumped Oman KDB,Data_3772 MDE 293.4.txt,MDE 293.4,C:\Nu Stable\Analyses\DI\CO2 20-6-20 clumped NuCarb.rdf,Clumped CO2 Iterative,2029/12/17 13:59:51,2017/12/30 00:05:05,466,10,1.7940e-07,3.849878E-10,CF,29.724,1.000e-03,1,1.0000e-03,6304,  InitialisePrepSampleRun; CheckIfCFRequired; UseCF; SampleTrapped; Chop_CF_SamSub; SampleTrapped; BalanceRefToSamValue; DepletingBalance; SampleReady;",3.5439e-08,1.0701e-07,8.0344e-08,7.9997e-08,7.9933e-08,7.9940e-08,0.96,1930/12/17 00:04:25,-0.01,4601,8446,1.0000e-03,45.797,20,0.000,-1.0544e-13,-5.3533e-14,-5.7922e-14,-2.1835e-14,1.2106e-13,4.6268e-12,22.00,22.00,25.00,5.08648e-08,4.97459e-08,1.18530e-02,4.1939e-03,4.8313e-05,4.6387e-06,5.8002e-08,1.1904e-02,4.1592e-03,4.8143e-05,4.5623e-06,5.5908e-08,-4.2572,8.3511,3.5345,16.7570,37.6467,-8.1420,0.002,0,60,-7.4506,0.004,0,60,-0.2608,-0.0147,25.4490,
C:\Nu Stable\Results\2017\20171229 clumped Oman KDB,20171229 clumped Oman KDB,Data_3773 ETH1.txt,ETH1,C:\Nu Stable\Analyses\DI\CO2 20-6-20 clumped NuCarb.rdf,Clumped CO2 Iterative,2029/12/17 13:59:51,2017/12/30 02:04:18,465,11,1.8857e-07,4.055306E-10,CF,31.097,1.000e-03,1,1.0000e-03,6336,  InitialisePrepSampleRun; CheckIfCFRequired; UseCF; SampleTrapped; Chop_CF_SamSub; SampleTrapped; BalanceRefToSamValue; DepletingBalance; SampleReady;",3.4610e-08,1.0682e-07,8.4799e-08,8.4063e-08,8.3982e-08,8.3946e-08,0.96,1930/12/17 02:03:37,0.04,4368,8446,1.0000e-03,45.797,20,0.000,-1.0538e-13,-5.3561e-14,-5.7876e-14,-2.1724e-14,1.2118e-13,4.7922e-12,22.00,23.00,25.00,5.32934e-08,5.20211e-08,1.19712e-02,4.2080e-03,4.8954e-05,4.6684e-06,5.7853e-08,1.1903e-02,4.1587e-03,4.8133e-05,4.5604e-06,5.5289e-08,5.7028,11.8447,17.0496,23.6845,46.7336,2.3304,0.002,0,60,-4.0298,0.005,0,60,-0.5428,-0.1418,16.6006,
C:\Nu Stable\Results\2017\20171229 clumped Oman KDB,20171229 clumped Oman KDB,Data_3774 ETH4.txt,ETH4,C:\Nu Stable\Analyses\DI\CO2 20-6-20 clumped NuCarb.rdf,Clumped CO2 Iterative,2029/12/17 13:59:51,2017/12/30 03:25:25,460,12,1.8032e-07,3.9201E-10,CF,29.602,1.000e-03,1,1.0000e-03,6304,  InitialisePrepSampleRun; CheckIfCFRequired; UseCF; SampleTrapped; Chop_CF_SamSub; SampleTrapped; BalanceRefToSamValue; DepletingBalance; SampleReady;",3.3728e-08,1.0696e-07,8.0163e-08,7.9515e-08,7.9463e-08,7.9365e-08,0.96,1930/12/17 03:24:45,0.12,4455,8446,1.0000e-03,45.799,20,0.000,-1.0549e-13,-5.3551e-14,-5.7894e-14,-2.0387e-14,1.2420e-13,4.9585e-12,22.00,22.00,25.00,5.05359e-08,4.94581e-08,1.18287e-02,4.1386e-03,4.7585e-05,4.5166e-06,5.6720e-08,1.1904e-02,4.1594e-03,4.8149e-05,4.5618e-06,5.6657e-08,-6.3567,-5.0080,-11.7233,-9.9043,1.7430,-9.9142,0.002,0,60,-20.6097,0.003,0,60,-0.2789,0.0874,18.5706,
C:\Nu Stable\Results\2017\20171229 clumped Oman KDB,20171229 clumped Oman KDB,Data_3775 KDW2 59.0.txt,KDW2 59.0,C:\Nu Stable\Analyses\DI\CO2 20-6-20 clumped NuCarb.rdf,Clumped CO2 Iterative,2029/12/17 13:59:51,2017/12/30 04:46:31,477,13,1.9701e-07,4.130122E-10,CF,32.257,1.000e-03,1,1.0000e-03,6304,  InitialisePrepSampleRun; CheckIfCFRequired; UseCF; SampleTrapped; Chop_CF_SamSub; SampleTrapped; BalanceRefToSamValue; DepletingBalance; SampleReady;",3.2964e-08,1.0647e-07,8.7656e-08,8.7246e-08,8.7195e-08,8.7079e-08,0.96,1930/12/17 04:45:51,0.13,4102,8446,1.0000e-03,45.799,20,0.000,-1.0561e-13,-5.3582e-14,-5.7904e-14,-2.0095e-14,1.2594e-13,5.0783e-12,22.00,23.00,25.00,5.50396e-08,5.37514e-08,1.19875e-02,4.2055e-03,4.9009e-05,4.6628e-06,6.0856e-08,1.1904e-02,4.1591e-03,4.8140e-05,4.5605e-06,5.8344e-08,7.0084,11.1685,18.0506,22.4141,43.2160,3.7421,0.002,0,60,-4.6990,0.005,0,60,-0.2378,-0.0464,13.1206,
C:\Nu Stable\Results\2017\20171229 clumped Oman KDB,20171229 clumped Oman KDB,Data_3776 KDW2 64.8.txt,KDW2 64.8,C:\Nu Stable\Analyses\DI\CO2 20-6-20 clumped NuCarb.rdf,Clumped CO2 Iterative,2029/12/17 13:59:51,2017/12/30 06:07:33,478,14,1.2692e-07,2.65518E-10,CF,22.522,1.000e-03,1,1.0000e-03,6368,  InitialisePrepSampleRun; CheckIfCFRequired; UseCF; SampleTrapped; Chop_CF_SamSub; SampleTrapped; BalanceRefToSamValue; DepletingBalance; SampleReady;",3.2096e-08,1.0715e-07,5.5973e-08,5.6207e-08,5.6170e-08,5.6158e-08,0.96,1930/12/17 06:06:53,0.02,5513,8443,1.0000e-03,45.797,20,0.000,-1.0557e-13,-5.3810e-14,-5.7896e-14,-2.1878e-14,1.2202e-13,4.7824e-12,20.00,21.00,25.00,3.71390e-08,3.66227e-08,1.19763e-02,4.2154e-03,4.9099e-05,4.6882e-06,6.0787e-08,1.1904e-02,4.1609e-03,4.8185e-05,4.5682e-06,5.8088e-08,6.0353,13.1032,18.9789,26.2518,46.2020,2.6409,0.001,0,60,-2.7904,0.002,0,60,-0.2120,-0.1231,13.2461,
C:\Nu Stable\Results\2017\20171229 clumped Oman KDB,20171229 clumped Oman KDB,Data_3777 ETH3.txt,ETH3,C:\Nu Stable\Analyses\DI\CO2 20-6-20 clumped NuCarb.rdf,Clumped CO2 Iterative,2029/12/17 13:59:51,2017/12/30 07:29:07,462,15,1.6150e-07,3.495621E-10,CF,27.283,1.000e-03,1,1.0000e-03,6304,  InitialisePrepSampleRun; CheckIfCFRequired; UseCF; SampleTrapped; Chop_CF_SamSub; SampleTrapped; BalanceRefToSamValue; DepletingBalance; SampleReady;",3.1638e-08,1.0640e-07,7.1592e-08,7.1157e-08,7.1129e-08,7.0951e-08,0.96,1930/12/17 07:28:27,0.25,4592,8448,1.0000e-03,45.797,20,0.000,-1.0547e-13,-5.3758e-14,-5.7896e-14,-2.1433e-14,1.2172e-13,4.8110e-12,21.00,22.00,25.00,4.59287e-08,4.50756e-08,1.19681e-02,4.2110e-03,4.9006e-05,4.6757e-06,5.8723e-08,1.1903e-02,4.1596e-03,4.8154e-05,4.5621e-06,5.5770e-08,5.4324,12.3717,17.7076,24.9086,53.3085,2.0248,0.002,0,60,-3.5099,0.004,0,60,-0.1317,0.0119,22.2300,
C:\Nu Stable\Results\2017\20171229 clumped Oman KDB,20171229 clumped Oman KDB,Data_3778 ETH2.txt,ETH2,C:\Nu Stable\Analyses\DI\CO2 20-6-20 clumped NuCarb.rdf,Clumped CO2 Iterative,2029/12/17 13:59:51,2017/12/30 08:50:09,482,16,2.1016e-07,4.36016E-10,CF,34.241,1.000e-03,1,1.0000e-03,6304,  InitialisePrepSampleRun; CheckIfCFRequired; UseCF; SampleTrapped; Chop_CF_SamSub; SampleTrapped; BalanceRefToSamValue; DepletingBalance; SampleReady;",3.0919e-08,1.0727e-07,9.4215e-08,9.3437e-08,9.3336e-08,9.3235e-08,0.96,1930/12/17 08:49:28,0.11,3722,8446,1.0000e-03,45.801,20,0.000,-1.0556e-13,-5.3696e-14,-5.7891e-14,-1.9884e-14,1.2512e-13,5.0354e-12,23.00,23.00,25.00,5.81853e-08,5.66914e-08,1.18291e-02,4.1379e-03,4.7558e-05,4.5141e-06,5.8056e-08,1.1904e-02,4.1583e-03,4.8128e-05,4.5587e-06,5.7896e-08,-6.3088,-4.9214,-11.8492,-9.7870,2.8056,-9.8664,0.002,0,60,-20.5244,0.005,0,60,-0.5414,0.0319,19.4245,
C:\Nu Stable\Results\2017\20171229 clumped Oman KDB,20171229 clumped Oman KDB,Data_3779 MDE 292.5.txt,MDE 292.5,C:\Nu Stable\Analyses\DI\CO2 20-6-20 clumped NuCarb.rdf,Clumped CO2 Iterative,2029/12/17 13:59:51,2017/12/30 10:11:58,465,17,1.6230e-07,3.490404E-10,CF,27.893,1.000e-03,1,1.0000e-03,6304,  InitialisePrepSampleRun; CheckIfCFRequired; UseCF; SampleTrapped; Chop_CF_SamSub; SampleTrapped; BalanceRefToSamValue; DepletingBalance; SampleReady;",2.9929e-08,1.0707e-07,7.1841e-08,7.1226e-08,7.1214e-08,7.1028e-08,0.96,1930/12/17 10:11:18,0.26,4423,8444,1.0000e-03,45.801,20,0.000,-1.0548e-13,-5.3806e-14,-5.7936e-14,-2.0750e-14,1.2431e-13,5.0157e-12,21.00,22.00,25.00,4.59729e-08,4.51306e-08,1.18865e-02,4.1945e-03,4.8469e-05,4.6385e-06,5.6716e-08,1.1904e-02,4.1595e-03,4.8171e-05,4.5625e-06,5.9759e-08,-1.4672,8.4143,6.1667,16.6375,-6.8130,-5.1770,0.001,0,60,-7.3944,0.003,0,60,-0.5862,-0.2576,-21.5247,
C:\Nu Stable\Results\2017\20171229 clumped Oman KDB,20171229 clumped Oman KDB,Data_3780 MDE 293.4.txt,MDE 293.4,C:\Nu Stable\Analyses\DI\CO2 20-6-20 clumped NuCarb.rdf,Clumped CO2 Iterative,2029/12/17 13:59:51,2017/12/30 11:33:13,463,18,1.8280e-07,3.948211E-10,CF,30.334,1.000e-03,1,1.0000e-03,6304,  InitialisePrepSampleRun; CheckIfCFRequired; UseCF; SampleTrapped; Chop_CF_SamSub; SampleTrapped; BalanceRefToSamValue; DepletingBalance; SampleReady;",2.9420e-08,1.0679e-07,8.0990e-08,8.0500e-08,8.0450e-08,8.0351e-08,0.96,1930/12/17 11:32:33,0.12,3983,8447,1.0000e-03,45.801,20,0.000,-1.0549e-13,-5.3735e-14,-5.7900e-14,-2.0399e-14,1.2433e-13,5.0908e-12,22.00,22.00,25.00,5.10565e-08,4.98623e-08,1.18525e-02,4.1934e-03,4.8306e-05,4.6334e-06,5.7554e-08,1.1903e-02,4.1589e-03,4.8138e-05,4.5578e-06,5.5826e-08,-4.2480,8.2968,3.4868,16.5785,31.3102,-8.1303,0.002,0,60,-7.5041,0.005,0,60,-0.2650,-0.0826,19.2840,
C:\Nu Stable\Results\2017\20171229 clumped Oman KDB,20171229 clumped Oman KDB,Data_3781 ETH1.txt,ETH1,C:\Nu Stable\Analyses\DI\CO2 20-6-20 clumped NuCarb.rdf,Clumped CO2 Iterative,2029/12/17 13:59:51,1899/12/30 00:00:00,455,19,1.9321e-07,4.24629E-10,CF,31.677,1.000e-03,1,1.0000e-03,6336,  InitialisePrepSampleRun; CheckIfCFRequired; UseCF; SampleTrapped; Chop_CF_SamSub; SampleTrapped; BalanceRefToSamValue; DepletingBalance; SampleReady;",2.8649e-08,1.0685e-07,8.6338e-08,8.5646e-08,8.5600e-08,8.5462e-08,0.96,1930/12/17 12:54:08,0.16,3740,8447,1.0000e-03,45.801,20,0.000,-1.0567e-13,-5.3748e-14,-5.7884e-14,-1.9961e-14,1.2506e-13,5.0452e-12,22.00,23.00,25.00,5.40891e-08,5.28392e-08,1.19701e-02,4.2077e-03,4.8950e-05,4.6641e-06,6.0373e-08,1.1902e-02,4.1586e-03,4.8129e-05,4.5560e-06,5.6941e-08,5.6868,11.8201,17.0555,23.7365,60.1884,2.3143,0.003,0,60,-4.0540,0.006,0,60,-0.4968,-0.0424,29.7346,
C:\Nu Stable\Results\2017\20171229 clumped Oman KDB,20171229 clumped Oman KDB,Data_3782 ETH4.txt,ETH4,C:\Nu Stable\Analyses\DI\CO2 20-6-20 clumped NuCarb.rdf,Clumped CO2 Iterative,2029/12/17 13:59:51,2017/12/30 14:16:11,491,20,2.1003e-07,4.277656E-10,CF,33.691,1.000e-03,1,1.0000e-03,6304,  InitialisePrepSampleRun; CheckIfCFRequired; UseCF; SampleTrapped; Chop_CF_SamSub; SampleTrapped; BalanceRefToSamValue; DepletingBalance; SampleReady;",2.7836e-08,1.0632e-07,9.4356e-08,9.3303e-08,9.3245e-08,9.3113e-08,0.96,1930/12/17 14:15:30,0.14,3444,8449,1.0000e-03,45.806,20,0.000,-1.0567e-13,-5.3790e-14,-5.7962e-14,-1.9523e-14,1.2580e-13,5.2643e-12,23.00,23.00,25.00,5.81028e-08,5.66241e-08,1.18275e-02,4.1374e-03,4.7559e-05,4.5113e-06,5.7088e-08,1.1903e-02,4.1581e-03,4.8122e-05,4.5564e-06,5.7313e-08,-6.3324,-4.9583,-11.6958,-9.9003,-3.8425,-9.8901,0.003,0,60,-20.5607,0.005,0,60,-0.3254,-0.0084,12.7658,
C:\Nu Stable\Results\2017\20171229 clumped Oman KDB,20171229 clumped Oman KDB,Data_3783 KDW2 131.8A.txt,KDW2 131.8A,C:\Nu Stable\Analyses\DI\CO2 20-6-20 clumped NuCarb.rdf,Clumped CO2 Iterative,2029/12/17 13:59:51,2017/12/30 15:37:38,454,21,1.7516e-07,3.85813E-10,CF,29.510,1.000e-03,1,1.0000e-03,6304,  InitialisePrepSampleRun; CheckIfCFRequired; UseCF; SampleTrapped; Chop_CF_SamSub; SampleTrapped; BalanceRefToSamValue; DepletingBalance; SampleReady;",2.6998e-08,1.0628e-07,7.8019e-08,7.7491e-08,7.7442e-08,7.7288e-08,0.96,1930/12/17 15:36:58,0.20,3852,8449,1.0000e-03,45.806,20,0.000,-1.0557e-13,-5.3819e-14,-5.7958e-14,-2.0263e-14,1.2470e-13,5.0113e-12,22.00,22.00,25.00,4.94921e-08,4.84418e-08,1.19345e-02,4.1988e-03,4.8715e-05,4.6458e-06,5.9520e-08,1.1904e-02,4.1592e-03,4.8147e-05,4.5587e-06,5.7403e-08,2.5708,9.5325,11.8004,19.0835,36.6816,-0.9211,0.002,0,60,-6.3013,0.004,0,60,-0.2521,-0.0709,14.7384,
C:\Nu Stable\Results\2017\20171229 clumped Oman KDB,20171229 clumped Oman KDB,Data_3784 KDW2 59.0.txt,KDW2 59.0,C:\Nu Stable\Analyses\DI\CO2 20-6-20 clumped NuCarb.rdf,Clumped CO2 Iterative,2029/12/17 13:59:51,2017/12/30 17:00:52,509,22,2.3023e-07,4.523084E-10,CF,36.133,1.000e-03,2,1.0000e-03,6304,  InitialisePrepSampleRun; CheckIfCFRequired; UseCF; SampleTrapped; Chop_CF_SamSub; SampleTrapped; Chop_CF_SamSub; SampleTrapped; BalanceRefToSamValue; DepletingBalance; SampleReady;",2.6377e-08,1.0625e-07,4.5224e-08,4.5632e-08,4.5620e-08,4.5785e-08,0.96,1930/12/17 17:00:11,-0.36,5499,8450,1.0000e-03,45.802,20,0.000,-1.0537e-13,-5.3974e-14,-5.7908e-14,-2.1313e-14,1.2100e-13,4.6849e-12,19.00,20.00,25.00,3.09607e-08,3.05074e-08,1.19864e-02,4.2071e-03,4.9057e-05,4.6698e-06,5.9274e-08,1.1903e-02,4.1603e-03,4.8183e-05,4.5670e-06,5.6515e-08,7.0440,11.2644,18.1508,22.5327,48.7248,3.7767,0.001,0,60,-4.6045,0.002,0,60,-0.2691,-0.1202,18.2417,
C:\Nu Stable\Results\2017\20171229 clumped Oman KDB,20171229 clumped Oman KDB,Data_3785 ETH2.txt,ETH2,C:\Nu Stable\Analyses\DI\CO2 20-6-20 clumped NuCarb.rdf,Clumped CO2 Iterative,2029/12/17 13:59:51,2017/12/30 18:22:18,473,23,2.0327e-07,4.29744E-10,CF,32.959,1.000e-03,1,1.0000e-03,6304,  InitialisePrepSampleRun; CheckIfCFRequired; UseCF; SampleTrapped; Chop_CF_SamSub; SampleTrapped; BalanceRefToSamValue; DepletingBalance; SampleReady;",2.6052e-08,1.0652e-07,9.0958e-08,9.0511e-08,9.0448e-08,9.0377e-08,0.96,1930/12/17 18:21:38,0.08,3330,8448,1.0000e-03,45.802,20,0.000,-1.0533e-13,-5.3871e-14,-5.7881e-14,-2.0508e-14,1.2308e-13,4.8477e-12,22.00,23.00,25.00,5.68423e-08,5.53888e-08,1.18272e-02,4.1377e-03,4.7550e-05,4.5124e-06,5.6643e-08,1.1902e-02,4.1580e-03,4.8117e-05,4.5566e-06,5.6191e-08,-6.3063,-4.8855,-11.7910,-9.6944,8.2308,-9.8649,0.003,0,60,-20.4891,0.005,0,60,-0.5206,0.0532,24.8644,
C:\Nu Stable\Results\2017\20171229 clumped Oman KDB,20171229 clumped Oman KDB,Data_3786 ETH3.txt,ETH3,C:\Nu Stable\Analyses\DI\CO2 20-6-20 clumped NuCarb.rdf,Clumped CO2 Iterative,2029/12/17 13:59:51,2017/12/30 19:43:33,464,24,1.8317e-07,3.94761E-10,CF,30.670,1.000e-03,1,1.0000e-03,6304,  InitialisePrepSampleRun; CheckIfCFRequired; UseCF; SampleTrapped; Chop_CF_SamSub; SampleTrapped; BalanceRefToSamValue; DepletingBalance; SampleReady;",2.5103e-08,1.0699e-07,8.1652e-08,8.0809e-08,8.0762e-08,8.0615e-08,0.96,1930/12/17 19:42:52,0.18,3530,8447,1.0000e-03,45.806,20,0.000,-1.0542e-13,-5.3857e-14,-5.7824e-14,-1.9979e-14,1.2519e-13,5.0041e-12,22.00,22.00,25.00,5.11764e-08,5.00587e-08,1.19684e-02,4.2099e-03,4.8984e-05,4.6703e-06,5.7153e-08,1.1904e-02,4.1589e-03,4.8140e-05,4.5582e-06,5.4881e-08,5.3914,12.2522,17.5246,24.5812,41.5873,1.9852,0.002,0,60,-3.6276,0.005,0,60,-0.1533,-0.0715,11.1342,
C:\Nu Stable\Results\2017\20171229 clumped Oman KDB,20171229 clumped Oman KDB,Data_3787 MDE 292.5.txt,MDE 292.5,C:\Nu Stable\Analyses\DI\CO2 20-6-20 clumped NuCarb.rdf,Clumped CO2 Iterative,2029/12/17 13:59:51,2017/12/30 21:05:14,499,25,1.7780e-07,3.563048E-10,CF,30.151,1.000e-03,1,1.0000e-03,6304,  InitialisePrepSampleRun; CheckIfCFRequired; UseCF; SampleTrapped; Chop_CF_SamSub; SampleTrapped; BalanceRefToSamValue; DepletingBalance; SampleReady;",2.4482e-08,1.0690e-07,7.8994e-08,7.8173e-08,7.8139e-08,7.7981e-08,0.96,1930/12/17 21:04:34,0.20,3536,8447,1.0000e-03,45.806,20,0.000,-1.0539e-13,-5.3848e-14,-5.7917e-14,-2.0415e-14,1.2401e-13,4.9835e-12,22.00,22.00,25.00,4.99174e-08,4.88516e-08,1.18878e-02,4.1945e-03,4.8464e-05,4.6352e-06,5.6428e-08,1.1905e-02,4.1591e-03,4.8145e-05,4.5571e-06,5.4750e-08,-1.4340,8.5214,6.6258,17.1261,30.6153,-5.1454,0.002,0,60,-7.2889,0.004,0,60,-0.2690,0.0104,15.1010,
C:\Nu Stable\Results\2017\20171229 clumped Oman KDB,20171229 clumped Oman KDB,Data_3788 MDE 293.4.txt,MDE 293.4,C:\Nu Stable\Analyses\DI\CO2 20-6-20 clumped NuCarb.rdf,Clumped CO2 Iterative,2029/12/17 13:59:51,2017/12/30 22:26:12,481,26,1.8842e-07,3.917212E-10,CF,31.525,1.000e-03,1,1.0000e-03,6336,  InitialisePrepSampleRun; CheckIfCFRequired; UseCF; SampleTrapped; Chop_CF_SamSub; SampleTrapped; BalanceRefToSamValue; DepletingBalance; SampleReady;",2.3810e-08,1.0664e-07,8.4274e-08,8.3794e-08,8.3744e-08,8.3652e-08,0.96,1930/12/17 22:25:31,0.11,3297,8446,1.0000e-03,45.802,20,0.000,-1.0546e-13,-5.3907e-14,-5.7923e-14,-2.0158e-14,1.2440e-13,4.9880e-12,22.00,22.00,25.00,5.28784e-08,5.16488e-08,1.18534e-02,4.1936e-03,4.8308e-05,4.6337e-06,5.6730e-08,1.1904e-02,4.1589e-03,4.8141e-05,4.5580e-06,5.6334e-08,-4.2355,8.3415,3.4680,16.6046,14.9334,-8.1186,0.002,0,60,-7.4601,0.005,0,60,-0.3402,-0.1455,2.9992,
C:\Nu Stable\Results\2017\20171229 clumped Oman KDB,20171229 clumped Oman KDB,Data_3789 ETH1.txt,ETH1,C:\Nu Stable\Analyses\DI\CO2 20-6-20 clumped NuCarb.rdf,Clumped CO2 Iterative,2029/12/17 13:59:51,2017/12/30 23:47:19,438,27,1.8379e-07,4.196169E-10,CF,31.067,1.000e-03,1,1.0000e-03,6304,  InitialisePrepSampleRun; CheckIfCFRequired; UseCF; SampleTrapped; Chop_CF_SamSub; SampleTrapped; BalanceRefToSamValue; DepletingBalance; SampleReady;",2.3113e-08,1.0700e-07,8.1757e-08,8.1311e-08,8.1280e-08,8.1160e-08,0.96,1930/12/17 23:46:39,0.15,3292,8446,1.0000e-03,45.802,20,0.000,-1.0550e-13,-5.3920e-14,-5.7888e-14,-2.0251e-14,1.2447e-13,5.0184e-12,22.00,22.00,25.00,5.16987e-08,5.05314e-08,1.19718e-02,4.2086e-03,4.8964e-05,4.6658e-06,5.7999e-08,1.1904e-02,4.1592e-03,4.8143e-05,4.5577e-06,5.5853e-08,5.6794,11.8764,17.0388,23.7025,38.7751,2.3044,0.002,0,60,-3.9985,0.005,0,60,-0.5603,-0.1868,8.8343,
C:\Nu Stable\Results\2017\20171229 clumped Oman KDB,20171229 clumped Oman KDB,Data_3790 ETH4.txt,ETH4,C:\Nu Stable\Analyses\DI\CO2 20-6-20 clumped NuCarb.rdf,Clumped CO2 Iterative,2029/12/17 13:59:51,2017/12/31 01:08:13,436,28,1.7163e-07,3.936507E-10,CF,29.053,1.000e-03,1,1.0000e-03,6336,  InitialisePrepSampleRun; CheckIfCFRequired; UseCF; SampleTrapped; Chop_CF_SamSub; SampleTrapped; BalanceRefToSamValue; DepletingBalance; SampleReady;",2.2459e-08,1.0614e-07,7.6463e-08,7.6118e-08,7.6071e-08,7.5945e-08,0.96,1931/12/17 01:07:33,0.17,3373,8446,1.0000e-03,45.797,20,0.000,-1.0540e-13,-5.3941e-14,-5.7941e-14,-2.0832e-14,1.2320e-13,4.9487e-12,22.00,22.00,25.00,4.85774e-08,4.75612e-08,1.18281e-02,4.1390e-03,4.7587e-05,4.5133e-06,5.3715e-08,1.1904e-02,4.1594e-03,4.8148e-05,4.5579e-06,5.4031e-08,-6.3444,-4.9103,-11.6486,-9.7723,-5.9997,-9.9046,0.002,0,60,-20.5135,0.003,0,60,-0.3126,0.0244,10.4894,
C:\Nu Stable\Results\2017\20171229 clumped Oman KDB,20171229 clumped Oman KDB,Data_3791 KDW2 64.8.txt,KDW2 64.8,C:\Nu Stable\Analyses\DI\CO2 20-6-20 clumped NuCarb.rdf,Clumped CO2 Iterative,2029/12/17 13:59:51,2017/12/31 02:30:16,452,29,1.1464e-07,2.536296E-10,CF,21.423,1.000e-03,1,1.0000e-03,6304,  InitialisePrepSampleRun; CheckIfCFRequired; UseCF; SampleTrapped; Chop_CF_SamSub; SampleTrapped; BalanceRefToSamValue; DepletingBalance; SampleReady;",2.1833e-08,1.0621e-07,5.0795e-08,5.0366e-08,5.0331e-08,5.0200e-08,0.96,1931/12/17 02:29:36,0.26,4456,8446,1.0000e-03,45.797,20,0.000,-1.0554e-13,-5.4027e-14,-5.7935e-14,-2.2259e-14,1.1977e-13,4.6510e-12,20.00,21.00,25.00,3.36742e-08,3.33252e-08,1.19762e-02,4.2154e-03,4.9105e-05,4.6831e-06,6.0252e-08,1.1904e-02,4.1606e-03,4.8185e-05,4.5621e-06,5.6833e-08,6.0518,13.1820,19.0924,26.5271,60.8853,2.6557,0.001,0,60,-2.7129,0.002,0,60,-0.1939,-0.0103,27.2915,
C:\Nu Stable\Results\2017\20171229 clumped Oman KDB,20171229 clumped Oman KDB,Data_3792 KDW2 64.8.txt,KDW2 64.8,C:\Nu Stable\Analyses\DI\CO2 20-6-20 clumped NuCarb.rdf,Clumped CO2 Iterative,2029/12/17 13:59:51,2017/12/31 03:51:56,495,30,1.3673e-07,2.762303E-10,CF,24.048,1.000e-03,1,1.0000e-03,6304,  InitialisePrepSampleRun; CheckIfCFRequired; UseCF; SampleTrapped; Chop_CF_SamSub; SampleTrapped; BalanceRefToSamValue; DepletingBalance; SampleReady;",2.1519e-08,1.0672e-07,6.0739e-08,6.0308e-08,6.0289e-08,6.0149e-08,0.96,1931/12/17 03:51:16,0.23,3850,8446,1.0000e-03,45.795,20,0.000,-1.0552e-13,-5.4188e-14,-5.7881e-14,-2.2425e-14,1.1939e-13,4.7225e-12,20.00,21.00,25.00,3.94467e-08,3.88265e-08,1.19762e-02,4.2150e-03,4.9088e-05,4.6855e-06,5.9542e-08,1.1904e-02,4.1601e-03,4.8168e-05,4.5641e-06,5.7020e-08,6.0628,13.2038,19.0957,26.6018,44.5892,2.6667,0.001,0,60,-2.6913,0.003,0,60,-0.2232,0.0193,11.4574,
C:\Nu Stable\Results\2017\20171229 clumped Oman KDB,20171229 clumped Oman KDB,Data_3793 ETH2.txt,ETH2,C:\Nu Stable\Analyses\DI\CO2 20-6-20 clumped NuCarb.rdf,Clumped CO2 Iterative,2029/12/17 13:59:51,2017/12/31 05:13:25,456,31,1.9315e-07,4.235741E-10,CF,31.799,1.000e-03,1,1.0000e-03,6304,  InitialisePrepSampleRun; CheckIfCFRequired; UseCF; SampleTrapped; Chop_CF_SamSub; SampleTrapped; BalanceRefToSamValue; DepletingBalance; SampleReady;",2.0974e-08,1.0697e-07,8.6649e-08,8.5811e-08,8.5758e-08,8.5648e-08,0.96,1931/12/17 05:12:44,0.13,2921,8444,1.0000e-03,45.795,20,0.000,-1.0544e-13,-5.3952e-14,-5.7872e-14,-2.0898e-14,1.2258e-13,4.8432e-12,22.00,23.00,25.00,5.41769e-08,5.28638e-08,1.18298e-02,4.1389e-03,4.7573e-05,4.5124e-06,5.6228e-08,1.1905e-02,4.1590e-03,4.8140e-05,4.5559e-06,5.6378e-08,-6.2909,-4.8333,-11.7747,-9.5464,-2.4825,-9.8503,0.002,0,60,-20.4377,0.004,0,60,-0.5718,0.0978,13.8527,
C:\Nu Stable\Results\2017\20171229 clumped Oman KDB,20171229 clumped Oman KDB,Data_3794 ETH3.txt,ETH3,C:\Nu Stable\Analyses\DI\CO2 20-6-20 clumped NuCarb.rdf,Clumped CO2 Iterative,2029/12/17 13:59:51,2017/12/31 06:34:45,488,32,2.0110e-07,4.120992E-10,CF,32.989,1.000e-03,1,1.0000e-03,6304,  InitialisePrepSampleRun; CheckIfCFRequired; UseCF; SampleTrapped; Chop_CF_SamSub; SampleTrapped; BalanceRefToSamValue; DepletingBalance; SampleReady;",2.0188e-08,1.0645e-07,9.0205e-08,8.9704e-08,8.9669e-08,8.9583e-08,0.96,1931/12/17 06:34:05,0.10,2748,8446,1.0000e-03,45.795,20,0.000,-1.0552e-13,-5.3994e-14,-5.7818e-14,-2.0383e-14,1.2397e-13,5.0077e-12,22.00,23.00,25.00,5.61750e-08,5.47784e-08,1.19698e-02,4.2107e-03,4.8991e-05,4.6713e-06,6.0006e-08,1.1905e-02,4.1594e-03,4.8143e-05,4.5582e-06,5.7750e-08,5.4082,12.3508,17.6182,24.8107,39.1185,1.9998,0.003,0,60,-3.5305,0.006,0,60,-0.1745,-0.0423,8.5262,
C:\Nu Stable\Results\2017\20171229 clumped Oman KDB,20171229 clumped Oman KDB,Data_3795 MDE 292.5.txt,MDE 292.5,C:\Nu Stable\Analyses\DI\CO2 20-6-20 clumped NuCarb.rdf,Clumped CO2 Iterative,2029/12/17 13:59:51,2017/12/31 07:56:26,487,33,1.6936e-07,3.477624E-10,CF,28.747,1.000e-03,1,1.0000e-03,6336,  InitialisePrepSampleRun; CheckIfCFRequired; UseCF; SampleTrapped; Chop_CF_SamSub; SampleTrapped; BalanceRefToSamValue; DepletingBalance; SampleReady;",1.9447e-08,1.0677e-07,7.5518e-08,7.4918e-08,7.4847e-08,7.4751e-08,0.96,1931/12/17 07:55:46,0.13,3058,8442,1.0000e-03,45.795,20,0.000,-1.0544e-13,-5.4037e-14,-5.7829e-14,-2.0698e-14,1.2336e-13,4.9692e-12,22.00,22.00,25.00,4.80526e-08,4.70880e-08,1.18887e-02,4.1956e-03,4.8481e-05,4.6387e-06,5.8186e-08,1.1906e-02,4.1601e-03,4.8162e-05,4.5609e-06,5.6844e-08,-1.4370,8.5422,6.6295,17.0577,23.2734,-5.1493,0.002,0,60,-7.2684,0.004,0,60,-0.2825,-0.0980,7.8318,
C:\Nu Stable\Results\2017\20171229 clumped Oman KDB,20171229 clumped Oman KDB,Data_3796 KDW2 59.0.txt,KDW2 59.0,C:\Nu Stable\Analyses\DI\CO2 20-6-20 clumped NuCarb.rdf,Clumped CO2 Iterative,2029/12/17 13:59:51,2017/12/31 09:18:01,506,34,2.1593e-07,4.267403E-10,CF,34.485,1.000e-03,1,1.0000e-03,6304,  InitialisePrepSampleRun; CheckIfCFRequired; UseCF; SampleTrapped; Chop_CF_SamSub; SampleTrapped; BalanceRefToSamValue; DepletingBalance; SampleReady;",1.8953e-08,1.0662e-07,9.7247e-08,9.6193e-08,9.6141e-08,9.6064e-08,0.96,1931/12/17 09:17:21,0.08,2453,8449,1.0000e-03,45.791,20,0.000,-1.0541e-13,-5.4056e-14,-5.7851e-14,-1.9879e-14,1.2467e-13,5.1642e-12,23.00,23.00,25.00,5.97075e-08,5.81177e-08,1.19881e-02,4.2063e-03,4.9013e-05,4.6614e-06,5.7301e-08,1.1904e-02,4.1592e-03,4.8133e-05,4.5575e-06,5.4380e-08,7.0470,11.3324,18.2752,22.7686,53.8294,3.7775,0.003,0,60,-4.5375,0.007,0,60,-0.2161,-0.0239,23.0596,
C:\Nu Stable\Results\2017\20171229 clumped Oman KDB,20171229 clumped Oman KDB,Data_3797 ETH1.txt,ETH1,C:\Nu Stable\Analyses\DI\CO2 20-6-20 clumped NuCarb.rdf,Clumped CO2 Iterative,2029/12/17 13:59:51,2017/12/31 10:39:29,458,35,1.8920e-07,4.131054E-10,CF,31.402,1.000e-03,1,1.0000e-03,6368,  InitialisePrepSampleRun; CheckIfCFRequired; UseCF; SampleTrapped; Chop_CF_SamSub; SampleTrapped; BalanceRefToSamValue; DepletingBalance; SampleReady;",1.8144e-08,1.0675e-07,8.4930e-08,8.4297e-08,8.4213e-08,8.4146e-08,0.96,1931/12/17 10:38:49,0.08,2638,8449,1.0000e-03,45.791,20,0.000,-1.0550e-13,-5.3926e-14,-5.7831e-14,-2.0126e-14,1.2487e-13,5.0309e-12,22.00,23.00,25.00,5.33715e-08,5.21290e-08,1.19723e-02,4.2095e-03,4.8970e-05,4.6649e-06,5.8130e-08,1.1904e-02,4.1599e-03,4.8147e-05,4.5564e-06,5.5813e-08,5.7027,11.9093,17.0927,23.8035,41.7089,2.3281,0.002,0,60,-3.9662,0.005,0,60,-0.5631,-0.1532,11.5930,
C:\Nu Stable\Results\2017\20171229 clumped Oman KDB,20171229 clumped Oman KDB,Data_3798 ETH4.txt,ETH4,C:\Nu Stable\Analyses\DI\CO2 20-6-20 clumped NuCarb.rdf,Clumped CO2 Iterative,2029/12/17 13:59:51,1899/12/30 00:00:00,475,36,1.9188e-07,4.039541E-10,CF,31.250,1.000e-03,1,1.0000e-03,6304,  InitialisePrepSampleRun; CheckIfCFRequired; UseCF; SampleTrapped; Chop_CF_SamSub; SampleTrapped; BalanceRefToSamValue; DepletingBalance; SampleReady;",1.7549e-08,1.0687e-07,8.5848e-08,8.5002e-08,8.4927e-08,8.4854e-08,0.96,1931/12/17 12:00:26,0.09,2537,8447,1.0000e-03,45.795,20,0.000,-1.0551e-13,-5.3963e-14,-5.7833e-14,-2.0292e-14,1.2358e-13,4.9809e-12,22.00,23.00,25.00,5.35394e-08,5.23057e-08,1.18292e-02,4.1391e-03,4.7583e-05,4.5117e-06,5.5907e-08,1.1905e-02,4.1596e-03,4.8145e-05,4.5562e-06,5.5766e-08,-6.3501,-4.9379,-11.6640,-9.7570,2.3353,-9.9097,0.002,0,60,-20.5406,0.004,0,60,-0.2950,0.0953,19.0247,
C:\Nu Stable\Results\2017\20171229 clumped Oman KDB,20171229 clumped Oman KDB,Data_3799 KDW2 59.0.txt,KDW2 59.0,C:\Nu Stable\Analyses\DI\CO2 20-6-20 clumped NuCarb.rdf,Clumped CO2 Iterative,2029/12/17 13:59:51,2017/12/31 13:24:59,500,37,2.0937e-07,4.18745E-10,CF,33.935,1.000e-03,1,1.0000e-03,6304,  InitialisePrepSampleRun; CheckIfCFRequired; UseCF; SampleTrapped; Chop_CF_SamSub; SampleTrapped; BalanceRefToSamValue; DepletingBalance; SampleReady;",1.6903e-08,1.0643e-07,9.4349e-08,8.9762e-08,8.9691e-08,8.9622e-08,0.96,1931/12/17 13:24:19,0.08,2324,8446,1.0000e-03,45.795,20,0.000,-1.0551e-13,-5.3991e-14,-5.7875e-14,-1.9632e-14,1.2612e-13,5.1534e-12,22.00,23.00,25.00,5.64313e-08,5.49790e-08,1.19886e-02,4.2066e-03,4.9019e-05,4.6593e-06,5.7797e-08,1.1905e-02,4.1596e-03,4.8144e-05,4.5564e-06,5.5637e-08,7.0371,11.2822,18.1694,22.5631,38.8305,3.7687,0.003,0,60,-4.5869,0.006,0,60,-0.2611,-0.1258,8.6065,
C:\Nu Stable\Results\2017\20171229 clumped Oman KDB,20171229 clumped Oman KDB,Data_3801 ETH2.txt,ETH2,C:\Nu Stable\Analyses\DI\CO2 20-6-20 clumped NuCarb.rdf,Clumped CO2 Iterative,2029/12/17 13:59:51,2017/12/31 16:01:56,471,38,1.6012e-07,3.399507E-10,CF,28.137,1.000e-03,1,1.0000e-03,6304,  InitialisePrepSampleRun; CheckIfCFRequired; UseCF; SampleTrapped; Chop_CF_SamSub; SampleTrapped; BalanceRefToSamValue; DepletingBalance; SampleReady;",1.6521e-08,1.0672e-07,7.1759e-08,7.1456e-08,7.1419e-08,7.1413e-08,0.96,1931/12/17 16:01:16,0.01,2705,8446,1.0000e-03,45.795,20,0.000,-1.0551e-13,-5.4108e-14,-5.7923e-14,-2.3954e-14,1.1614e-13,4.2737e-12,21.00,22.00,25.00,4.64005e-08,4.55257e-08,1.18889e-02,4.1960e-03,4.8486e-05,4.6374e-06,5.8649e-08,1.1906e-02,4.1605e-03,4.8167e-05,4.5595e-06,5.6545e-08,-1.4450,8.5375,6.6220,17.0884,37.2667,-5.1576,0.002,0,60,-7.2730,0.004,0,60,-0.2772,-0.0585,21.6319,
C:\Nu Stable\Results\2017\20171229 clumped Oman KDB,20171229 clumped Oman KDB,Data_3802 ETH3.txt,ETH3,C:\Nu Stable\Analyses\DI\CO2 20-6-20 clumped NuCarb.rdf,Clumped CO2 Iterative,2029/12/17 13:59:51,2017/12/31 17:23:32,474,39,2.0133e-07,4.247568E-10,CF,33.264,1.000e-03,1,1.0000e-03,6304,  InitialisePrepSampleRun; CheckIfCFRequired; UseCF; SampleTrapped; Chop_CF_SamSub; SampleTrapped; BalanceRefToSamValue; DepletingBalance; SampleReady;",1.5670e-08,1.0608e-07,9.0706e-08,8.9732e-08,8.9047e-08,8.9332e-08,0.96,1931/12/17 17:22:40,-0.32,2136,8446,1.0000e-03,45.795,20,0.000,-1.0555e-13,-5.4142e-14,-5.7888e-14,-2.1451e-14,1.2100e-13,4.7681e-12,22.00,23.00,25.00,5.60655e-08,5.44705e-08,1.18305e-02,4.1391e-03,4.7571e-05,4.5133e-06,5.5753e-08,1.1906e-02,4.1595e-03,4.8144e-05,4.5579e-06,5.6049e-08,-6.3375,-4.9240,-11.9031,-9.7819,-5.1177,-9.8968,0.002,0,60,-20.5270,0.005,0,60,-0.5636,0.0423,11.4065,
C:\Nu Stable\Results\2017\20171229 clumped Oman KDB,20171229 clumped Oman KDB,Data_3803 NCM.txt,NCM,C:\Nu Stable\Analyses\DI\CO2 20-6-20 clumped NuCarb.rdf,Clumped CO2 Iterative,2029/12/17 13:59:51,2017/12/31 18:45:10,454,40,1.7611e-07,3.878965E-10,CF,30.060,1.000e-03,1,1.0000e-03,6304,  InitialisePrepSampleRun; CheckIfCFRequired; UseCF; SampleTrapped; Chop_CF_SamSub; SampleTrapped; BalanceRefToSamValue; DepletingBalance; SampleReady;",1.4920e-08,1.0595e-07,7.9007e-08,7.8257e-08,7.8241e-08,7.8146e-08,0.96,1931/12/17 18:44:30,0.12,2328,8446,1.0000e-03,45.795,20,0.000,-1.0558e-13,-5.4111e-14,-5.7892e-14,-2.1595e-14,1.2100e-13,4.7037e-12,22.00,22.00,25.00,5.00056e-08,4.89723e-08,1.19710e-02,4.2119e-03,4.9014e-05,4.6723e-06,5.8996e-08,1.1906e-02,4.1605e-03,4.8166e-05,4.5594e-06,5.7275e-08,5.4237,12.3695,17.6179,24.7528,29.9953,2.0156,0.002,0,60,-3.5121,0.004,0,60,-0.2088,-0.1358,-0.3814,
C:\Nu Stable\Results\2017\20171229 clumped Oman KDB,20171229 clumped Oman KDB,Data_3804 NCM.txt,NCM,C:\Nu Stable\Analyses\DI\CO2 20-6-20 clumped NuCarb.rdf,Clumped CO2 Iterative,2029/12/17 13:59:51,2017/12/31 20:06:47,508,41,1.8415e-07,3.624965E-10,CF,30.426,1.000e-03,1,1.0000e-03,6304,  InitialisePrepSampleRun; CheckIfCFRequired; UseCF; SampleTrapped; Chop_CF_SamSub; SampleTrapped; BalanceRefToSamValue; DepletingBalance; SampleReady;",1.4395e-08,1.0091e-07,8.2435e-08,8.1635e-08,8.1580e-08,8.1537e-08,0.96,1931/12/17 20:06:07,0.05,2141,8446,1.0000e-03,45.791,20,0.000,-1.0562e-13,-5.4081e-14,-5.7872e-14,-2.1374e-14,1.2215e-13,4.7717e-12,22.00,22.00,25.00,5.17230e-08,5.04884e-08,1.19742e-02,4.2114e-03,4.9007e-05,4.6698e-06,6.0310e-08,1.1905e-02,4.1605e-03,4.8160e-05,4.5580e-06,5.8191e-08,5.7779,12.2351,17.5954,24.5325,36.7873,2.3969,0.002,0,60,-3.6453,0.005,0,60,-0.4630,-0.0851,6.0962,
C:\Nu Stable\Results\2017\20171229 clumped Oman KDB,20171229 clumped Oman KDB,Data_3805 NCM.txt,NCM,C:\Nu Stable\Analyses\DI\CO2 20-6-20 clumped NuCarb.rdf,Clumped CO2 Iterative,2029/12/17 13:59:51,2017/12/31 21:31:54,482,42,2.2148e-07,4.594998E-10,CF,35.248,1.000e-03,2,1.0000e-03,6304,  InitialisePrepSampleRun; CheckIfCFRequired; UseCF; SampleTrapped; Chop_CF_SamSub; SampleTrapped; Chop_CF_SamSub; SampleTrapped; BalanceRefToSamValue; DepletingBalance; SampleReady;",1.3807e-08,9.6464e-08,4.4140e-08,4.3746e-08,4.3743e-08,4.3642e-08,0.96,1931/12/17 21:31:14,0.23,3447,8446,1.0000e-03,45.791,20,0.000,-1.0543e-13,-5.4082e-14,-5.7863e-14,-2.1520e-14,1.2074e-13,4.6599e-12,19.00,20.00,25.00,2.97414e-08,2.95233e-08,1.19740e-02,4.2128e-03,4.9053e-05,4.6727e-06,5.6790e-08,1.1905e-02,4.1619e-03,4.8208e-05,4.5617e-06,5.5691e-08,5.7938,12.2396,17.5440,24.3347,19.6998,2.4137,0.001,0,60,-3.6409,0.002,0,60,-0.5342,-0.2871,-10.5103,
C:\Nu Stable\Results\2017\20171229 clumped Oman KDB,20171229 clumped Oman KDB,Data_3806 NCM.txt,NCM,C:\Nu Stable\Analyses\DI\CO2 20-6-20 clumped NuCarb.rdf,Clumped CO2 Iterative,2029/12/17 13:59:51,2017/12/31 22:56:20,457,43,2.0104e-07,4.399066E-10,CF,33.630,1.000e-03,2,1.0000e-03,6336,  InitialisePrepSampleRun; CheckIfCFRequired; UseCF; SampleTrapped; Chop_CF_SamSub; SampleTrapped; Chop_CF_SamSub; SampleTrapped; BalanceRefToSamValue; DepletingBalance; SampleReady;",1.3563e-08,9.2811e-08,4.0294e-08,4.0039e-08,4.0024e-08,4.0003e-08,0.96,1931/12/17 22:55:40,0.05,3612,8446,1.0000e-03,45.789,20,0.000,-1.0544e-13,-5.4266e-14,-5.7876e-14,-2.2717e-14,1.1786e-13,4.4373e-12,19.00,20.00,25.00,2.73674e-08,2.71855e-08,1.19736e-02,4.2130e-03,4.9060e-05,4.6786e-06,5.7010e-08,1.1905e-02,4.1619e-03,4.8209e-05,4.5667e-06,5.4537e-08,5.7990,12.2721,17.6558,24.4905,44.9245,2.4181,0.001,0,60,-3.6088,0.002,0,60,-0.4613,-0.1994,13.8973,
C:\Nu Stable\Results\2017\20171229 clumped Oman KDB,20171229 clumped Oman KDB,Data_3807 NCM.txt,NCM,C:\Nu Stable\Analyses\DI\CO2 20-6-20 clumped NuCarb.rdf,Clumped CO2 Iterative,2029/12/17 13:59:51,2018/01/01 00:17:53,458,44,1.6406e-07,3.582111E-10,CF,27.893,1.000e-03,1,1.0000e-03,6304,  InitialisePrepSampleRun; CheckIfCFRequired; UseCF; SampleTrapped; Chop_CF_SamSub; SampleTrapped; BalanceRefToSamValue; DepletingBalance; SampleReady;",1.3275e-08,9.0286e-08,7.3990e-08,7.3393e-08,7.3350e-08,7.3339e-08,0.96,2018/01/01 00:17:13,0.02,2141,8448,1.0000e-03,45.789,20,0.000,-1.0551e-13,-5.4157e-14,-5.7876e-14,-2.2772e-14,1.1782e-13,4.5168e-12,21.00,22.00,25.00,4.72934e-08,4.63058e-08,1.19735e-02,4.2116e-03,4.9009e-05,4.6699e-06,5.8821e-08,1.1905e-02,4.1606e-03,4.8166e-05,4.5587e-06,5.8098e-08,5.7838,12.2574,17.5500,24.4377,23.7401,2.4024,0.002,0,60,-3.6233,0.005,0,60,-0.5353,-0.2218,-6.6145,
C:\Nu Stable\Results\2017\20171229 clumped Oman KDB,20171229 clumped Oman KDB,Data_3808 NCM.txt,NCM,C:\Nu Stable\Analyses\DI\CO2 20-6-20 clumped NuCarb.rdf,Clumped CO2 Iterative,2029/12/17 13:59:51,2018/01/01 01:39:16,450,45,1.3486e-07,2.996913E-10,CF,24.231,1.000e-03,1,1.0000e-03,6336,  InitialisePrepSampleRun; CheckIfCFRequired; UseCF; SampleTrapped; Chop_CF_SamSub; SampleTrapped; BalanceRefToSamValue; DepletingBalance; SampleReady;",1.2624e-08,8.6639e-08,6.0365e-08,5.9935e-08,5.9892e-08,5.9835e-08,0.96,2018/01/01 01:38:36,0.10,2501,8448,1.0000e-03,45.793,20,0.000,-1.0549e-13,-5.4251e-14,-5.7877e-14,-2.2681e-14,1.1771e-13,4.5070e-12,20.00,21.00,25.00,3.92470e-08,3.86772e-08,1.19746e-02,4.2122e-03,4.9035e-05,4.6742e-06,5.8958e-08,1.1906e-02,4.1613e-03,4.8185e-05,4.5626e-06,5.6901e-08,5.7917,12.2375,17.6348,24.4660,36.5430,2.4115,0.001,0,60,-3.6429,0.003,0,60,-0.4408,-0.1549,5.8402,
C:\Nu Stable\Results\2017\20171229 clumped Oman KDB,20171229 clumped Oman KDB,Data_3809 NCM.txt,NCM,C:\Nu Stable\Analyses\DI\CO2 20-6-20 clumped NuCarb.rdf,Clumped CO2 Iterative,2029/12/17 13:59:51,2018/01/01 03:04:41,489,46,1.7889e-07,3.658376E-10,CF,29.877,1.000e-03,2,1.0000e-03,6336,  InitialisePrepSampleRun; CheckIfCFRequired; UseCF; SampleTrapped; Chop_CF_SamSub; SampleTrapped; Chop_CF_SamSub; SampleTrapped; BalanceRefToSamValue; DepletingBalance; SampleReady;",1.2231e-08,8.3185e-08,3.5790e-08,3.5548e-08,3.5536e-08,3.5504e-08,0.96,2018/01/01 03:04:01,0.09,3640,8447,1.0000e-03,45.793,20,0.000,-1.0550e-13,-5.4267e-14,-5.7841e-14,-2.2738e-14,1.1732e-13,4.4516e-12,18.00,19.00,25.00,2.46391e-08,2.45640e-08,1.19742e-02,4.2128e-03,4.9058e-05,4.6752e-06,5.8182e-08,1.1906e-02,4.1625e-03,4.8222e-05,4.5662e-06,5.6142e-08,5.7420,12.0853,17.3566,23.8771,36.1165,2.3638,0.001,0,60,-3.7928,0.002,0,60,-0.5153,-0.4292,5.7765,
C:\Nu Stable\Results\2017\20171229 clumped Oman KDB,20171229 clumped Oman KDB,Data_3810 NCM.txt,NCM,C:\Nu Stable\Analyses\DI\CO2 20-6-20 clumped NuCarb.rdf,Clumped CO2 Iterative,2029/12/17 13:59:51,2018/01/01 04:28:41,474,47,1.9920e-07,4.202534E-10,CF,32.806,1.000e-03,2,1.0000e-03,6304,  InitialisePrepSampleRun; CheckIfCFRequired; UseCF; SampleTrapped; Chop_CF_SamSub; SampleTrapped; Chop_CF_SamSub; SampleTrapped; BalanceRefToSamValue; DepletingBalance; SampleReady;",1.2048e-08,8.0200e-08,4.0078e-08,3.9924e-08,3.9904e-08,3.9849e-08,0.96,2018/01/01 04:28:00,0.14,3280,8447,1.0000e-03,45.793,20,0.000,-1.0550e-13,-5.4320e-14,-5.7895e-14,-2.3046e-14,1.1709e-13,4.5258e-12,19.00,20.00,25.00,2.72630e-08,2.71238e-08,1.19741e-02,4.2127e-03,4.9055e-05,4.6767e-06,5.8970e-08,1.1905e-02,4.1620e-03,4.8211e-05,4.5661e-06,5.7393e-08,5.7715,12.1927,17.4979,24.2098,28.7832,2.3916,0.001,0,60,-3.6870,0.001,0,60,-0.5111,-0.3166,-1.5816,
C:\Nu Stable\Results\2017\20171229 clumped Oman KDB,20171229 clumped Oman KDB,Data_3811 NCM.txt,NCM,C:\Nu Stable\Analyses\DI\CO2 20-6-20 clumped NuCarb.rdf,Clumped CO2 Iterative,2029/12/17 13:59:51,2018/01/01 05:50:28,482,48,1.3332e-07,2.765938E-10,CF,24.536,1.000e-03,1,1.0000e-03,6336,  InitialisePrepSampleRun; CheckIfCFRequired; UseCF; SampleTrapped; Chop_CF_SamSub; SampleTrapped; BalanceRefToSamValue; DepletingBalance; SampleReady;",1.1706e-08,7.7851e-08,6.0165e-08,5.9655e-08,5.9608e-08,5.9539e-08,0.96,2018/01/01 05:49:48,0.12,2287,8447,1.0000e-03,45.793,20,0.000,-1.0550e-13,-5.4312e-14,-5.7934e-14,-2.3550e-14,1.1487e-13,4.3514e-12,20.00,21.00,25.00,3.92194e-08,3.86848e-08,1.19742e-02,4.2119e-03,4.9027e-05,4.6734e-06,5.9808e-08,1.1905e-02,4.1611e-03,4.8181e-05,4.5624e-06,5.8033e-08,5.7869,12.2192,17.5710,24.3432,30.7243,2.4070,0.001,0,60,-3.6610,0.003,0,60,-0.4808,-0.2386,0.2344,
C:\Nu Stable\Results\2017\20171229 clumped Oman KDB,20171229 clumped Oman KDB,Data_3812 NCM.txt,NCM,C:\Nu Stable\Analyses\DI\CO2 20-6-20 clumped NuCarb.rdf,Clumped CO2 Iterative,2029/12/17 13:59:51,2018/01/01 07:51:52,488,49,1.6804e-07,3.443359E-10,CF,28.351,1.000e-03,2,1.0000e-03,6304,  InitialisePrepSampleRun; CheckIfCFRequired; UseCF; SampleTrapped; Chop_CF_SamSub; SampleTrapped; Chop_CF_SamSub; SampleTrapped; BalanceRefToSamValue; DepletingBalance; SampleReady;",1.1414e-08,7.3764e-08,3.4771e-08,3.4677e-08,3.4662e-08,3.4619e-08,0.96,2018/01/01 07:51:12,0.12,3468,8446,1.0000e-03,45.789,20,0.000,-1.0533e-13,-5.4280e-14,-5.7879e-14,-2.4481e-14,1.1246e-13,4.1172e-12,18.00,19.00,25.00,2.39597e-08,2.39465e-08,1.19738e-02,4.2131e-03,4.9060e-05,4.6763e-06,5.5299e-08,1.1905e-02,4.1621e-03,4.8213e-05,4.5653e-06,5.3011e-08,5.8005,12.2549,17.5907,24.3241,42.2227,2.4203,0.001,0,60,-3.6258,0.001,0,60,-0.5101,-0.3278,11.3083,
C:\Nu Stable\Results\2017\20171229 clumped Oman KDB,20171229 clumped Oman KDB,Data_3765 ETH1.txt,ETH1,C:\Nu Stable\Analyses\DI\CO2 20-6-20 clumped NuCarb.rdf,Clumped CO2 Iterative,2029/12/17 13:59:51,2017/12/29 13:59:51,461,3,1.8199e-07,3.947777E-10,CF,30.914,1.000e-03,1,1.0000e-03,6304,  InitialisePrepSampleRun; CheckIfCFRequired; UseCF; SampleTrapped; Chop_CF_SamSub; SampleTrapped; BalanceRefToSamValue; DepletingBalance; SampleReady;",3.9822e-08,1.0727e-07,8.1406e-08,8.1649e-08,8.1630e-08,8.1705e-08,0.96,2029/12/17 13:59:11,-0.09,4983,8447,1.0000e-03,45.806,20,0.000,-1.0500e-13,-5.2916e-14,-5.7650e-14,-2.4632e-14,1.1337e-13,4.0877e-12,22.00,23.00,25.00,5.23907e-08,5.10392e-08,1.19806e-02,4.2120e-03,4.9036e-05,4.6921e-06,6.1800e-08,1.1912e-02,4.1623e-03,4.8208e-05,4.5835e-06,5.8573e-08,5.7322,11.9180,17.1671,23.6724,55.9898,2.3591,0.003,0,60,-3.9577,0.005,0,60,-0.5287,-0.2984,25.4130,
C:\Nu Stable\Results\2017\20171229 clumped Oman KDB,20171229 clumped Oman KDB,Data_3812 NCM.txt,NCM,C:\Nu Stable\Analyses\DI\CO2 20-6-20 clumped NuCarb.rdf,Clumped CO2 Iterative,2029/12/17 13:59:51,2018/01/01 07:51:52,488,49,1.6804e-07,3.443359E-10,CF,28.351,1.000e-03,2,1.0000e-03,6304,  InitialisePrepSampleRun; CheckIfCFRequired; UseCF; SampleTrapped; Chop_CF_SamSub; SampleTrapped; Chop_CF_SamSub; SampleTrapped; BalanceRefToSamValue; DepletingBalance; SampleReady;",1.1414e-08,7.3764e-08,3.4771e-08,3.4677e-08,3.4662e-08,3.4619e-08,0.96,2018/01/01 07:51:12,0.12,3468,8446,1.0000e-03,45.789,20,0.000,-1.0533e-13,-5.4280e-14,-5.7879e-14,-2.4481e-14,1.1246e-13,4.1172e-12,18.00,19.00,25.00,2.39597e-08,2.39465e-08,1.19738e-02,4.2131e-03,4.9060e-05,4.6763e-06,5.5299e-08,1.1905e-02,4.1621e-03,4.8213e-05,4.5653e-06,5.3011e-08,5.8005,12.2549,17.5907,24.3241,42.2227,2.4203,0.001,0,60,-3.6258,0.001,0,60,-0.5101,-0.3278,11.3083,
C:\Nu Stable\Results\2017\20171229 clumped Oman KDB,20171229 clumped Oman KDB,Data_3811 NCM.txt,NCM,C:\Nu Stable\Analyses\DI\CO2 20-6-20 clumped NuCarb.rdf,Clumped CO2 Iterative,2029/12/17 13:59:51,2018/01/01 05:50:28,482,48,1.3332e-07,2.765938E-10,CF,24.536,1.000e-03,1,1.0000e-03,6336,  InitialisePrepSampleRun; CheckIfCFRequired; UseCF; SampleTrapped; Chop_CF_SamSub; SampleTrapped; BalanceRefToSamValue; DepletingBalance; SampleReady;",1.1706e-08,7.7851e-08,6.0165e-08,5.9655e-08,5.9608e-08,5.9539e-08,0.96,2018/01/01 05:49:48,0.12,2287,8447,1.0000e-03,45.793,20,0.000,-1.0550e-13,-5.4312e-14,-5.7934e-14,-2.3550e-14,1.1487e-13,4.3514e-12,20.00,21.00,25.00,3.92194e-08,3.86848e-08,1.19742e-02,4.2119e-03,4.9027e-05,4.6734e-06,5.9808e-08,1.1905e-02,4.1611e-03,4.8181e-05,4.5624e-06,5.8033e-08,5.7869,12.2192,17.5710,24.3432,30.7243,2.4070,0.001,0,60,-3.6610,0.003,0,60,-0.4808,-0.2386,0.2344,
C:\Nu Stable\Results\2017\20171229 clumped Oman KDB,20171229 clumped Oman KDB,Data_3810 NCM.txt,NCM,C:\Nu Stable\Analyses\DI\CO2 20-6-20 clumped NuCarb.rdf,Clumped CO2 Iterative,2029/12/17 13:59:51,2018/01/01 04:28:41,474,47,1.9920e-07,4.202534E-10,CF,32.806,1.000e-03,2,1.0000e-03,6304,  InitialisePrepSampleRun; CheckIfCFRequired; UseCF; SampleTrapped; Chop_CF_SamSub; SampleTrapped; Chop_CF_SamSub; SampleTrapped; BalanceRefToSamValue; DepletingBalance; SampleReady;",1.2048e-08,8.0200e-08,4.0078e-08,3.9924e-08,3.9904e-08,3.9849e-08,0.96,2018/01/01 04:28:00,0.14,3280,8447,1.0000e-03,45.793,20,0.000,-1.0550e-13,-5.4320e-14,-5.7895e-14,-2.3046e-14,1.1709e-13,4.5258e-12,19.00,20.00,25.00,2.72630e-08,2.71238e-08,1.19741e-02,4.2127e-03,4.9055e-05,4.6767e-06,5.8970e-08,1.1905e-02,4.1620e-03,4.8211e-05,4.5661e-06,5.7393e-08,5.7715,12.1927,17.4979,24.2098,28.7832,2.3916,0.001,0,60,-3.6870,0.001,0,60,-0.5111,-0.3166,-1.5816,
C:\Nu Stable\Results\2017\20171229 clumped Oman KDB,20171229 clumped Oman KDB,Data_3809 NCM.txt,NCM,C:\Nu Stable\Analyses\DI\CO2 20-6-20 clumped NuCarb.rdf,Clumped CO2 Iterative,2029/12/17 13:59:51,2018/01/01 03:04:41,489,46,1.7889e-07,3.658376E-10,CF,29.877,1.000e-03,2,1.0000e-03,6336,  InitialisePrepSampleRun; CheckIfCFRequired; UseCF; SampleTrapped; Chop_CF_SamSub; SampleTrapped; Chop_CF_SamSub; SampleTrapped; BalanceRefToSamValue; DepletingBalance; SampleReady;",1.2231e-08,8.3185e-08,3.5790e-08,3.5548e-08,3.5536e-08,3.5504e-08,0.96,2018/01/01 03:04:01,0.09,3640,8447,1.0000e-03,45.793,20,0.000,-1.0550e-13,-5.4267e-14,-5.7841e-14,-2.2738e-14,1.1732e-13,4.4516e-12,18.00,19.00,25.00,2.46391e-08,2.45640e-08,1.19742e-02,4.2128e-03,4.9058e-05,4.6752e-06,5.8182e-08,1.1906e-02,4.1625e-03,4.8222e-05,4.5662e-06,5.6142e-08,5.7420,12.0853,17.3566,23.8771,36.1165,2.3638,0.001,0,60,-3.7928,0.002,0,60,-0.5153,-0.4292,5.7765,
C:\Nu Stable\Results\2017\20171229 clumped Oman KDB,20171229 clumped Oman KDB,Data_3808 NCM.txt,NCM,C:\Nu Stable\Analyses\DI\CO2 20-6-20 clumped NuCarb.rdf,Clumped CO2 Iterative,2029/12/17 13:59:51,2018/01/01 01:39:16,450,45,1.3486e-07,2.996913E-10,CF,24.231,1.000e-03,1,1.0000e-03,6336,  InitialisePrepSampleRun; CheckIfCFRequired; UseCF; SampleTrapped; Chop_CF_SamSub; SampleTrapped; BalanceRefToSamValue; DepletingBalance; SampleReady;",1.2624e-08,8.6639e-08,6.0365e-08,5.9935e-08,5.9892e-08,5.9835e-08,0.96,2018/01/01 01:38:36,0.10,2501,8448,1.0000e-03,45.793,20,0.000,-1.0549e-13,-5.4251e-14,-5.7877e-14,-2.2681e-14,1.1771e-13,4.5070e-12,20.00,21.00,25.00,3.92470e-08,3.86772e-08,1.19746e-02,4.2122e-03,4.9035e-05,4.6742e-06,5.8958e-08,1.1906e-02,4.1613e-03,4.8185e-05,4.5626e-06,5.6901e-08,5.7917,12.2375,17.6348,24.4660,36.5430,2.4115,0.001,0,60,-3.6429,0.003,0,60,-0.4408,-0.1549,5.8402,
C:\Nu Stable\Results\2017\20171229 clumped Oman KDB,20171229 clumped Oman KDB,Data_3807 NCM.txt,NCM,C:\Nu Stable\Analyses\DI\CO2 20-6-20 clumped NuCarb.rdf,Clumped CO2 Iterative,2029/12/17 13:59:51,2018/01/01 00:17:53,458,44,1.6406e-07,3.582111E-10,CF,27.893,1.000e-03,1,1.0000e-03,6304,  InitialisePrepSampleRun; CheckIfCFRequired; UseCF; SampleTrapped; Chop_CF_SamSub; SampleTrapped; BalanceRefToSamValue; DepletingBalance; SampleReady;",1.3275e-08,9.0286e-08,7.3990e-08,7.3393e-08,7.3350e-08,7.3339e-08,0.96,2018/01/01 00:17:13,0.02,2141,8448,1.0000e-03,45.789,20,0.000,-1.0551e-13,-5.4157e-14,-5.7876e-14,-2.2772e-14,1.1782e-13,4.5168e-12,21.00,22.00,25.00,4.72934e-08,4.63058e-08,1.19735e-02,4.2116e-03,4.9009e-05,4.6699e-06,5.8821e-08,1.1905e-02,4.1606e-03,4.8166e-05,4.5587e-06,5.8098e-08,5.7838,12.2574,17.5500,24.4377,23.7401,2.4024,0.002,0,60,-3.6233,0.005,0,60,-0.5353,-0.2218,-6.6145,
C:\Nu Stable\Results\2017\20171229 clumped Oman KDB,20171229 clumped Oman KDB,Data_3806 NCM.txt,NCM,C:\Nu Stable\Analyses\DI\CO2 20-6-20 clumped NuCarb.rdf,Clumped CO2 Iterative,2029/12/17 13:59:51,2017/12/31 22:56:20,457,43,2.0104e-07,4.399066E-10,CF,33.630,1.000e-03,2,1.0000e-03,6336,  InitialisePrepSampleRun; CheckIfCFRequired; UseCF; SampleTrapped; Chop_CF_SamSub; SampleTrapped; Chop_CF_SamSub; SampleTrapped; BalanceRefToSamValue; DepletingBalance; SampleReady;",1.3563e-08,9.2811e-08,4.0294e-08,4.0039e-08,4.0024e-08,4.0003e-08,0.96,1931/12/17 22:55:40,0.05,3612,8446,1.0000e-03,45.789,20,0.000,-1.0544e-13,-5.4266e-14,-5.7876e-14,-2.2717e-14,1.1786e-13,4.4373e-12,19.00,20.00,25.00,2.73674e-08,2.71855e-08,1.19736e-02,4.2130e-03,4.9060e-05,4.6786e-06,5.7010e-08,1.1905e-02,4.1619e-03,4.8209e-05,4.5667e-06,5.4537e-08,5.7990,12.2721,17.6558,24.4905,44.9245,2.4181,0.001,0,60,-3.6088,0.002,0,60,-0.4613,-0.1994,13.8973,
C:\Nu Stable\Results\2017\20171229 clumped Oman KDB,20171229 clumped Oman KDB,Data_3807 NCM.txt,NCM,C:\Nu Stable\Analyses\DI\CO2 20-6-20 clumped NuCarb.rdf,Clumped CO2 Iterative,2029/12/17 13:59:51,2018/01/01 00:17:53,458,44,1.6406e-07,3.582111E-10,CF,27.893,1.000e-03,1,1.0000e-03,6304,  InitialisePrepSampleRun; CheckIfCFRequired; UseCF; SampleTrapped; Chop_CF_SamSub; SampleTrapped; BalanceRefToSamValue; DepletingBalance; SampleReady;",1.3275e-08,9.0286e-08,7.3990e-08,7.3393e-08,7.3350e-08,7.3339e-08,0.96,2018/01/01 00:17:13,0.02,2141,8448,1.0000e-03,45.789,20,0.000,-1.0551e-13,-5.4157e-14,-5.7876e-14,-2.2772e-14,1.1782e-13,4.5168e-12,21.00,22.00,25.00,4.72934e-08,4.63058e-08,1.19735e-02,4.2116e-03,4.9009e-05,4.6699e-06,5.8821e-08,1.1905e-02,4.1606e-03,4.8166e-05,4.5587e-06,5.8098e-08,5.7838,12.2574,17.5500,24.4377,23.7401,2.4024,0.002,0,60,-3.6233,0.005,0,60,-0.5353,-0.2218,-6.6145,
C:\Nu Stable\Results\2017\20171229 clumped Oman KDB,20171229 clumped Oman KDB,Data_3806 NCM.txt,NCM,C:\Nu Stable\Analyses\DI\CO2 20-6-20 clumped NuCarb.rdf,Clumped CO2 Iterative,2029/12/17 13:59:51,2017/12/31 22:56:20,457,43,2.0104e-07,4.399066E-10,CF,33.630,1.000e-03,2,1.0000e-03,6336,  InitialisePrepSampleRun; CheckIfCFRequired; UseCF; SampleTrapped; Chop_CF_SamSub; SampleTrapped; Chop_CF_SamSub; SampleTrapped; BalanceRefToSamValue; DepletingBalance; SampleReady;",1.3563e-08,9.2811e-08,4.0294e-08,4.0039e-08,4.0024e-08,4.0003e-08,0.96,1931/12/17 22:55:40,0.05,3612,8446,1.0000e-03,45.789,20,0.000,-1.0544e-13,-5.4266e-14,-5.7876e-14,-2.2717e-14,1.1786e-13,4.4373e-12,19.00,20.00,25.00,2.73674e-08,2.71855e-08,1.19736e-02,4.2130e-03,4.9060e-05,4.6786e-06,5.7010e-08,1.1905e-02,4.1619e-03,4.8209e-05,4.5667e-06,5.4537e-08,5.7990,12.2721,17.6558,24.4905,44.9245,2.4181,0.001,0,60,-3.6088,0.002,0,60,-0.4613,-0.1994,13.8973,
C:\Nu Stable\Results\2017\20171229 clumped Oman KDB,20171229 clumped Oman KDB,Data_3805 NCM.txt,NCM,C:\Nu Stable\Analyses\DI\CO2 20-6-20 clumped NuCarb.rdf,Clumped CO2 Iterative,2029/12/17 13:59:51,2017/12/31 21:31:54,482,42,2.2148e-07,4.594998E-10,CF,35.248,1.000e-03,2,1.0000e-03,6304,  InitialisePrepSampleRun; CheckIfCFRequired; UseCF; SampleTrapped; Chop_CF_SamSub; SampleTrapped; Chop_CF_SamSub; SampleTrapped; BalanceRefToSamValue; DepletingBalance; SampleReady;",1.3807e-08,9.6464e-08,4.4140e-08,4.3746e-08,4.3743e-08,4.3642e-08,0.96,1931/12/17 21:31:14,0.23,3447,8446,1.0000e-03,45.791,20,0.000,-1.0543e-13,-5.4082e-14,-5.7863e-14,-2.1520e-14,1.2074e-13,4.6599e-12,19.00,20.00,25.00,2.97414e-08,2.95233e-08,1.19740e-02,4.2128e-03,4.9053e-05,4.6727e-06,5.6790e-08,1.1905e-02,4.1619e-03,4.8208e-05,4.5617e-06,5.5691e-08,5.7938,12.2396,17.5440,24.3347,19.6998,2.4137,0.001,0,60,-3.6409,0.002,0,60,-0.5342,-0.2871,-10.5103,
C:\Nu Stable\Results\2017\20171229 clumped Oman KDB,20171229 clumped Oman KDB,Data_3804 NCM.txt,NCM,C:\Nu Stable\Analyses\DI\CO2 20-6-20 clumped NuCarb.rdf,Clumped CO2 Iterative,2029/12/17 13:59:51,2017/12/31 20:06:47,508,41,1.8415e-07,3.624965E-10,CF,30.426,1.000e-03,1,1.0000e-03,6304,  InitialisePrepSampleRun; CheckIfCFRequired; UseCF; SampleTrapped; Chop_CF_SamSub; SampleTrapped; BalanceRefToSamValue; DepletingBalance; SampleReady;",1.4395e-08,1.0091e-07,8.2435e-08,8.1635e-08,8.1580e-08,8.1537e-08,0.96,1931/12/17 20:06:07,0.05,2141,8446,1.0000e-03,45.791,20,0.000,-1.0562e-13,-5.4081e-14,-5.7872e-14,-2.1374e-14,1.2215e-13,4.7717e-12,22.00,22.00,25.00,5.17230e-08,5.04884e-08,1.19742e-02,4.2114e-03,4.9007e-05,4.6698e-06,6.0310e-08,1.1905e-02,4.1605e-03,4.8160e-05,4.5580e-06,5.8191e-08,5.7779,12.2351,17.5954,24.5325,36.7873,2.3969,0.002,0,60,-3.6453,0.005,0,60,-0.4630,-0.0851,6.0962,
C:\Nu Stable\Results\2017\20171229 clumped Oman KDB,20171229 clumped Oman KDB,Data_3803 NCM.txt,NCM,C:\Nu Stable\Analyses\DI\CO2 20-6-20 clumped NuCarb.rdf,Clumped CO2 Iterative,2029/12/17 13:59:51,2017/12/31 18:45:10,454,40,1.7611e-07,3.878965E-10,CF,30.060,1.000e-03,1,1.0000e-03,6304,  InitialisePrepSampleRun; CheckIfCFRequired; UseCF; SampleTrapped; Chop_CF_SamSub; SampleTrapped; BalanceRefToSamValue; DepletingBalance; SampleReady;",1.4920e-08,1.0595e-07,7.9007e-08,7.8257e-08,7.8241e-08,7.8146e-08,0.96,1931/12/17 18:44:30,0.12,2328,8446,1.0000e-03,45.795,20,0.000,-1.0558e-13,-5.4111e-14,-5.7892e-14,-2.1595e-14,1.2100e-13,4.7037e-12,22.00,22.00,25.00,5.00056e-08,4.89723e-08,1.19710e-02,4.2119e-03,4.9014e-05,4.6723e-06,5.8996e-08,1.1906e-02,4.1605e-03,4.8166e-05,4.5594e-06,5.7275e-08,5.4237,12.3695,17.6179,24.7528,29.9953,2.0156,0.002,0,60,-3.5121,0.004,0,60,-0.2088,-0.1358,-0.3814,
C:\Nu Stable\Results\2017\20171229 clumped Oman KDB,20171229 clumped Oman KDB,Data_3802 ETH3.txt,ETH3,C:\Nu Stable\Analyses\DI\CO2 20-6-20 clumped NuCarb.rdf,Clumped CO2 Iterative,2029/12/17 13:59:51,2017/12/31 17:23:32,474,39,2.0133e-07,4.247568E-10,CF,33.264,1.000e-03,1,1.0000e-03,6304,  InitialisePrepSampleRun; CheckIfCFRequired; UseCF; SampleTrapped; Chop_CF_SamSub; SampleTrapped; BalanceRefToSamValue; DepletingBalance; SampleReady;",1.5670e-08,1.0608e-07,9.0706e-08,8.9732e-08,8.9047e-08,8.9332e-08,0.96,1931/12/17 17:22:40,-0.32,2136,8446,1.0000e-03,45.795,20,0.000,-1.0555e-13,-5.4142e-14,-5.7888e-14,-2.1451e-14,1.2100e-13,4.7681e-12,22.00,23.00,25.00,5.60655e-08,5.44705e-08,1.18305e-02,4.1391e-03,4.7571e-05,4.5133e-06,5.5753e-08,1.1906e-02,4.1595e-03,4.8144e-05,4.5579e-06,5.6049e-08,-6.3375,-4.9240,-11.9031,-9.7819,-5.1177,-9.8968,0.002,0,60,-20.5270,0.005,0,60,-0.5636,0.0423,11.4065,
C:\Nu Stable\Results\2017\20171229 clumped Oman KDB,20171229 clumped Oman KDB,Data_3801 ETH2.txt,ETH2,C:\Nu Stable\Analyses\DI\CO2 20-6-20 clumped NuCarb.rdf,Clumped CO2 Iterative,2029/12/17 13:59:51,2017/12/31 16:01:56,471,38,1.6012e-07,3.399507E-10,CF,28.137,1.000e-03,1,1.0000e-03,6304,  InitialisePrepSampleRun; CheckIfCFRequired; UseCF; SampleTrapped; Chop_CF_SamSub; SampleTrapped; BalanceRefToSamValue; DepletingBalance; SampleReady;",1.6521e-08,1.0672e-07,7.1759e-08,7.1456e-08,7.1419e-08,7.1413e-08,0.96,1931/12/17 16:01:16,0.01,2705,8446,1.0000e-03,45.795,20,0.000,-1.0551e-13,-5.4108e-14,-5.7923e-14,-2.3954e-14,1.1614e-13,4.2737e-12,21.00,22.00,25.00,4.64005e-08,4.55257e-08,1.18889e-02,4.1960e-03,4.8486e-05,4.6374e-06,5.8649e-08,1.1906e-02,4.1605e-03,4.8167e-05,4.5595e-06,5.6545e-08,-1.4450,8.5375,6.6220,17.0884,37.2667,-5.1576,0.002,0,60,-7.2730,0.004,0,60,-0.2772,-0.0585,21.6319,
C:\Nu Stable\Results\2017\20171229 clumped Oman KDB,20171229 clumped Oman KDB,Data_3799 KDW2 59.0.txt,KDW2 59.0,C:\Nu Stable\Analyses\DI\CO2 20-6-20 clumped NuCarb.rdf,Clumped CO2 Iterative,2029/12/17 13:59:51,2017/12/31 13:24:59,500,37,2.0937e-07,4.18745E-10,CF,33.935,1.000e-03,1,1.0000e-03,6304,  InitialisePrepSampleRun; CheckIfCFRequired; UseCF; SampleTrapped; Chop_CF_SamSub; SampleTrapped; BalanceRefToSamValue; DepletingBalance; SampleReady;",1.6903e-08,1.0643e-07,9.4349e-08,8.9762e-08,8.9691e-08,8.9622e-08,0.96,1931/12/17 13:24:19,0.08,2324,8446,1.0000e-03,45.795,20,0.000,-1.0551e-13,-5.3991e-14,-5.7875e-14,-1.9632e-14,1.2612e-13,5.1534e-12,22.00,23.00,25.00,5.64313e-08,5.49790e-08,1.19886e-02,4.2066e-03,4.9019e-05,4.6593e-06,5.7797e-08,1.1905e-02,4.1596e-03,4.8144e-05,4.5564e-06,5.5637e-08,7.0371,11.2822,18.1694,22.5631,38.8305,3.7687,0.003,0,60,-4.5869,0.006,0,60,-0.2611,-0.1258,8.6065,
C:\Nu Stable\Results\2017\20171229 clumped Oman KDB,20171229 clumped Oman KDB,Data_3798 ETH4.txt,ETH4,C:\Nu Stable\Analyses\DI\CO2 20-6-20 clumped NuCarb.rdf,Clumped CO2 Iterative,2029/12/17 13:59:51,1899/12/30 00:00:00,475,36,1.9188e-07,4.039541E-10,CF,31.250,1.000e-03,1,1.0000e-03,6304,  InitialisePrepSampleRun; CheckIfCFRequired; UseCF; SampleTrapped; Chop_CF_SamSub; SampleTrapped; BalanceRefToSamValue; DepletingBalance; SampleReady;",1.7549e-08,1.0687e-07,8.5848e-08,8.5002e-08,8.4927e-08,8.4854e-08,0.96,1931/12/17 12:00:26,0.09,2537,8447,1.0000e-03,45.795,20,0.000,-1.0551e-13,-5.3963e-14,-5.7833e-14,-2.0292e-14,1.2358e-13,4.9809e-12,22.00,23.00,25.00,5.35394e-08,5.23057e-08,1.18292e-02,4.1391e-03,4.7583e-05,4.5117e-06,5.5907e-08,1.1905e-02,4.1596e-03,4.8145e-05,4.5562e-06,5.5766e-08,-6.3501,-4.9379,-11.6640,-9.7570,2.3353,-9.9097,0.002,0,60,-20.5406,0.004,0,60,-0.2950,0.0953,19.0247,
C:\Nu Stable\Results\2017\20171229 clumped Oman KDB,20171229 clumped Oman KDB,Data_3797 ETH1.txt,ETH1,C:\Nu Stable\Analyses\DI\CO2 20-6-20 clumped NuCarb.rdf,Clumped CO2 Iterative,2029/12/17 13:59:51,2017/12/31 10:39:29,458,35,1.8920e-07,4.131054E-10,CF,31.402,1.000e-03,1,1.0000e-03,6368,  InitialisePrepSampleRun; CheckIfCFRequired; UseCF; SampleTrapped; Chop_CF_SamSub; SampleTrapped; BalanceRefToSamValue; DepletingBalance; SampleReady;",1.8144e-08,1.0675e-07,8.4930e-08,8.4297e-08,8.4213e-08,8.4146e-08,0.96,1931/12/17 10:38:49,0.08,2638,8449,1.0000e-03,45.791,20,0.000,-1.0550e-13,-5.3926e-14,-5.7831e-14,-2.0126e-14,1.2487e-13,5.0309e-12,22.00,23.00,25.00,5.33715e-08,5.21290e-08,1.19723e-02,4.2095e-03,4.8970e-05,4.6649e-06,5.8130e-08,1.1904e-02,4.1599e-03,4.8147e-05,4.5564e-06,5.5813e-08,5.7027,11.9093,17.0927,23.8035,41.7089,2.3281,0.002,0,60,-3.9662,0.005,0,60,-0.5631,-0.1532,11.5930,
C:\Nu Stable\Results\2017\20171229 clumped Oman KDB,20171229 clumped Oman KDB,Data_3796 KDW2 59.0.txt,KDW2 59.0,C:\Nu Stable\Analyses\DI\CO2 20-6-20 clumped NuCarb.rdf,Clumped CO2 Iterative,2029/12/17 13:59:51,2017/12/31 09:18:01,506,34,2.1593e-07,4.267403E-10,CF,34.485,1.000e-03,1,1.0000e-03,6304,  InitialisePrepSampleRun; CheckIfCFRequired; UseCF; SampleTrapped; Chop_CF_SamSub; SampleTrapped; BalanceRefToSamValue; DepletingBalance; SampleReady;",1.8953e-08,1.0662e-07,9.7247e-08,9.6193e-08,9.6141e-08,9.6064e-08,0.96,1931/12/17 09:17:21,0.08,2453,8449,1.0000e-03,45.791,20,0.000,-1.0541e-13,-5.4056e-14,-5.7851e-14,-1.9879e-14,1.2467e-13,5.1642e-12,23.00,23.00,25.00,5.97075e-08,5.81177e-08,1.19881e-02,4.2063e-03,4.9013e-05,4.6614e-06,5.7301e-08,1.1904e-02,4.1592e-03,4.8133e-05,4.5575e-06,5.4380e-08,7.0470,11.3324,18.2752,22.7686,53.8294,3.7775,0.003,0,60,-4.5375,0.007,0,60,-0.2161,-0.0239,23.0596,
C:\Nu Stable\Results\2017\20171229 clumped Oman KDB,20171229 clumped Oman KDB,Data_3795 MDE 292.5.txt,MDE 292.5,C:\Nu Stable\Analyses\DI\CO2 20-6-20 clumped NuCarb.rdf,Clumped CO2 Iterative,2029/12/17 13:59:51,2017/12/31 07:56:26,487,33,1.6936e-07,3.477624E-10,CF,28.747,1.000e-03,1,1.0000e-03,6336,  InitialisePrepSampleRun; CheckIfCFRequired; UseCF; SampleTrapped; Chop_CF_SamSub; SampleTrapped; BalanceRefToSamValue; DepletingBalance; SampleReady;",1.9447e-08,1.0677e-07,7.5518e-08,7.4918e-08,7.4847e-08,7.4751e-08,0.96,1931/12/17 07:55:46,0.13,3058,8442,1.0000e-03,45.795,20,0.000,-1.0544e-13,-5.4037e-14,-5.7829e-14,-2.0698e-14,1.2336e-13,4.9692e-12,22.00,22.00,25.00,4.80526e-08,4.70880e-08,1.18887e-02,4.1956e-03,4.8481e-05,4.6387e-06,5.8186e-08,1.1906e-02,4.1601e-03,4.8162e-05,4.5609e-06,5.6844e-08,-1.4370,8.5422,6.6295,17.0577,23.2734,-5.1493,0.002,0,60,-7.2684,0.004,0,60,-0.2825,-0.0980,7.8318,
C:\Nu Stable\Results\2017\20171229 clumped Oman KDB,20171229 clumped Oman KDB,Data_3796 KDW2 59.0.txt,KDW2 59.0,C:\Nu Stable\Analyses\DI\CO2 20-6-20 clumped NuCarb.rdf,Clumped CO2 Iterative,2029/12/17 13:59:51,2017/12/31 09:18:01,506,34,2.1593e-07,4.267403E-10,CF,34.485,1.000e-03,1,1.0000e-03,6304,  InitialisePrepSampleRun; CheckIfCFRequired; UseCF; SampleTrapped; Chop_CF_SamSub; SampleTrapped; BalanceRefToSamValue; DepletingBalance; SampleReady;",1.8953e-08,1.0662e-07,9.7247e-08,9.6193e-08,9.6141e-08,9.6064e-08,0.96,1931/12/17 09:17:21,0.08,2453,8449,1.0000e-03,45.791,20,0.000,-1.0541e-13,-5.4056e-14,-5.7851e-14,-1.9879e-14,1.2467e-13,5.1642e-12,23.00,23.00,25.00,5.97075e-08,5.81177e-08,1.19881e-02,4.2063e-03,4.9013e-05,4.6614e-06,5.7301e-08,1.1904e-02,4.1592e-03,4.8133e-05,4.5575e-06,5.4380e-08,7.0470,11.3324,18.2752,22.7686,53.8294,3.7775,0.003,0,60,-4.5375,0.007,0,60,-0.2161,-0.0239,23.0596,
