Batch,201806015 clumped Tufas OmanSval CYC KDB ABJ,Collected on,2018/06/15 18:32:39,Analysis Instrument,PS019,Acquisition Software,,Stable 1.69.5,Reanalyzed  on,2018/06/15 19:32:43,Reanalysis Instrument,PS019,Reanalysis Software,Stable 1.69.5

Data,Batch,Data,Sample,Method,Analysis,Batch,Time,Sample,Vial,Initial,Sample,ColdFinger,Transducer,InletPiraniPressure,Sample,MaxPumpOverPressure,RawPumpOverPressure,Sample,Min,Max,Pre-balance,Pre-depleted,Final,Final,Depletion,Balance,Balance,RefBellowsPos,SamBellowsPos,Pirani,Current,Zero,Zero,Zero,Zero,Zero,Zero,Zero,Zero,Sam,Ref,Ave,Ref Major,Sam Major,Sample,Sample,Sample,Sample,Sample,Ref,Ref,Ref,Ref,Ref,Raw,Raw,Raw,Raw,Raw,Delta(13),Std,Rejected,Num,Delta(18),Std,Rejected,Num,DELTA,DELTA,DELTA,
Dir   ,Name   ,File   ,Name   ,  ,  ,Started   ,Collected   ,Weight   ,Location   ,Sam Beam   ,Yield   ,Status   ,Pressure   ,  ,Chops   ,  ,  ,Operations   ,Ref Beam   ,Ref Beam   ,Sam Beam   ,Ref Beam   ,Sam Beam   ,Ref Beam   ,Factor  ,End   ,%  ,  ,  ,Pressure   ,Mass   ,Length    ,Offset   ,Beams (0) ,Beams (1) ,Beams (2) ,Beams (3) ,Beams (4) ,Beams (5) ,Depletion   ,Depletion   ,Temperature   ,Signal(44),Signal(44),Ratio(45/44),Ratio(46/44),Ratio(47/44),Ratio(48/44),Ratio(49/44),Ratio(45/44),Ratio(46/44),Ratio(47/44),Ratio(48/44),Ratio(49/44),Delta(45/44),Delta(46/44),Delta(47/44),Delta(48/44),Delta(49/44),wrt PDB,Err,,,wrt PDB,Err,,,47,48,49,

C:\Nu Stable\Results\2018\201806015 clumped Tufas OmanSval CYC KDB ABJ,201806015 clumped Tufas OmanSval CYC KDB ABJ,Data_5952 ETH-01.txt,ETH-01,C:\Nu Stable\Analyses\DI\CO2 20-6-20 clumped NuCarb.rdf,Clumped CO2 Iterative,2018/06/15 18:32:39,2018/06/15 18:32:39,425,1,1.1153e-07,2.624346E-10,CF,27.862,3.555e-02,1,3.4756e-02,14944, InitialisePrepSampleRun; CheckIfCFRequired; UseCF; SampleTrapped; Chop_CF_SamSub; SampleTrapped; BalanceRefToSamValue; DepletingBalance; SampleReady;,3.9952e-08,1.0628e-07,5.2433e-08,5.2657e-08,5.2615e-08,5.2540e-08,0.96,2018/06/15 18:31:59,0.14,6910,8447,3.5546e-02,46.017,20,0.000,-1.0454e-13,-5.4080e-14,-5.7236e-14,-1.1750e-14,1.4613e-13,6.9353e-12,16.00,17.00,70.03,3.73205e-08,3.76344e-08,1.20024e-02,4.2381e-03,4.9568e-05,4.7405e-06,6.1369e-08,1.1941e-02,4.1873e-03,4.8762e-05,4.6291e-06,6.3774e-08,5.1338,12.1438,16.5170,24.0575,-37.7933,2.1541,0.001,0,60,6.1738,0.001,0,60,-0.7741,-0.3685,-65.4740,
C:\Nu Stable\Results\2018\201806015 clumped Tufas OmanSval CYC KDB ABJ,201806015 clumped Tufas OmanSval CYC KDB ABJ,Data_5953 ETH-04.txt,ETH-04,C:\Nu Stable\Analyses\DI\CO2 20-6-20 clumped NuCarb.rdf,Clumped CO2 Iterative,2018/06/15 18:32:39,2018/06/15 19:53:39,429,2,1.1702e-07,2.727633E-10,CF,28.534,3.398e-02,1,3.4756e-02,14912, InitialisePrepSampleRun; CheckIfCFRequired; UseCF; SampleTrapped; Chop_CF_SamSub; SampleTrapped; BalanceRefToSamValue; DepletingBalance; SampleReady;,3.9337e-08,1.0637e-07,5.4885e-08,5.5106e-08,3.5912e-08,3.5440e-08,0.96,2018/06/15 19:52:59,1.33,6627,8446,3.3983e-02,46.012,20,0.000,-1.0473e-13,-5.2683e-14,-5.7332e-14,-1.2916e-14,1.4294e-13,6.6412e-12,17.00,17.00,70.03,2.53659e-08,2.61872e-08,1.18314e-02,4.1479e-03,4.7818e-05,4.4927e-06,5.8768e-08,1.1914e-02,4.1672e-03,4.8408e-05,4.5330e-06,6.2881e-08,-6.8982,-4.6228,-12.1808,-8.8616,-65.9063,-10.0708,0.001,0,60,-10.4853,0.002,0,60,-0.5617,0.3659,-50.3891,
C:\Nu Stable\Results\2018\201806015 clumped Tufas OmanSval CYC KDB ABJ,201806015 clumped Tufas OmanSval CYC KDB ABJ,Data_5954 ETH-03.txt,ETH-03,C:\Nu Stable\Analyses\DI\CO2 20-6-20 clumped NuCarb.rdf,Clumped CO2 Iterative,2018/06/15 18:32:39,2018/06/15 21:14:14,402,3,6.7814e-08,1.686919E-10,CF,26.550,3.476e-02,0,3.4756e-02,14912, InitialisePrepSampleRun; CheckIfCFRequired; UseCF; SampleTrapped; BalanceRefToSamValue; DepletingBalance; SampleReady;,2.5445e-08,1.0680e-07,6.5091e-08,6.5778e-08,6.5727e-08,6.5599e-08,0.96,2018/06/15 21:13:32,0.19,4373,8446,3.4756e-02,46.012,20,0.000,-1.0488e-13,-5.4252e-14,-5.7319e-14,-1.3327e-14,1.4196e-13,6.5786e-12,27.00,28.00,70.03,3.38823e-08,3.51581e-08,1.19711e-02,4.2198e-03,4.9233e-05,4.6985e-06,6.2973e-08,1.1914e-02,4.1673e-03,4.8411e-05,4.5835e-06,6.4805e-08,4.8147,12.5948,17.0013,25.0829,-28.0914,1.7989,0.001,0,60,6.6234,0.003,0,60,-0.4093,-0.2588,-56.5601,
C:\Nu Stable\Results\2018\201806015 clumped Tufas OmanSval CYC KDB ABJ,201806015 clumped Tufas OmanSval CYC KDB ABJ,Data_5955 ETH-02.txt,ETH-02,C:\Nu Stable\Analyses\DI\CO2 20-6-20 clumped NuCarb.rdf,Clumped CO2 Iterative,2018/06/15 18:32:39,2018/06/15 22:34:13,442,4,7.9550e-08,1.799774E-10,CF,30.304,3.398e-02,0,3.5546e-02,14944, InitialisePrepSampleRun; CheckIfCFRequired; UseCF; SampleTrapped; BalanceRefToSamValue; DepletingBalance; SampleReady;,2.4923e-08,1.0643e-07,7.6366e-08,7.7249e-08,7.7153e-08,7.7042e-08,0.96,2018/06/15 22:33:33,0.14,3863,8442,3.3983e-02,46.015,20,0.000,-1.0487e-13,-5.4413e-14,-5.7407e-14,-1.2156e-14,1.4534e-13,6.7359e-12,28.00,29.00,70.03,3.86340e-08,4.03930e-08,1.18326e-02,4.1484e-03,4.7820e-05,4.5440e-06,5.9243e-08,1.1914e-02,4.1674e-03,4.8414e-05,4.5874e-06,6.3112e-08,-6.8445,-4.5634,-12.2718,-9.4560,-60.8600,-10.0157,0.001,0,60,-10.4263,0.002,0,60,-0.7681,-0.3533,-45.4259,
C:\Nu Stable\Results\2018\201806015 clumped Tufas OmanSval CYC KDB ABJ,201806015 clumped Tufas OmanSval CYC KDB ABJ,Data_5956 IAEA-C1.txt,IAEA-C1,C:\Nu Stable\Analyses\DI\CO2 20-6-20 clumped NuCarb.rdf,Clumped CO2 Iterative,2018/06/15 18:32:39,2018/06/16 00:32:41,428,5,7.5305e-08,1.759452E-10,CF,28.351,3.476e-02,0,3.3227e-02,14880, InitialisePrepSampleRun; CheckIfCFRequired; UseCF; SampleTrapped; BalanceRefToSamValue; DepletingBalance; SampleReady;,2.4513e-08,1.0605e-07,7.2279e-08,7.3257e-08,7.3227e-08,7.2958e-08,0.96,2018/06/16 00:32:01,0.37,3971,8448,3.4756e-02,46.015,20,0.000,-1.0491e-13,-5.4456e-14,-5.7452e-14,-1.4057e-14,1.4091e-13,6.4418e-12,28.00,29.00,70.03,3.69180e-08,3.84887e-08,1.19801e-02,4.2178e-03,4.9235e-05,4.6947e-06,6.1873e-08,1.1914e-02,4.1675e-03,4.8416e-05,4.5857e-06,6.3927e-08,5.5321,12.0630,16.9040,23.7765,-32.4392,2.5807,0.001,0,60,6.0925,0.002,0,60,-0.7232,-0.4832,-60.5222,
C:\Nu Stable\Results\2018\201806015 clumped Tufas OmanSval CYC KDB ABJ,201806015 clumped Tufas OmanSval CYC KDB ABJ,Data_5957 CYC17-36A E.txt,CYC17-36A E,C:\Nu Stable\Analyses\DI\CO2 20-6-20 clumped NuCarb.rdf,Clumped CO2 Iterative,2018/06/15 18:32:39,2018/06/16 01:52:43,457,6,7.4781e-08,1.636353E-10,CF,28.534,3.398e-02,0,6.2364e-02,15712, InitialisePrepSampleRun; CheckIfCFRequired; UseCF; SampleTrapped; BalanceRefToSamValue; DepletingBalance; SampleReady;,2.3948e-08,1.0667e-07,7.1810e-08,7.2783e-08,7.2687e-08,7.2492e-08,0.96,2018/06/16 01:52:03,0.27,3914,8449,3.3983e-02,46.017,20,0.000,-1.0491e-13,-5.4453e-14,-5.7386e-14,-1.2322e-14,1.4452e-13,6.8092e-12,28.00,29.00,70.03,3.67533e-08,3.83933e-08,1.20255e-02,4.2421e-03,4.9695e-05,4.7607e-06,6.5063e-08,1.1914e-02,4.1680e-03,4.8418e-05,4.5893e-06,6.5750e-08,9.3241,17.7750,26.3620,37.3386,-10.7278,6.4197,0.001,0,60,11.7686,0.023,0,60,-0.8826,1.4215,-53.8127,
C:\Nu Stable\Results\2018\201806015 clumped Tufas OmanSval CYC KDB ABJ,201806015 clumped Tufas OmanSval CYC KDB ABJ,Data_5958 KG92 24.txt,KG92 24,C:\Nu Stable\Analyses\DI\CO2 20-6-20 clumped NuCarb.rdf,Clumped CO2 Iterative,2018/06/15 18:32:39,2018/06/16 03:13:06,488,7,8.2781e-08,1.696334E-10,CF,31.525,3.398e-02,0,3.6354e-02,14976, InitialisePrepSampleRun; CheckIfCFRequired; UseCF; SampleTrapped; BalanceRefToSamValue; DepletingBalance; SampleReady;,2.3471e-08,1.0654e-07,7.9476e-08,8.0253e-08,8.0169e-08,7.9934e-08,0.96,2018/06/16 03:12:26,0.29,3611,8447,3.3983e-02,46.017,20,0.000,-1.0500e-13,-5.4485e-14,-5.7475e-14,-1.1020e-14,1.4564e-13,6.9103e-12,28.00,29.00,70.03,3.97928e-08,4.17097e-08,1.19363e-02,4.2056e-03,4.8918e-05,4.6695e-06,6.3914e-08,1.1915e-02,4.1677e-03,4.8419e-05,4.5866e-06,6.6170e-08,1.8297,9.1031,10.3122,18.0703,-34.6973,-1.2575,0.001,0,60,3.1551,0.003,0,60,-0.5429,-0.2148,-53.5950,
C:\Nu Stable\Results\2018\201806015 clumped Tufas OmanSval CYC KDB ABJ,201806015 clumped Tufas OmanSval CYC KDB ABJ,Data_5959 CYC17-49B A.txt,CYC17-49B A,C:\Nu Stable\Analyses\DI\CO2 20-6-20 clumped NuCarb.rdf,Clumped CO2 Iterative,2018/06/15 18:32:39,2018/06/16 04:33:37,415,8,6.5237e-08,1.571979E-10,CF,26.062,3.476e-02,0,3.5546e-02,14912, InitialisePrepSampleRun; CheckIfCFRequired; UseCF; SampleTrapped; BalanceRefToSamValue; DepletingBalance; SampleReady;,2.3057e-08,1.0600e-07,6.2644e-08,6.3136e-08,6.3060e-08,6.2914e-08,0.96,2018/06/16 04:32:57,0.23,4191,8446,3.4756e-02,46.015,20,0.000,-1.0487e-13,-5.4495e-14,-5.7443e-14,-1.2485e-14,1.4366e-13,6.6447e-12,27.00,28.00,70.03,3.28240e-08,3.39392e-08,1.20212e-02,4.2371e-03,4.9647e-05,4.7380e-06,5.8501e-08,1.1914e-02,4.1673e-03,4.8413e-05,4.5851e-06,5.9954e-08,9.0196,16.7502,25.4961,33.3504,-24.1094,6.1310,0.001,0,60,10.7494,0.003,0,60,-0.4247,-0.4165,-64.4584,
C:\Nu Stable\Results\2018\201806015 clumped Tufas OmanSval CYC KDB ABJ,201806015 clumped Tufas OmanSval CYC KDB ABJ,Data_5960 ETH-04.txt,ETH-04,C:\Nu Stable\Analyses\DI\CO2 20-6-20 clumped NuCarb.rdf,Clumped CO2 Iterative,2018/06/15 18:32:39,2018/06/16 05:55:14,468,9,2.9641e-09,6.333611E-12,CF,0.152,3.476e-02,0,3.5546e-02,14944, InitialisePrepSampleRun; CheckIfCFRequired; UseCF; SampleTrapped; BalanceRefToSamValue; SampleReady; (BeamTooBig_RunningMisBalanced) ;,2.2644e-08,1.0576e-07,2.8474e-09,8.0253e-08,8.0169e-08,7.9934e-08,0.96,2018/06/16 05:54:22,-87.09,8397,8446,3.4756e-02,46.015,20,0.000,-1.0497e-13,-5.4572e-14,-5.7459e-14,-1.4759e-14,1.3946e-13,6.3023e-12,19.00,23.00,70.03,1.42403e-08,2.01259e-09,1.18268e-02,4.1455e-03,4.7859e-05,4.5439e-06,6.9816e-08,1.1913e-02,4.1667e-03,4.8411e-05,4.5808e-06,6.7039e-08,-7.2421,-5.0807,-11.4049,-8.0693,34.1176,-10.4209,0.016,0,60,-10.9403,0.029,0,60,1.0338,2.0859,52.6843,
C:\Nu Stable\Results\2018\201806015 clumped Tufas OmanSval CYC KDB ABJ,201806015 clumped Tufas OmanSval CYC KDB ABJ,Data_5961 ETH-03.txt,ETH-03,C:\Nu Stable\Analyses\DI\CO2 20-6-20 clumped NuCarb.rdf,Clumped CO2 Iterative,2018/06/15 18:32:39,2018/06/16 07:15:05,497,10,8.8386e-08,1.778392E-10,CF,33.813,3.398e-02,0,3.5546e-02,14944, InitialisePrepSampleRun; CheckIfCFRequired; UseCF; SampleTrapped; BalanceRefToSamValue; DepletingBalance; SampleReady;,2.2521e-08,1.0661e-07,8.4844e-08,8.5443e-08,8.5385e-08,8.5199e-08,0.96,2018/06/16 07:14:24,0.22,3355,8446,3.3983e-02,46.017,20,0.000,-1.0500e-13,-5.4545e-14,-5.7394e-14,-1.3822e-14,1.4066e-13,6.4784e-12,29.00,30.00,70.03,4.17148e-08,4.38310e-08,1.19723e-02,4.2205e-03,4.9247e-05,4.7027e-06,6.1913e-08,1.1915e-02,4.1677e-03,4.8419e-05,4.5871e-06,6.3542e-08,4.8485,12.6630,17.1046,25.2030,-25.2228,1.8326,0.001,0,60,6.6912,0.003,0,60,-0.4087,-0.2764,-53.9349,
C:\Nu Stable\Results\2018\201806015 clumped Tufas OmanSval CYC KDB ABJ,201806015 clumped Tufas OmanSval CYC KDB ABJ,Data_5962 PK99 KT3A.txt,PK99 KT3A,C:\Nu Stable\Analyses\DI\CO2 20-6-20 clumped NuCarb.rdf,Clumped CO2 Iterative,2018/06/15 18:32:39,2018/06/16 08:35:28,451,11,7.5125e-08,1.665743E-10,CF,28.503,3.476e-02,0,3.5546e-02,14944, InitialisePrepSampleRun; CheckIfCFRequired; UseCF; SampleTrapped; BalanceRefToSamValue; DepletingBalance; SampleReady;,2.2011e-08,1.0633e-07,7.2023e-08,7.2905e-08,7.2265e-08,7.2173e-08,0.96,2018/06/16 08:34:36,0.13,3674,8446,3.4756e-02,46.015,20,0.000,-1.0495e-13,-5.4523e-14,-5.7474e-14,-1.2601e-14,1.4296e-13,6.7127e-12,28.00,29.00,70.03,3.66526e-08,3.80975e-08,1.19132e-02,4.2041e-03,4.8803e-05,4.6646e-06,6.0493e-08,1.1914e-02,4.1673e-03,4.8413e-05,4.5849e-06,6.2891e-08,-0.0610,8.8215,8.0637,17.3927,-37.6372,-3.2600,0.001,0,60,2.8790,0.003,0,60,-0.5496,-0.3224,-54.0607,
C:\Nu Stable\Results\2018\201806015 clumped Tufas OmanSval CYC KDB ABJ,201806015 clumped Tufas OmanSval CYC KDB ABJ,Data_5963 CYC17-49B B.txt,CYC17-49B B,C:\Nu Stable\Analyses\DI\CO2 20-6-20 clumped NuCarb.rdf,Clumped CO2 Iterative,2018/06/15 18:32:39,2018/06/16 09:55:33,485,12,7.8015e-08,1.608567E-10,CF,30.212,3.476e-02,0,3.5546e-02,14944, InitialisePrepSampleRun; CheckIfCFRequired; UseCF; SampleTrapped; BalanceRefToSamValue; DepletingBalance; SampleReady;,2.1553e-08,1.0615e-07,7.4908e-08,7.5627e-08,7.5583e-08,7.5317e-08,0.96,2018/06/16 09:54:53,0.35,3527,8446,3.4756e-02,46.015,20,0.000,-1.0496e-13,-5.4571e-14,-5.7445e-14,-1.2726e-14,1.4334e-13,6.7386e-12,28.00,29.00,70.03,3.79244e-08,3.96381e-08,1.20227e-02,4.2371e-03,4.9654e-05,4.7395e-06,6.3452e-08,1.1914e-02,4.1674e-03,4.8412e-05,4.5866e-06,6.4714e-08,9.1265,16.7162,25.6598,33.3370,-18.5300,6.2459,0.001,0,60,10.7153,0.004,0,60,-0.3412,-0.3625,-59.1535,
C:\Nu Stable\Results\2018\201806015 clumped Tufas OmanSval CYC KDB ABJ,201806015 clumped Tufas OmanSval CYC KDB ABJ,Data_5964 G3 129f_A.txt,G3 129f_A,C:\Nu Stable\Analyses\DI\CO2 20-6-20 clumped NuCarb.rdf,Clumped CO2 Iterative,2018/06/15 18:32:39,2018/06/16 11:15:39,404,13,6.3087e-08,1.561558E-10,CF,25.452,3.398e-02,0,3.6354e-02,14944, InitialisePrepSampleRun; CheckIfCFRequired; UseCF; SampleTrapped; BalanceRefToSamValue; DepletingBalance; SampleReady;,2.1125e-08,1.0655e-07,6.0573e-08,6.1432e-08,6.1398e-08,6.1248e-08,0.96,2018/06/16 11:14:59,0.25,4011,8444,3.3983e-02,46.015,20,0.000,-1.0499e-13,-5.4537e-14,-5.7514e-14,-1.3368e-14,1.4230e-13,6.6170e-12,27.00,28.00,70.03,3.21193e-08,3.32428e-08,1.20119e-02,4.2140e-03,4.9335e-05,4.6861e-06,6.2704e-08,1.1914e-02,4.1672e-03,4.8412e-05,4.5837e-06,6.4413e-08,8.2443,11.2214,19.0750,22.3268,-26.6142,5.4963,0.001,0,60,5.2491,0.003,0,60,-0.5473,-0.2365,-56.0249,
C:\Nu Stable\Results\2018\201806015 clumped Tufas OmanSval CYC KDB ABJ,201806015 clumped Tufas OmanSval CYC KDB ABJ,Data_5965 ETH-02.txt,ETH-02,C:\Nu Stable\Analyses\DI\CO2 20-6-20 clumped NuCarb.rdf,Clumped CO2 Iterative,2018/06/15 18:32:39,2018/06/16 12:35:51,439,14,7.7598e-08,1.767604E-10,CF,29.907,3.398e-02,0,3.4756e-02,16128, InitialisePrepSampleRun; CheckIfCFRequired; UseCF; SampleTrapped; BalanceRefToSamValue; DepletingBalance; SampleReady;,2.0756e-08,1.0686e-07,7.4473e-08,7.5119e-08,7.5090e-08,7.4830e-08,0.96,2018/06/16 12:35:10,0.35,3451,8446,3.3983e-02,46.015,20,0.000,-1.0502e-13,-5.4576e-14,-5.7536e-14,-1.2998e-14,1.4273e-13,6.6197e-12,28.00,29.00,70.03,3.76866e-08,3.94487e-08,1.18324e-02,4.1482e-03,4.7817e-05,4.5429e-06,6.1582e-08,1.1914e-02,4.1673e-03,4.8414e-05,4.5858e-06,6.5569e-08,-6.8503,-4.5761,-12.3283,-9.3574,-61.0463,-10.0214,0.001,0,60,-10.4390,0.002,0,60,-0.8067,-0.2283,-45.5857,
C:\Nu Stable\Results\2018\201806015 clumped Tufas OmanSval CYC KDB ABJ,201806015 clumped Tufas OmanSval CYC KDB ABJ,Data_5966 ETH-01.txt,ETH-01,C:\Nu Stable\Analyses\DI\CO2 20-6-20 clumped NuCarb.rdf,Clumped CO2 Iterative,2018/06/15 18:32:39,2018/06/16 14:36:58,462,15,8.7603e-08,1.896173E-10,CF,32.867,3.476e-02,0,3.4756e-02,14912, InitialisePrepSampleRun; CheckIfCFRequired; UseCF; SampleTrapped; BalanceRefToSamValue; DepletingBalance; SampleReady;,2.0427e-08,1.0581e-07,8.4101e-08,7.9977e-08,7.9901e-08,7.9847e-08,0.96,2018/06/16 14:36:17,0.07,3242,8444,3.4756e-02,46.017,20,0.000,-1.0514e-13,-5.4586e-14,-5.7429e-14,-1.2853e-14,1.4359e-13,6.6868e-12,28.00,29.00,70.03,3.97174e-08,4.13403e-08,1.19756e-02,4.2182e-03,4.9214e-05,4.6957e-06,6.4035e-08,1.1915e-02,4.1676e-03,4.8415e-05,4.5857e-06,6.5930e-08,5.1291,12.1321,16.4879,23.9979,-28.7433,2.1494,0.001,0,60,6.1622,0.002,0,60,-0.7865,-0.4036,-56.6583,
C:\Nu Stable\Results\2018\201806015 clumped Tufas OmanSval CYC KDB ABJ,201806015 clumped Tufas OmanSval CYC KDB ABJ,Data_5967 CYC17-49B C.txt,CYC17-49B C,C:\Nu Stable\Analyses\DI\CO2 20-6-20 clumped NuCarb.rdf,Clumped CO2 Iterative,2018/06/15 18:32:39,2018/06/16 15:59:34,465,16,1.1966e-07,2.57341E-10,CF,29.510,3.398e-02,1,3.5546e-02,14912, InitialisePrepSampleRun; CheckIfCFRequired; UseCF; SampleTrapped; Chop_CF_SamSub; SampleTrapped; BalanceRefToSamValue; DepletingBalance; SampleReady;,1.9875e-08,1.0650e-07,5.5993e-08,5.6165e-08,5.6129e-08,5.6107e-08,0.96,2018/06/16 15:58:53,0.04,5410,8447,3.3983e-02,46.012,20,0.000,-1.0496e-13,-5.4310e-14,-5.7390e-14,-4.5955e-15,1.6669e-13,8.4767e-12,16.00,17.00,70.03,3.95088e-08,3.98987e-08,1.20498e-02,4.2636e-03,5.0082e-05,4.7973e-06,6.3468e-08,1.1941e-02,4.1874e-03,4.8762e-05,4.6287e-06,6.4954e-08,9.1075,18.2129,27.0628,36.4179,-22.2446,6.1743,0.001,0,60,12.2048,0.002,0,60,-0.4027,-0.3275,-65.4036,
C:\Nu Stable\Results\2018\201806015 clumped Tufas OmanSval CYC KDB ABJ,201806015 clumped Tufas OmanSval CYC KDB ABJ,Data_5968 PK99 KT4CA.txt,PK99 KT4CA,C:\Nu Stable\Analyses\DI\CO2 20-6-20 clumped NuCarb.rdf,Clumped CO2 Iterative,2018/06/15 18:32:39,2018/06/16 18:00:18,436,17,1.1093e-07,2.544343E-10,CF,28.015,3.476e-02,1,3.5546e-02,14912, InitialisePrepSampleRun; CheckIfCFRequired; UseCF; SampleTrapped; Chop_CF_SamSub; SampleTrapped; BalanceRefToSamValue; DepletingBalance; SampleReady;,2.9834e-08,1.0563e-07,5.2324e-08,5.2544e-08,5.2533e-08,5.2456e-08,0.96,2018/06/16 17:59:37,0.15,5620,8446,3.4756e-02,46.015,20,0.000,-1.0488e-13,-5.4283e-14,-5.7383e-14,-7.8195e-15,1.5759e-13,7.8294e-12,16.00,17.00,70.03,3.72165e-08,3.75429e-08,1.19405e-02,4.2250e-03,4.9166e-05,4.7106e-06,6.1512e-08,1.1941e-02,4.1873e-03,4.8763e-05,4.6276e-06,6.5192e-08,-0.0437,9.0110,8.2619,17.9322,-56.8877,-3.2481,0.001,0,60,3.0676,0.001,0,60,-0.5557,-0.1680,-73.3422,
C:\Nu Stable\Results\2018\201806015 clumped Tufas OmanSval CYC KDB ABJ,201806015 clumped Tufas OmanSval CYC KDB ABJ,Data_5969 CYC17-49B D.txt,CYC17-49B D,C:\Nu Stable\Analyses\DI\CO2 20-6-20 clumped NuCarb.rdf,Clumped CO2 Iterative,2018/06/15 18:32:39,2018/06/16 20:39:32,407,18,7.0465e-08,1.731322E-10,CF,18.738,3.476e-02,0,3.3983e-02,14880, InitialisePrepSampleRun; CheckIfCFRequired; UseCF; SampleTrapped; BalanceRefToSamValue; DepletingBalance; SampleReady;,4.2536e-08,1.0612e-07,6.7627e-08,6.9062e-08,6.9034e-08,6.8865e-08,0.96,2018/06/16 20:38:51,0.25,6080,8446,3.4756e-02,46.012,20,0.000,-1.0499e-13,-5.4265e-14,-5.7436e-14,-8.5509e-15,1.5659e-13,7.7123e-12,26.00,26.00,70.03,3.78760e-08,3.86149e-08,1.20292e-02,4.2427e-03,4.9760e-05,4.7505e-06,6.5642e-08,1.1941e-02,4.1873e-03,4.8769e-05,4.6283e-06,6.8191e-08,7.3828,13.2352,20.3230,26.3850,-36.8826,4.5100,0.001,0,60,7.2550,0.003,0,60,-0.4008,-0.2537,-68.7859,
C:\Nu Stable\Results\2018\201806015 clumped Tufas OmanSval CYC KDB ABJ,201806015 clumped Tufas OmanSval CYC KDB ABJ,Data_5970 ETH-04.txt,ETH-04,C:\Nu Stable\Analyses\DI\CO2 20-6-20 clumped NuCarb.rdf,Clumped CO2 Iterative,2018/06/15 18:32:39,2018/06/16 22:02:28,485,19,1.3376e-07,2.75799E-10,CF,32.226,3.476e-02,1,3.4756e-02,14912, InitialisePrepSampleRun; CheckIfCFRequired; UseCF; SampleTrapped; Chop_CF_SamSub; SampleTrapped; BalanceRefToSamValue; DepletingBalance; SampleReady;,4.1956e-08,1.0652e-07,6.2158e-08,6.2352e-08,6.2341e-08,6.2265e-08,0.96,2018/06/16 22:01:48,0.12,6364,8444,3.4756e-02,46.010,20,0.000,-1.0487e-13,-5.4231e-14,-5.7315e-14,-5.4789e-15,1.6344e-13,8.3050e-12,17.00,18.00,70.03,4.33478e-08,4.39611e-08,1.18590e-02,4.1679e-03,4.8165e-05,4.5840e-06,5.9311e-08,1.1941e-02,4.1873e-03,4.8759e-05,4.6275e-06,6.3818e-08,-6.8967,-4.6477,-12.1914,-9.4216,-69.9913,-10.0683,0.018,0,60,-10.5101,0.011,0,60,-0.5494,-0.1493,-54.4982,
C:\Nu Stable\Results\2018\201806015 clumped Tufas OmanSval CYC KDB ABJ,201806015 clumped Tufas OmanSval CYC KDB ABJ,Data_5971 ETH-03.txt,ETH-03,C:\Nu Stable\Analyses\DI\CO2 20-6-20 clumped NuCarb.rdf,Clumped CO2 Iterative,2018/06/15 18:32:39,2018/06/16 23:25:00,507,20,1.4556e-07,2.871041E-10,CF,34.027,3.398e-02,1,3.4756e-02,14880, InitialisePrepSampleRun; CheckIfCFRequired; UseCF; SampleTrapped; Chop_CF_SamSub; SampleTrapped; BalanceRefToSamValue; DepletingBalance; SampleReady;,4.1396e-08,1.0637e-07,6.7094e-08,6.7295e-08,6.7298e-08,6.7179e-08,0.96,2018/06/16 23:24:20,0.18,5987,8447,3.3983e-02,46.012,20,0.000,-1.0482e-13,-5.4258e-14,-5.7433e-14,-5.5486e-15,1.6290e-13,8.2916e-12,17.00,18.00,70.03,4.61928e-08,4.69777e-08,1.19994e-02,4.2406e-03,4.9597e-05,4.7447e-06,6.0985e-08,1.1942e-02,4.1875e-03,4.8763e-05,4.6282e-06,6.3078e-08,4.8476,12.6677,17.0984,25.1676,-33.3789,1.8315,0.001,0,60,6.6959,0.002,0,60,-0.4184,-0.3202,-61.8581,
C:\Nu Stable\Results\2018\201806015 clumped Tufas OmanSval CYC KDB ABJ,201806015 clumped Tufas OmanSval CYC KDB ABJ,Data_5972 KG92 21.txt,KG92 21,C:\Nu Stable\Analyses\DI\CO2 20-6-20 clumped NuCarb.rdf,Clumped CO2 Iterative,2018/06/15 18:32:39,2018/06/17 00:45:21,412,21,8.6945e-08,2.110327E-10,CF,22.705,3.398e-02,0,3.4756e-02,14944, InitialisePrepSampleRun; CheckIfCFRequired; UseCF; SampleTrapped; BalanceRefToSamValue; DepletingBalance; SampleReady;,4.0733e-08,1.0637e-07,8.3463e-08,8.5561e-08,8.5518e-08,8.5455e-08,0.96,2018/06/17 00:44:41,0.07,5095,8447,3.3983e-02,46.015,20,0.000,-1.0479e-13,-5.4217e-14,-5.7356e-14,-4.9871e-15,1.6522e-13,8.3962e-12,27.00,27.00,70.03,4.51842e-08,4.66095e-08,1.19644e-02,4.2270e-03,4.9288e-05,4.7143e-06,6.1411e-08,1.1941e-02,4.1874e-03,4.8765e-05,4.6275e-06,6.3471e-08,1.9294,9.4506,10.7421,18.7546,-32.8395,-1.1633,0.009,0,60,3.5008,0.047,0,60,-0.5590,-0.2319,-52.5108,
C:\Nu Stable\Results\2018\201806015 clumped Tufas OmanSval CYC KDB ABJ,201806015 clumped Tufas OmanSval CYC KDB ABJ,Data_5973 CYC18-14B A.txt,CYC18-14B A,C:\Nu Stable\Analyses\DI\CO2 20-6-20 clumped NuCarb.rdf,Clumped CO2 Iterative,2018/06/15 18:32:39,2018/06/17 02:08:30,488,22,1.3113e-07,2.687119E-10,CF,32.196,3.323e-02,1,3.5546e-02,14944, InitialisePrepSampleRun; CheckIfCFRequired; UseCF; SampleTrapped; Chop_CF_SamSub; SampleTrapped; BalanceRefToSamValue; DepletingBalance; SampleReady;,4.0190e-08,1.0633e-07,6.1093e-08,6.1319e-08,6.1319e-08,6.1216e-08,0.96,2018/06/17 02:07:49,0.17,6242,8446,3.3227e-02,46.012,20,0.000,-1.0483e-13,-5.4241e-14,-5.7291e-14,-4.8226e-15,1.6589e-13,8.4570e-12,17.00,18.00,70.03,4.26523e-08,4.32392e-08,1.20482e-02,4.2541e-03,4.9961e-05,4.7751e-06,6.2752e-08,1.1941e-02,4.1874e-03,4.8760e-05,4.6285e-06,6.4352e-08,8.9637,15.9295,24.6244,31.6874,-24.9262,6.0997,0.001,0,60,9.9328,0.002,0,60,-0.4231,-0.4119,-63.6994,
C:\Nu Stable\Results\2018\201806015 clumped Tufas OmanSval CYC KDB ABJ,201806015 clumped Tufas OmanSval CYC KDB ABJ,Data_5974 88WI 68B.txt,88WI 68B,C:\Nu Stable\Analyses\DI\CO2 20-6-20 clumped NuCarb.rdf,Clumped CO2 Iterative,2018/06/15 18:32:39,2018/06/17 03:28:54,461,23,5.7106e-08,1.238734E-10,CF,15.655,3.323e-02,0,3.4756e-02,14880, InitialisePrepSampleRun; CheckIfCFRequired; UseCF; SampleTrapped; BalanceRefToSamValue; DepletingBalance; SampleReady;,3.9521e-08,1.0643e-07,5.4771e-08,5.5934e-08,5.5894e-08,5.5784e-08,0.96,2018/06/17 03:28:14,0.20,6657,8446,3.3227e-02,46.015,20,0.000,-1.0487e-13,-5.4275e-14,-5.7296e-14,-5.5146e-15,1.6417e-13,8.3220e-12,25.00,25.00,70.03,3.19099e-08,3.22293e-08,1.20285e-02,4.2156e-03,4.9435e-05,4.6913e-06,6.5371e-08,1.1941e-02,4.1871e-03,4.8764e-05,4.6287e-06,6.8334e-08,7.3627,6.7993,13.7545,13.5187,-42.7997,4.7107,0.001,0,60,0.8504,0.002,0,60,-0.5670,-0.1244,-62.8117,
C:\Nu Stable\Results\2018\201806015 clumped Tufas OmanSval CYC KDB ABJ,201806015 clumped Tufas OmanSval CYC KDB ABJ,Data_5975 ETH-02.txt,ETH-02,C:\Nu Stable\Analyses\DI\CO2 20-6-20 clumped NuCarb.rdf,Clumped CO2 Iterative,2018/06/15 18:32:39,2018/06/17 04:49:44,443,24,1.0537e-07,2.378592E-10,CF,26.825,3.398e-02,0,3.5546e-02,14912, InitialisePrepSampleRun; CheckIfCFRequired; UseCF; SampleTrapped; BalanceRefToSamValue; DepletingBalance; SampleReady;,3.9141e-08,1.0630e-07,1.0119e-07,1.0253e-07,1.0237e-07,1.0234e-07,0.96,2018/06/17 04:49:04,0.03,4395,8443,3.3983e-02,46.017,20,0.000,-1.0478e-13,-5.4273e-14,-5.7336e-14,-5.1212e-15,1.6465e-13,8.3962e-12,27.00,28.00,70.03,5.20738e-08,5.39589e-08,1.18599e-02,4.1683e-03,4.8164e-05,4.5854e-06,5.9006e-08,1.1941e-02,4.1872e-03,4.8760e-05,4.6283e-06,6.2856e-08,-6.8288,-4.5088,-12.2360,-9.2832,-61.4741,-10.0009,0.001,0,60,-10.3721,0.002,0,60,-0.8020,-0.2885,-46.1691,
C:\Nu Stable\Results\2018\201806015 clumped Tufas OmanSval CYC KDB ABJ,201806015 clumped Tufas OmanSval CYC KDB ABJ,Data_5976 ETH-01.txt,ETH-01,C:\Nu Stable\Analyses\DI\CO2 20-6-20 clumped NuCarb.rdf,Clumped CO2 Iterative,2018/06/15 18:32:39,2018/06/17 06:12:50,466,25,1.2957e-07,2.780384E-10,CF,31.311,3.323e-02,1,3.4756e-02,14912, InitialisePrepSampleRun; CheckIfCFRequired; UseCF; SampleTrapped; Chop_CF_SamSub; SampleTrapped; BalanceRefToSamValue; DepletingBalance; SampleReady;,3.8539e-08,1.0590e-07,6.0414e-08,6.0606e-08,6.0592e-08,6.0552e-08,0.96,2018/06/17 06:12:09,0.07,6103,8449,3.3227e-02,46.015,20,0.000,-1.0481e-13,-5.4228e-14,-5.7344e-14,-5.7828e-15,1.6231e-13,8.2880e-12,17.00,18.00,70.03,4.22400e-08,4.27748e-08,1.20027e-02,4.2387e-03,4.9571e-05,4.7393e-06,6.1243e-08,1.1941e-02,4.1875e-03,4.8763e-05,4.6271e-06,6.3742e-08,5.1456,12.2351,16.5615,24.2409,-39.4283,2.1635,0.009,0,60,6.2647,0.021,0,60,-0.8311,-0.3699,-67.2393,
C:\Nu Stable\Results\2018\201806015 clumped Tufas OmanSval CYC KDB ABJ,201806015 clumped Tufas OmanSval CYC KDB ABJ,Data_5977 CYC18-14B B.txt,CYC18-14B B,C:\Nu Stable\Analyses\DI\CO2 20-6-20 clumped NuCarb.rdf,Clumped CO2 Iterative,2018/06/15 18:32:39,2018/06/17 07:35:38,469,26,1.2100e-07,2.58003E-10,CF,30.151,3.323e-02,1,3.3983e-02,14880, InitialisePrepSampleRun; CheckIfCFRequired; UseCF; SampleTrapped; Chop_CF_SamSub; SampleTrapped; BalanceRefToSamValue; DepletingBalance; SampleReady;,3.7895e-08,1.0601e-07,5.6579e-08,5.6789e-08,5.6768e-08,5.6714e-08,0.96,2018/06/17 07:34:58,0.10,6317,8449,3.3227e-02,46.015,20,0.000,-1.0493e-13,-5.4284e-14,-5.7363e-14,-5.2410e-15,1.6469e-13,8.3685e-12,17.00,17.00,70.03,3.98660e-08,4.02973e-08,1.20457e-02,4.2521e-03,4.9928e-05,4.7711e-06,6.5072e-08,1.1941e-02,4.1873e-03,4.8761e-05,4.6283e-06,6.7237e-08,8.7646,15.4666,23.9360,30.8533,-31.9001,5.9037,0.001,0,60,9.4726,0.002,0,60,-0.4434,-0.3095,-69.3672,
C:\Nu Stable\Results\2018\201806015 clumped Tufas OmanSval CYC KDB ABJ,201806015 clumped Tufas OmanSval CYC KDB ABJ,Data_5978 PK99 KT4CB.txt,PK99 KT4CB,C:\Nu Stable\Analyses\DI\CO2 20-6-20 clumped NuCarb.rdf,Clumped CO2 Iterative,2018/06/15 18:32:39,2018/06/17 08:58:42,501,27,1.3433e-07,2.681209E-10,CF,32.745,3.398e-02,1,3.5546e-02,14912, InitialisePrepSampleRun; CheckIfCFRequired; UseCF; SampleTrapped; Chop_CF_SamSub; SampleTrapped; BalanceRefToSamValue; DepletingBalance; SampleReady;,3.7373e-08,1.0611e-07,6.2584e-08,6.2758e-08,6.2724e-08,6.2591e-08,0.96,2018/06/17 08:58:02,0.21,5838,8447,3.3983e-02,46.012,20,0.000,-1.0496e-13,-5.4292e-14,-5.7344e-14,-5.0569e-15,1.6528e-13,8.4284e-12,17.00,18.00,70.03,4.35527e-08,4.41841e-08,1.19419e-02,4.2254e-03,4.9172e-05,4.7114e-06,6.5038e-08,1.1941e-02,4.1874e-03,4.8758e-05,4.6280e-06,6.7795e-08,0.0665,9.0914,8.4840,18.0365,-40.8166,-3.1335,0.001,0,60,3.1473,0.002,0,60,-0.5275,-0.2249,-57.8097,
C:\Nu Stable\Results\2018\201806015 clumped Tufas OmanSval CYC KDB ABJ,201806015 clumped Tufas OmanSval CYC KDB ABJ,Data_5979 CYC16-045B A.txt,CYC16-045B A,C:\Nu Stable\Analyses\DI\CO2 20-6-20 clumped NuCarb.rdf,Clumped CO2 Iterative,2018/06/15 18:32:39,2018/06/17 10:19:46,475,28,1.0565e-07,2.22412E-10,CF,26.855,3.398e-02,0,3.3983e-02,14880, InitialisePrepSampleRun; CheckIfCFRequired; UseCF; SampleTrapped; BalanceRefToSamValue; DepletingBalance; SampleReady;,3.6864e-08,1.0633e-07,1.0143e-07,1.0243e-07,1.0240e-07,1.0231e-07,0.96,2018/06/17 10:19:06,0.09,4215,8446,3.3983e-02,46.015,20,0.000,-1.0485e-13,-5.4246e-14,-5.7308e-14,-4.3041e-15,1.6728e-13,8.5536e-12,28.00,28.00,70.03,5.20902e-08,5.40245e-08,1.20085e-02,4.2621e-03,4.9885e-05,4.7923e-06,6.2505e-08,1.1941e-02,4.1874e-03,4.8761e-05,4.6277e-06,6.3767e-08,5.6132,17.8182,23.0408,35.5765,-19.6885,2.4689,0.001,0,60,11.8198,0.003,0,60,-0.3704,-0.3643,-58.7810,
C:\Nu Stable\Results\2018\201806015 clumped Tufas OmanSval CYC KDB ABJ,201806015 clumped Tufas OmanSval CYC KDB ABJ,Data_5980 ETH-03.txt,ETH-03,C:\Nu Stable\Analyses\DI\CO2 20-6-20 clumped NuCarb.rdf,Clumped CO2 Iterative,2018/06/15 18:32:39,2018/06/17 11:43:05,447,29,1.2258e-07,2.742274E-10,CF,29.907,3.398e-02,1,3.5546e-02,14912, InitialisePrepSampleRun; CheckIfCFRequired; UseCF; SampleTrapped; Chop_CF_SamSub; SampleTrapped; BalanceRefToSamValue; DepletingBalance; SampleReady;,3.6265e-08,1.0662e-07,5.7402e-08,5.7601e-08,5.7591e-08,5.7535e-08,0.96,2018/06/17 11:42:25,0.10,6056,8449,3.3983e-02,46.012,20,0.000,-1.0498e-13,-5.4288e-14,-5.7366e-14,-5.0479e-15,1.6494e-13,8.4293e-12,17.00,17.00,69.31,4.03830e-08,4.08806e-08,1.19991e-02,4.2407e-03,4.9599e-05,4.7456e-06,6.3830e-08,1.1941e-02,4.1874e-03,4.8761e-05,4.6285e-06,6.5982e-08,4.8602,12.7261,17.1768,25.3093,-32.6976,1.8429,0.001,0,60,6.7539,0.001,0,60,-0.4110,-0.2972,-61.3157,
C:\Nu Stable\Results\2018\201806015 clumped Tufas OmanSval CYC KDB ABJ,201806015 clumped Tufas OmanSval CYC KDB ABJ,Data_5981 ETH-01.txt,ETH-01,C:\Nu Stable\Analyses\DI\CO2 20-6-20 clumped NuCarb.rdf,Clumped CO2 Iterative,2018/06/15 18:32:39,2018/06/17 13:05:56,497,30,1.4363e-07,2.889993E-10,CF,33.935,3.398e-02,1,3.3983e-02,14880, InitialisePrepSampleRun; CheckIfCFRequired; UseCF; SampleTrapped; Chop_CF_SamSub; SampleTrapped; BalanceRefToSamValue; DepletingBalance; SampleReady;,3.5671e-08,1.0617e-07,6.6496e-08,6.6650e-08,6.6621e-08,6.6550e-08,0.96,2018/06/17 13:05:16,0.11,5419,8449,3.3983e-02,46.012,20,0.000,-1.0498e-13,-5.4329e-14,-5.7370e-14,-6.0046e-15,1.6297e-13,8.2228e-12,17.00,18.00,69.31,4.58035e-08,4.65702e-08,1.20030e-02,4.2389e-03,4.9571e-05,4.7415e-06,6.4816e-08,1.1941e-02,4.1874e-03,4.8759e-05,4.6291e-06,6.7032e-08,5.1594,12.2873,16.6546,24.2999,-32.4558,2.1764,0.001,0,60,6.3166,0.002,0,60,-0.8045,-0.4154,-60.5778,
C:\Nu Stable\Results\2018\201806015 clumped Tufas OmanSval CYC KDB ABJ,201806015 clumped Tufas OmanSval CYC KDB ABJ,Data_5982 IAEA-C2.txt,IAEA-C2,C:\Nu Stable\Analyses\DI\CO2 20-6-20 clumped NuCarb.rdf,Clumped CO2 Iterative,2018/06/15 18:32:39,2018/06/17 14:26:56,404,31,1.0383e-07,2.570019E-10,CF,26.581,3.323e-02,0,3.3983e-02,14880, InitialisePrepSampleRun; CheckIfCFRequired; UseCF; SampleTrapped; BalanceRefToSamValue; DepletingBalance; SampleReady;,3.5059e-08,1.0597e-07,9.9651e-08,1.0051e-07,1.0044e-07,1.0024e-07,0.96,2018/06/17 14:26:16,0.21,4123,8448,3.3227e-02,46.015,20,0.000,-1.0490e-13,-5.4200e-14,-5.7280e-14,-4.2468e-15,1.6735e-13,8.6671e-12,27.00,28.00,69.31,5.12433e-08,5.31209e-08,1.18863e-02,4.2098e-03,4.8765e-05,4.6752e-06,6.0985e-08,1.1941e-02,4.1874e-03,4.8760e-05,4.6269e-06,6.4365e-08,-4.6136,5.3661,0.1007,10.4383,-52.6154,-7.9857,0.001,0,60,-0.5497,0.002,0,60,-0.4008,-0.3193,-57.9166,
C:\Nu Stable\Results\2018\201806015 clumped Tufas OmanSval CYC KDB ABJ,201806015 clumped Tufas OmanSval CYC KDB ABJ,Data_5984 CYC15-045B B.txt,CYC15-045B B,C:\Nu Stable\Analyses\DI\CO2 20-6-20 clumped NuCarb.rdf,Clumped CO2 Iterative,2018/06/15 18:32:39,2018/06/17 17:04:08,421,33,1.0172e-07,2.416164E-10,CF,26.092,3.476e-02,0,3.3983e-02,14880, InitialisePrepSampleRun; CheckIfCFRequired; UseCF; SampleTrapped; BalanceRefToSamValue; DepletingBalance; SampleReady;,3.4120e-08,1.0574e-07,9.7683e-08,9.8513e-08,9.8406e-08,9.8417e-08,0.96,2018/06/17 17:03:27,-0.01,4104,8449,3.4756e-02,46.017,20,0.000,-1.0491e-13,-5.4186e-14,-5.7352e-14,-9.4771e-15,1.5301e-13,7.4834e-12,27.00,28.00,69.31,5.05306e-08,5.21677e-08,1.20132e-02,4.2487e-03,4.9750e-05,4.7620e-06,6.2334e-08,1.1942e-02,4.1874e-03,4.8762e-05,4.6272e-06,6.4799e-08,5.9990,14.6268,20.2720,29.1303,-37.8338,2.9893,0.001,0,60,8.6429,0.003,0,60,-0.3851,-0.3275,-70.8572,
C:\Nu Stable\Results\2018\201806015 clumped Tufas OmanSval CYC KDB ABJ,201806015 clumped Tufas OmanSval CYC KDB ABJ,Data_5985 ETH-04.txt,ETH-04,C:\Nu Stable\Analyses\DI\CO2 20-6-20 clumped NuCarb.rdf,Clumped CO2 Iterative,2018/06/15 18:32:39,2018/06/17 19:46:26,425,34,1.1014e-07,2.591412E-10,CF,27.130,3.476e-02,1,3.3983e-02,14880, InitialisePrepSampleRun; CheckIfCFRequired; UseCF; SampleTrapped; Chop_CF_SamSub; SampleTrapped; BalanceRefToSamValue; DepletingBalance; SampleReady;,4.1046e-08,1.0600e-07,5.2061e-08,5.2251e-08,5.2226e-08,5.2148e-08,0.96,2018/06/17 19:45:46,0.15,7090,8449,3.4756e-02,46.015,20,0.000,-1.0492e-13,-5.4311e-14,-5.7406e-14,-8.8602e-15,1.5600e-13,7.6559e-12,16.00,17.00,69.82,3.70347e-08,3.73835e-08,1.18584e-02,4.1678e-03,4.8167e-05,4.5849e-06,6.2473e-08,1.1941e-02,4.1872e-03,4.8762e-05,4.6285e-06,6.7831e-08,-6.9117,-4.6191,-12.2155,-9.4125,-79.1991,-10.0853,0.011,0,60,-10.4817,0.007,0,60,-0.5863,-0.1975,-63.8969,
C:\Nu Stable\Results\2018\201806015 clumped Tufas OmanSval CYC KDB ABJ,201806015 clumped Tufas OmanSval CYC KDB ABJ,Data_5986 ETH-02.txt,ETH-02,C:\Nu Stable\Analyses\DI\CO2 20-6-20 clumped NuCarb.rdf,Clumped CO2 Iterative,2018/06/15 18:32:39,2018/06/17 21:48:00,436,35,1.1445e-07,2.624897E-10,CF,28.229,3.398e-02,1,3.3983e-02,14848, InitialisePrepSampleRun; CheckIfCFRequired; UseCF; SampleTrapped; Chop_CF_SamSub; SampleTrapped; BalanceRefToSamValue; DepletingBalance; SampleReady;,4.0482e-08,1.0623e-07,5.3802e-08,5.3982e-08,5.3947e-08,5.3899e-08,0.96,2018/06/17 21:47:19,0.09,6861,8449,3.3983e-02,46.012,20,0.000,-1.0486e-13,-5.4279e-14,-5.7383e-14,-8.1486e-15,1.5748e-13,7.7739e-12,17.00,17.00,69.82,3.81102e-08,3.84520e-08,1.18586e-02,4.1679e-03,4.8157e-05,4.5842e-06,6.0450e-08,1.1941e-02,4.1872e-03,4.8761e-05,4.6275e-06,6.5464e-08,-6.8972,-4.5940,-12.3887,-9.3713,-76.8125,-10.0708,0.001,0,60,-10.4567,0.002,0,60,-0.8013,-0.2063,-61.5308,
C:\Nu Stable\Results\2018\201806015 clumped Tufas OmanSval CYC KDB ABJ,201806015 clumped Tufas OmanSval CYC KDB ABJ,Data_5987 CYC16-045B B.txt,CYC16-045B B,C:\Nu Stable\Analyses\DI\CO2 20-6-20 clumped NuCarb.rdf,Clumped CO2 Iterative,2018/06/15 18:32:39,2018/06/17 23:11:15,478,36,1.2480e-07,2.610874E-10,CF,30.487,3.323e-02,1,3.4756e-02,14880, InitialisePrepSampleRun; CheckIfCFRequired; UseCF; SampleTrapped; Chop_CF_SamSub; SampleTrapped; BalanceRefToSamValue; DepletingBalance; SampleReady;,3.9869e-08,1.0657e-07,5.8284e-08,5.8466e-08,5.8442e-08,5.8328e-08,0.96,2018/06/17 23:10:35,0.20,6419,8447,3.3227e-02,46.012,20,0.000,-1.0485e-13,-5.4341e-14,-5.7344e-14,-6.3157e-15,1.6183e-13,8.1959e-12,17.00,17.00,69.82,4.09064e-08,4.14304e-08,1.20132e-02,4.2490e-03,4.9756e-05,4.7648e-06,6.2655e-08,1.1941e-02,4.1874e-03,4.8761e-05,4.6296e-06,6.4671e-08,6.0287,14.7114,20.3975,29.2138,-31.3152,3.0180,0.001,0,60,8.7271,0.002,0,60,-0.3747,-0.4132,-64.7449,
C:\Nu Stable\Results\2018\201806015 clumped Tufas OmanSval CYC KDB ABJ,201806015 clumped Tufas OmanSval CYC KDB ABJ,Data_5988 CYC15-025B A.txt,CYC15-025B A,C:\Nu Stable\Analyses\DI\CO2 20-6-20 clumped NuCarb.rdf,Clumped CO2 Iterative,2018/06/15 18:32:39,2018/06/18 01:13:14,430,37,1.0863e-07,2.526356E-10,CF,27.344,3.476e-02,1,3.3983e-02,14848, InitialisePrepSampleRun; CheckIfCFRequired; UseCF; SampleTrapped; Chop_CF_SamSub; SampleTrapped; BalanceRefToSamValue; DepletingBalance; SampleReady;,3.9281e-08,1.0583e-07,5.1306e-08,5.1521e-08,5.1483e-08,5.1412e-08,0.96,2018/06/18 01:12:34,0.14,6946,8447,3.4756e-02,46.015,20,0.000,-1.0486e-13,-5.4304e-14,-5.7312e-14,-8.1986e-15,1.5677e-13,7.8008e-12,16.00,17.00,69.82,3.65692e-08,3.68675e-08,1.20180e-02,4.2641e-03,4.9952e-05,4.7972e-06,6.3967e-08,1.1941e-02,4.1876e-03,4.8767e-05,4.6288e-06,6.6375e-08,6.4267,18.2656,24.3022,36.3588,-35.7660,3.3194,0.014,0,60,12.2632,0.043,0,60,-0.4040,-0.4883,-75.8202,
C:\Nu Stable\Results\2018\201806015 clumped Tufas OmanSval CYC KDB ABJ,201806015 clumped Tufas OmanSval CYC KDB ABJ,Data_5989 CYC15-025B A.txt,CYC15-025B A,C:\Nu Stable\Analyses\DI\CO2 20-6-20 clumped NuCarb.rdf,Clumped CO2 Iterative,2018/06/15 18:32:39,2018/06/18 02:35:53,483,38,1.3106e-07,2.713467E-10,CF,30.975,3.398e-02,1,3.3983e-02,14880, InitialisePrepSampleRun; CheckIfCFRequired; UseCF; SampleTrapped; Chop_CF_SamSub; SampleTrapped; BalanceRefToSamValue; DepletingBalance; SampleReady;,3.8782e-08,1.0641e-07,6.1057e-08,6.1257e-08,6.1223e-08,6.1177e-08,0.96,2018/06/18 02:35:13,0.08,6100,8444,3.3983e-02,46.012,20,0.000,-1.0486e-13,-5.4246e-14,-5.7317e-14,-7.3332e-15,1.5923e-13,7.9179e-12,17.00,18.00,69.82,4.25230e-08,4.31004e-08,1.20181e-02,4.2643e-03,4.9953e-05,4.7975e-06,6.6766e-08,1.1941e-02,4.1875e-03,4.8761e-05,4.6280e-06,6.8459e-08,6.4300,18.3531,24.4395,36.6272,-25.2731,3.3199,0.001,0,60,12.3503,0.002,0,60,-0.3579,-0.4011,-65.9162,
C:\Nu Stable\Results\2018\201806015 clumped Tufas OmanSval CYC KDB ABJ,201806015 clumped Tufas OmanSval CYC KDB ABJ,Data_5990 ETH-03.txt,ETH-03,C:\Nu Stable\Analyses\DI\CO2 20-6-20 clumped NuCarb.rdf,Clumped CO2 Iterative,2018/06/15 18:32:39,2018/06/18 03:58:51,477,39,1.3566e-07,2.84398E-10,CF,32.379,3.398e-02,1,3.3983e-02,14880, InitialisePrepSampleRun; CheckIfCFRequired; UseCF; SampleTrapped; Chop_CF_SamSub; SampleTrapped; BalanceRefToSamValue; DepletingBalance; SampleReady;,3.8235e-08,1.0636e-07,6.2916e-08,6.3125e-08,6.3115e-08,6.3033e-08,0.96,2018/06/18 03:58:11,0.13,5909,8446,3.3983e-02,46.015,20,0.000,-1.0461e-13,-5.4174e-14,-5.7254e-14,-5.3769e-15,1.6370e-13,8.2809e-12,17.00,18.00,69.82,4.37843e-08,4.44064e-08,1.19999e-02,4.2414e-03,4.9607e-05,4.7451e-06,6.0548e-08,1.1941e-02,4.1874e-03,4.8760e-05,4.6265e-06,6.2711e-08,4.9089,12.8815,17.3631,25.6310,-33.9175,1.8893,0.001,0,60,6.9084,0.002,0,60,-0.4287,-0.2903,-62.8306,
C:\Nu Stable\Results\2018\201806015 clumped Tufas OmanSval CYC KDB ABJ,201806015 clumped Tufas OmanSval CYC KDB ABJ,Data_5991 ETH-01.txt,ETH-01,C:\Nu Stable\Analyses\DI\CO2 20-6-20 clumped NuCarb.rdf,Clumped CO2 Iterative,2018/06/15 18:32:39,2018/06/18 05:21:37,472,40,1.3549e-07,2.870588E-10,CF,33.081,3.398e-02,1,3.4756e-02,14880, InitialisePrepSampleRun; CheckIfCFRequired; UseCF; SampleTrapped; Chop_CF_SamSub; SampleTrapped; BalanceRefToSamValue; DepletingBalance; SampleReady;,3.7650e-08,1.0613e-07,6.3018e-08,6.3240e-08,6.3223e-08,6.3111e-08,0.96,2018/06/18 05:20:57,0.18,5836,8446,3.3983e-02,46.017,20,0.000,-1.0456e-13,-5.4259e-14,-5.7222e-14,-5.2679e-15,1.6449e-13,8.3783e-12,17.00,18.00,69.82,4.38377e-08,4.44893e-08,1.20032e-02,4.2391e-03,4.9576e-05,4.7418e-06,6.0539e-08,1.1941e-02,4.1874e-03,4.8760e-05,4.6288e-06,6.2450e-08,5.1857,12.3550,16.7489,24.4007,-30.6978,2.2020,0.001,0,60,6.3839,0.002,0,60,-0.8045,-0.4507,-59.0206,
C:\Nu Stable\Results\2018\201806015 clumped Tufas OmanSval CYC KDB ABJ,201806015 clumped Tufas OmanSval CYC KDB ABJ,Data_5992 CYC15-025B B.txt,CYC15-025B B,C:\Nu Stable\Analyses\DI\CO2 20-6-20 clumped NuCarb.rdf,Clumped CO2 Iterative,2018/06/15 18:32:39,2018/06/18 06:44:42,406,41,1.0626e-07,2.617174E-10,CF,27.313,3.398e-02,1,3.4756e-02,14912, InitialisePrepSampleRun; CheckIfCFRequired; UseCF; SampleTrapped; Chop_CF_SamSub; SampleTrapped; BalanceRefToSamValue; DepletingBalance; SampleReady;,3.7051e-08,1.0580e-07,5.0231e-08,5.0436e-08,5.0408e-08,5.0353e-08,0.96,2018/06/18 06:44:02,0.11,6749,8443,3.3983e-02,46.015,20,0.000,-1.0466e-13,-5.4198e-14,-5.7208e-14,-6.4820e-15,1.6111e-13,8.1521e-12,16.00,17.00,69.82,3.58713e-08,3.61535e-08,1.20141e-02,4.2624e-03,4.9916e-05,4.7930e-06,6.4225e-08,1.1941e-02,4.1875e-03,4.8762e-05,4.6272e-06,6.5921e-08,6.1192,17.8925,23.6557,35.8321,-25.3433,3.0049,0.001,0,60,11.8925,0.002,0,60,-0.3597,-0.2635,-64.8447,
C:\Nu Stable\Results\2018\201806015 clumped Tufas OmanSval CYC KDB ABJ,201806015 clumped Tufas OmanSval CYC KDB ABJ,Data_5993 CYC15-025B B.txt,CYC15-025B B,C:\Nu Stable\Analyses\DI\CO2 20-6-20 clumped NuCarb.rdf,Clumped CO2 Iterative,2018/06/15 18:32:39,2018/06/18 08:07:40,475,42,1.2629e-07,2.658789E-10,CF,30.334,3.398e-02,1,3.4756e-02,14880, InitialisePrepSampleRun; CheckIfCFRequired; UseCF; SampleTrapped; Chop_CF_SamSub; SampleTrapped; BalanceRefToSamValue; DepletingBalance; SampleReady;,3.6552e-08,1.0600e-07,5.9017e-08,5.9243e-08,5.9210e-08,5.9095e-08,0.96,2018/06/18 08:07:00,0.20,5982,8449,3.3983e-02,46.012,20,0.000,-1.0473e-13,-5.4208e-14,-5.7277e-14,-5.8526e-15,1.6265e-13,8.2067e-12,17.00,18.00,69.82,4.13807e-08,4.18987e-08,1.20160e-02,4.2619e-03,4.9918e-05,4.7920e-06,6.3040e-08,1.1941e-02,4.1875e-03,4.8763e-05,4.6280e-06,6.4747e-08,6.2662,17.7735,23.6881,35.4351,-25.9445,3.1654,0.001,0,60,11.7738,0.002,0,60,-0.3636,-0.4129,-65.3519,
C:\Nu Stable\Results\2018\201806015 clumped Tufas OmanSval CYC KDB ABJ,201806015 clumped Tufas OmanSval CYC KDB ABJ,Data_5994 CYC15-022B C.txt,CYC15-022B C,C:\Nu Stable\Analyses\DI\CO2 20-6-20 clumped NuCarb.rdf,Clumped CO2 Iterative,2018/06/15 18:32:39,2018/06/18 09:30:39,491,43,1.3187e-07,2.685778E-10,CF,31.799,3.398e-02,1,3.3983e-02,14912, InitialisePrepSampleRun; CheckIfCFRequired; UseCF; SampleTrapped; Chop_CF_SamSub; SampleTrapped; BalanceRefToSamValue; DepletingBalance; SampleReady;,3.5991e-08,1.0617e-07,6.1451e-08,6.1629e-08,6.1592e-08,6.1522e-08,0.96,2018/06/18 09:29:59,0.11,5758,8449,3.3983e-02,46.015,20,0.000,-1.0472e-13,-5.4328e-14,-5.7208e-14,-5.5271e-15,1.6383e-13,8.2603e-12,17.00,18.00,69.82,4.28648e-08,4.34961e-08,1.20188e-02,4.2701e-03,5.0023e-05,4.8123e-06,6.1908e-08,1.1941e-02,4.1875e-03,4.8761e-05,4.6294e-06,6.3099e-08,6.4952,19.7302,25.8697,39.4932,-19.5919,3.3419,0.001,0,60,13.7206,0.002,0,60,-0.3594,-0.3429,-63.0304,
C:\Nu Stable\Results\2018\201806015 clumped Tufas OmanSval CYC KDB ABJ,201806015 clumped Tufas OmanSval CYC KDB ABJ,Data_5995 ETH-02.txt,ETH-02,C:\Nu Stable\Analyses\DI\CO2 20-6-20 clumped NuCarb.rdf,Clumped CO2 Iterative,2018/06/15 18:32:39,2018/06/18 10:53:46,495,44,1.4167e-07,2.862118E-10,CF,33.661,3.398e-02,1,3.4756e-02,14880, InitialisePrepSampleRun; CheckIfCFRequired; UseCF; SampleTrapped; Chop_CF_SamSub; SampleTrapped; BalanceRefToSamValue; DepletingBalance; SampleReady;,3.5504e-08,1.0643e-07,6.5873e-08,6.6015e-08,6.5978e-08,6.5909e-08,0.96,2018/06/18 10:53:05,0.10,5430,8449,3.3983e-02,46.012,20,0.000,-1.0484e-13,-5.4300e-14,-5.7281e-14,-5.1910e-15,1.6437e-13,8.4552e-12,17.00,18.00,69.82,4.55035e-08,4.63192e-08,1.18602e-02,4.1689e-03,4.8168e-05,4.5855e-06,5.7746e-08,1.1941e-02,4.1874e-03,4.8758e-05,4.6279e-06,6.2195e-08,-6.7998,-4.4065,-12.0868,-9.1652,-71.8584,-9.9736,0.001,0,60,-10.2703,0.002,0,60,-0.7822,-0.3749,-56.9425,
C:\Nu Stable\Results\2018\201806015 clumped Tufas OmanSval CYC KDB ABJ,201806015 clumped Tufas OmanSval CYC KDB ABJ,Data_5996 ETH-04.txt,ETH-04,C:\Nu Stable\Analyses\DI\CO2 20-6-20 clumped NuCarb.rdf,Clumped CO2 Iterative,2018/06/15 18:32:39,2018/06/18 12:16:48,498,45,1.4159e-07,2.843085E-10,CF,33.234,3.398e-02,1,3.4756e-02,14880, InitialisePrepSampleRun; CheckIfCFRequired; UseCF; SampleTrapped; Chop_CF_SamSub; SampleTrapped; BalanceRefToSamValue; DepletingBalance; SampleReady;,3.4875e-08,1.0614e-07,6.5604e-08,6.5768e-08,6.5744e-08,6.5654e-08,0.96,2018/06/18 12:16:08,0.14,5381,8449,3.3983e-02,46.015,20,0.000,-1.0495e-13,-5.4250e-14,-5.7391e-14,-6.5267e-15,1.6217e-13,8.2058e-12,17.00,18.00,69.82,4.52950e-08,4.60957e-08,1.18595e-02,4.1688e-03,4.8175e-05,4.5837e-06,6.0169e-08,1.1941e-02,4.1873e-03,4.8759e-05,4.6254e-06,6.4608e-08,-6.8620,-4.4408,-11.9840,-9.0140,-68.6187,-10.0386,0.001,0,60,-10.3043,0.002,0,60,-0.5799,-0.1534,-53.5237,
C:\Nu Stable\Results\2018\201806015 clumped Tufas OmanSval CYC KDB ABJ,201806015 clumped Tufas OmanSval CYC KDB ABJ,Data_5997 MERCK.txt,MERCK,C:\Nu Stable\Analyses\DI\CO2 20-6-20 clumped NuCarb.rdf,Clumped CO2 Iterative,2018/06/15 18:32:39,2018/06/18 13:39:53,436,46,1.2365e-07,2.835929E-10,CF,30.456,3.398e-02,1,3.4756e-02,14880, InitialisePrepSampleRun; CheckIfCFRequired; UseCF; SampleTrapped; Chop_CF_SamSub; SampleTrapped; BalanceRefToSamValue; DepletingBalance; SampleReady;,3.4342e-08,1.0656e-07,5.7903e-08,5.8134e-08,5.8117e-08,5.7960e-08,0.96,2018/06/18 13:39:12,0.27,5791,8447,3.3983e-02,46.012,20,0.000,-1.0501e-13,-5.4303e-14,-5.7451e-14,-5.9527e-15,1.6272e-13,8.3256e-12,17.00,17.00,69.82,4.07014e-08,4.12719e-08,1.15043e-02,4.1817e-03,4.6835e-05,4.6125e-06,5.9287e-08,1.1941e-02,4.1874e-03,4.8761e-05,4.6260e-06,6.5253e-08,-36.5764,-1.3642,-39.5034,-2.9317,-91.2949,-41.7695,0.001,0,60,-7.1779,0.002,0,60,-0.5421,-0.2060,-51.9881,
C:\Nu Stable\Results\2018\201806015 clumped Tufas OmanSval CYC KDB ABJ,201806015 clumped Tufas OmanSval CYC KDB ABJ,Data_5998 CYC15-022B C.txt,CYC15-022B C,C:\Nu Stable\Analyses\DI\CO2 20-6-20 clumped NuCarb.rdf,Clumped CO2 Iterative,2018/06/15 18:32:39,2018/06/18 15:02:58,445,47,1.1130e-07,2.501101E-10,CF,28.503,3.398e-02,1,3.4756e-02,14880, InitialisePrepSampleRun; CheckIfCFRequired; UseCF; SampleTrapped; Chop_CF_SamSub; SampleTrapped; BalanceRefToSamValue; DepletingBalance; SampleReady;,3.3826e-08,1.0591e-07,5.2494e-08,5.2723e-08,5.2717e-08,5.2615e-08,0.96,2018/06/18 15:02:17,0.19,6130,8447,3.3983e-02,46.015,20,0.000,-1.0508e-13,-5.4523e-14,-5.7492e-14,-6.7610e-15,1.6193e-13,8.1021e-12,16.00,17.00,69.82,3.73181e-08,3.77356e-08,1.20184e-02,4.2701e-03,5.0024e-05,4.8143e-06,6.2839e-08,1.1941e-02,4.1875e-03,4.8766e-05,4.6315e-06,6.4654e-08,6.4732,19.7388,25.8003,39.4459,-28.2769,3.3182,0.001,0,60,13.7291,0.003,0,60,-0.4127,-0.4051,-71.3244,
C:\Nu Stable\Results\2018\201806015 clumped Tufas OmanSval CYC KDB ABJ,201806015 clumped Tufas OmanSval CYC KDB ABJ,Data_5999 AD10-233-10 F-2.txt,AD10-233-10 F-2,C:\Nu Stable\Analyses\DI\CO2 20-6-20 clumped NuCarb.rdf,Clumped CO2 Iterative,2018/06/15 18:32:39,2018/06/18 16:23:56,422,48,8.5740e-08,2.031757E-10,CF,22.095,3.476e-02,0,3.5546e-02,14944, InitialisePrepSampleRun; CheckIfCFRequired; UseCF; SampleTrapped; BalanceRefToSamValue; DepletingBalance; SampleReady;,3.3326e-08,1.0642e-07,8.2336e-08,8.3449e-08,8.3372e-08,8.3249e-08,0.96,2018/06/18 16:23:16,0.15,4485,8447,3.4756e-02,46.017,20,0.000,-1.0520e-13,-5.4385e-14,-5.7494e-14,-6.3175e-15,1.6306e-13,8.2022e-12,27.00,27.00,69.82,4.41783e-08,4.55245e-08,1.19940e-02,4.2505e-03,4.9695e-05,4.7664e-06,6.3360e-08,1.1941e-02,4.1874e-03,4.8766e-05,4.6274e-06,6.5266e-08,4.4030,15.0602,19.0504,30.0364,-29.3802,1.2758,0.001,0,60,9.0778,0.003,0,60,-0.3674,-0.3017,-61.8987,
C:\Nu Stable\Results\2018\201806015 clumped Tufas OmanSval CYC KDB ABJ,201806015 clumped Tufas OmanSval CYC KDB ABJ,Data_6000 ETH-01.txt,ETH-01,C:\Nu Stable\Analyses\DI\CO2 20-6-20 clumped NuCarb.rdf,Clumped CO2 Iterative,2018/06/15 18:32:39,2018/06/18 17:47:14,463,49,1.2574e-07,2.715838E-10,CF,30.579,3.476e-02,1,3.6354e-02,14976, InitialisePrepSampleRun; CheckIfCFRequired; UseCF; SampleTrapped; Chop_CF_SamSub; SampleTrapped; BalanceRefToSamValue; DepletingBalance; SampleReady;,3.2866e-08,1.0643e-07,5.9094e-08,5.9297e-08,5.9260e-08,5.9164e-08,0.96,2018/06/18 17:46:33,0.16,5525,8444,3.4756e-02,46.015,20,0.000,-1.0528e-13,-5.4562e-14,-5.7546e-14,-6.2263e-15,1.6342e-13,8.2728e-12,17.00,18.00,69.82,4.14049e-08,4.20073e-08,1.20032e-02,4.2392e-03,4.9579e-05,4.7436e-06,6.1337e-08,1.1941e-02,4.1875e-03,4.8764e-05,4.6308e-06,6.3884e-08,5.1869,12.3482,16.7246,24.3506,-39.5534,2.2036,0.001,0,60,6.3772,0.002,0,60,-0.8231,-0.4862,-67.6066,
