Batch,20231030 clumped Oman 3 CH,Collected on,2023/10/30 19:46:37,Analysis Instrument,PS019,Acquisition Software,,Stable 1.71.5,Reanalyzed  on,2023/10/30 20:45:54,Reanalysis Instrument,PS019,Reanalysis Software,Stable 1.71.5

Data,Batch,Data,Sample,Method,Analysis,Batch,Time,Sample,Vial,Initial,Sample,ColdFinger,Transducer,InletPiraniPressure,Sample,MaxPumpOverPressure,RawPumpOverPressure,Sample,Min,Max,Pre-balance,Pre-depleted,Final,Final,Depletion,Balance,Balance,RefBellowsPos,SamBellowsPos,Pirani,Current,Zero,Zero,Zero,Zero,Zero,Zero,Zero,Zero,Sam,Ref,Ave,Ref Major,Sam Major,Sample,Sample,Sample,Sample,Sample,Ref,Ref,Ref,Ref,Ref,Raw,Raw,Raw,Raw,Raw,Delta(13),Std,Rejected,Num,Delta(18),Std,Rejected,Num,DELTA,DELTA,DELTA,
Dir   ,Name   ,File   ,Name   ,  ,  ,Started   ,Collected   ,Weight   ,Location   ,Sam Beam   ,Yield   ,Status   ,Pressure   ,  ,Chops   ,  ,  ,Operations   ,Ref Beam   ,Ref Beam   ,Sam Beam   ,Ref Beam   ,Sam Beam   ,Ref Beam   ,Factor  ,End   ,%  ,  ,  ,Pressure   ,Mass   ,Length    ,Offset   ,Beams (0) ,Beams (1) ,Beams (2) ,Beams (3) ,Beams (4) ,Beams (5) ,Depletion   ,Depletion   ,Temperature   ,Signal(44),Signal(44),Ratio(45/44),Ratio(46/44),Ratio(47/44),Ratio(48/44),Ratio(49/44),Ratio(45/44),Ratio(46/44),Ratio(47/44),Ratio(48/44),Ratio(49/44),Delta(45/44),Delta(46/44),Delta(47/44),Delta(48/44),Delta(49/44),wrt PDB,Err,,,wrt PDB,Err,,,47,48,49,

C:\Nu Stable\Results\2023\20231030 clumped Oman 3 CH,20231030 clumped Oman 3 CH,Data_20760 ETH-01.txt,ETH-01,C:\Nu Stable\Analyses\DI\CO2 20-6-20 clumped NuCarb.rdf,Clumped CO2 Iterative,2023/10/30 19:46:37,2023/10/30 19:46:37,440,1,2.5011e-07,5.684244E-10,CF,21.545,1.000e-03,1,1.0000e-03,6304, InitialisePrepSampleRun; CheckIfCFRequired; UseCF; SampleTrapped; Chop_CF_SamSub; SampleTrapped; BalanceRefToSamValue; DepletingBalance; SampleReady;,4.0246e-08,1.5000e-07,9.4180e-08,9.4368e-08,9.4301e-08,9.4118e-08,0.96,2023/10/30 19:45:51,0.19,4775,8446,1.0000e-03,46.024,20,0.000,2.2264e-15,3.6485e-15,6.2102e-16,7.3863e-14,4.3931e-13,1.7888e-11,24.00,26.00,64.15,5.22612e-08,5.28888e-08,1.19176e-02,4.2122e-03,4.9067e-05,4.5010e-06,7.1718e-08,1.1863e-02,4.1658e-03,4.8330e-05,4.4034e-06,6.9761e-08,4.6207,11.1501,15.2329,22.1570,27.6769,1.6423,0.0011,0,60,5.1861,0.0028,0,60,-0.5454,-0.2616,0.5861,
C:\Nu Stable\Results\2023\20231030 clumped Oman 3 CH,20231030 clumped Oman 3 CH,Data_20761 ETH-02.txt,ETH-02,C:\Nu Stable\Analyses\DI\CO2 20-6-20 clumped NuCarb.rdf,Clumped CO2 Iterative,2023/10/30 19:46:37,2023/10/30 21:49:17,455,2,2.5015e-07,5.497884E-10,CF,22.339,1.000e-03,1,1.0000e-03,6272, InitialisePrepSampleRun; CheckIfCFRequired; UseCF; SampleTrapped; Chop_CF_SamSub; SampleTrapped; BalanceRefToSamValue; DepletingBalance; SampleReady;,3.9684e-08,1.5000e-07,9.7168e-08,9.7512e-08,9.7417e-08,9.7239e-08,0.96,2023/10/30 21:48:32,0.18,4620,8444,1.0000e-03,46.021,20,0.000,2.2495e-15,3.6793e-15,6.0189e-16,7.5921e-14,4.4543e-13,1.8384e-11,25.00,27.00,64.15,5.35783e-08,5.41811e-08,1.17767e-02,4.1431e-03,4.7690e-05,4.3566e-06,6.8959e-08,1.1863e-02,4.1656e-03,4.8334e-05,4.4044e-06,6.9412e-08,-7.2662,-5.4051,-13.3040,-10.8757,-6.6670,-10.4353,0.0028,0,60,-11.2631,0.0047,0,60,-0.5434,-0.0957,11.7963,
C:\Nu Stable\Results\2023\20231030 clumped Oman 3 CH,20231030 clumped Oman 3 CH,Data_20762 ETH-03.txt,ETH-03,C:\Nu Stable\Analyses\DI\CO2 20-6-20 clumped NuCarb.rdf,Clumped CO2 Iterative,2023/10/30 19:46:37,2023/10/30 23:10:24,477,3,2.5017e-07,5.244603E-10,CF,22.308,1.000e-03,1,1.0000e-03,6272, InitialisePrepSampleRun; CheckIfCFRequired; UseCF; SampleTrapped; Chop_CF_SamSub; SampleTrapped; BalanceRefToSamValue; DepletingBalance; SampleReady;,3.9574e-08,1.5000e-07,9.7997e-08,9.8264e-08,9.8178e-08,9.7951e-08,0.96,2023/10/30 23:09:38,0.23,4535,8446,1.0000e-03,46.019,20,0.000,2.2484e-15,3.7229e-15,7.0757e-16,7.9678e-14,4.5465e-13,1.9165e-11,24.00,26.00,64.15,5.38054e-08,5.43354e-08,1.19154e-02,4.2150e-03,4.9118e-05,4.5101e-06,7.1657e-08,1.1863e-02,4.1661e-03,4.8347e-05,4.4073e-06,6.9558e-08,4.3961,11.7442,15.9643,23.3138,29.7311,1.3828,0.0243,0,60,5.7778,0.0459,0,60,-0.1731,-0.3048,1.6761,
C:\Nu Stable\Results\2023\20231030 clumped Oman 3 CH,20231030 clumped Oman 3 CH,Data_20763 IAEA-C2.txt,IAEA-C2,C:\Nu Stable\Analyses\DI\CO2 20-6-20 clumped NuCarb.rdf,Clumped CO2 Iterative,2023/10/30 19:46:37,2023/10/31 01:14:08,444,4,2.5017e-07,5.634422E-10,CF,20.996,1.000e-03,1,1.0000e-03,6272, InitialisePrepSampleRun; CheckIfCFRequired; UseCF; SampleTrapped; Chop_CF_SamSub; SampleTrapped; BalanceRefToSamValue; DepletingBalance; SampleReady;,3.8191e-08,1.5000e-07,9.2562e-08,9.2833e-08,9.2742e-08,9.2585e-08,0.96,2023/10/31 01:13:23,0.17,4629,8446,1.0000e-03,46.021,20,0.000,2.3223e-15,3.6530e-15,6.1047e-16,7.5699e-14,4.4485e-13,1.8295e-11,24.00,26.00,64.15,5.14904e-08,5.19696e-08,1.18040e-02,4.1835e-03,4.8285e-05,4.4425e-06,6.9057e-08,1.1863e-02,4.1657e-03,4.8336e-05,4.4053e-06,6.8058e-08,-4.9533,4.2602,-1.0526,8.4500,14.4432,-8.3090,0.0010,0,60,-1.6495,0.0020,0,60,-0.1198,-0.0879,11.3204,
C:\Nu Stable\Results\2023\20231030 clumped Oman 3 CH,20231030 clumped Oman 3 CH,Data_20764 IAEA-C1.txt,IAEA-C1,C:\Nu Stable\Analyses\DI\CO2 20-6-20 clumped NuCarb.rdf,Clumped CO2 Iterative,2023/10/30 19:46:37,2023/10/31 02:34:59,494,5,2.5018e-07,5.064367E-10,CF,27.374,1.000e-03,1,1.0000e-03,6304, InitialisePrepSampleRun; CheckIfCFRequired; UseCF; SampleTrapped; Chop_CF_SamSub; SampleTrapped; BalanceRefToSamValue; DepletingBalance; SampleReady;,3.7844e-08,1.5000e-07,1.2230e-07,1.2237e-07,1.2223e-07,1.2195e-07,0.96,2023/10/31 02:34:14,0.23,3835,8446,1.0000e-03,46.021,20,0.000,2.3031e-15,3.7399e-15,7.2974e-16,8.1686e-14,4.5857e-13,1.9566e-11,26.00,28.00,64.15,6.40595e-08,6.49653e-08,1.19226e-02,4.2111e-03,4.9086e-05,4.5020e-06,6.9955e-08,1.1863e-02,4.1649e-03,4.8329e-05,4.4049e-06,6.8403e-08,5.0199,11.0188,15.6650,22.0306,22.6722,2.0717,0.0026,0,60,5.0546,0.0618,0,60,-0.4014,-0.1250,-4.4515,
C:\Nu Stable\Results\2023\20231030 clumped Oman 3 CH,20231030 clumped Oman 3 CH,Data_20765 MDS 211.5.txt,MDS 211.5,C:\Nu Stable\Analyses\DI\CO2 20-6-20 clumped NuCarb.rdf,Clumped CO2 Iterative,2023/10/30 19:46:37,2023/10/31 04:37:34,439,6,2.5021e-07,5.699521E-10,CF,20.874,1.000e-03,1,1.0000e-03,6272, InitialisePrepSampleRun; CheckIfCFRequired; UseCF; SampleTrapped; Chop_CF_SamSub; SampleTrapped; BalanceRefToSamValue; DepletingBalance; SampleReady;,3.6395e-08,1.5000e-07,8.8245e-08,8.8450e-08,8.8388e-08,8.8218e-08,0.96,2023/10/31 04:36:48,0.19,4622,8446,1.0000e-03,46.019,20,0.000,2.2638e-15,3.6487e-15,5.6237e-16,7.5173e-14,4.4310e-13,1.8191e-11,24.00,26.00,64.15,4.95113e-08,5.00038e-08,1.18084e-02,4.1876e-03,4.8346e-05,4.4520e-06,7.0116e-08,1.1863e-02,4.1658e-03,4.8340e-05,4.4064e-06,6.9576e-08,-4.5711,5.2424,0.1196,10.3376,7.4917,-7.9362,0.0011,0,60,-0.6729,0.0023,0,60,-0.3049,-0.1729,2.0514,
C:\Nu Stable\Results\2023\20231030 clumped Oman 3 CH,20231030 clumped Oman 3 CH,Data_20766 MDS 5.0.txt,MDS 5.0,C:\Nu Stable\Analyses\DI\CO2 20-6-20 clumped NuCarb.rdf,Clumped CO2 Iterative,2023/10/30 19:46:37,2023/10/31 05:58:42,444,7,2.5026e-07,5.636493E-10,CF,20.843,1.000e-03,1,1.0000e-03,6304, InitialisePrepSampleRun; CheckIfCFRequired; UseCF; SampleTrapped; Chop_CF_SamSub; SampleTrapped; BalanceRefToSamValue; DepletingBalance; SampleReady;,3.6075e-08,1.5000e-07,9.0344e-08,9.0451e-08,9.0359e-08,9.0174e-08,0.96,2023/10/31 05:57:56,0.21,4493,8446,1.0000e-03,46.019,20,0.000,2.2781e-15,3.7352e-15,6.6447e-16,7.8220e-14,4.5058e-13,1.8868e-11,24.00,26.00,64.15,5.03475e-08,5.08146e-08,1.17839e-02,4.1848e-03,4.8205e-05,4.4445e-06,7.0157e-08,1.1863e-02,4.1657e-03,4.8337e-05,4.4047e-06,6.9267e-08,-6.6337,4.5651,-2.7242,9.0219,12.6209,-10.1080,0.0008,0,60,-1.3424,0.0016,0,60,-0.3512,-0.1281,10.7163,
C:\Nu Stable\Results\2023\20231030 clumped Oman 3 CH,20231030 clumped Oman 3 CH,Data_20767 MDS 220.5.txt,MDS 220.5,C:\Nu Stable\Analyses\DI\CO2 20-6-20 clumped NuCarb.rdf,Clumped CO2 Iterative,2023/10/30 19:46:37,2023/10/31 07:19:42,482,8,2.5029e-07,5.192812E-10,CF,21.362,1.000e-03,1,1.0000e-03,6304, InitialisePrepSampleRun; CheckIfCFRequired; UseCF; SampleTrapped; Chop_CF_SamSub; SampleTrapped; BalanceRefToSamValue; DepletingBalance; SampleReady;,3.5439e-08,1.5000e-07,9.2027e-08,9.2059e-08,9.1970e-08,9.1783e-08,0.96,2023/10/31 07:18:57,0.20,4373,8444,1.0000e-03,46.019,20,0.000,2.2804e-15,3.7285e-15,6.9130e-16,7.8793e-14,4.5093e-13,1.8960e-11,24.00,26.00,64.15,5.11150e-08,5.17225e-08,1.18291e-02,4.1903e-03,4.8458e-05,4.4565e-06,7.0296e-08,1.1863e-02,4.1658e-03,4.8338e-05,4.4051e-06,6.9278e-08,-2.8232,5.8805,2.4970,11.6607,14.3782,-6.0980,0.0010,0,60,-0.0417,0.0021,0,60,-0.3632,-0.1333,5.7638,
C:\Nu Stable\Results\2023\20231030 clumped Oman 3 CH,20231030 clumped Oman 3 CH,Data_20768 ETH-04.txt,ETH-04,C:\Nu Stable\Analyses\DI\CO2 20-6-20 clumped NuCarb.rdf,Clumped CO2 Iterative,2023/10/30 19:46:37,2023/10/31 09:23:08,482,9,2.5032e-07,5.19345E-10,CF,25.635,1.000e-03,1,1.0000e-03,6304, InitialisePrepSampleRun; CheckIfCFRequired; UseCF; SampleTrapped; Chop_CF_SamSub; SampleTrapped; BalanceRefToSamValue; DepletingBalance; SampleReady;,3.4097e-08,1.5000e-07,1.1156e-07,1.1171e-07,1.1162e-07,1.1135e-07,0.96,2023/10/31 09:22:22,0.24,3813,8449,1.0000e-03,46.021,20,0.000,2.2244e-15,3.6328e-15,5.8580e-16,7.6715e-14,4.4562e-13,1.8510e-11,25.00,27.00,64.15,5.96470e-08,6.03826e-08,1.17748e-02,4.1420e-03,4.7679e-05,4.3555e-06,6.9086e-08,1.1863e-02,4.1653e-03,4.8328e-05,4.4051e-06,7.0026e-08,-7.4089,-5.5998,-13.4397,-11.2649,-13.3416,-10.5804,0.0013,0,60,-11.4565,0.0021,0,60,-0.3403,-0.0978,5.5385,
C:\Nu Stable\Results\2023\20231030 clumped Oman 3 CH,20231030 clumped Oman 3 CH,Data_20769 ETH-3.txt,ETH-3,C:\Nu Stable\Analyses\DI\CO2 20-6-20 clumped NuCarb.rdf,Clumped CO2 Iterative,2023/10/30 19:46:37,2023/10/31 10:44:17,448,10,2.5037e-07,5.588717E-10,CF,21.179,1.000e-03,1,1.0000e-03,6304, InitialisePrepSampleRun; CheckIfCFRequired; UseCF; SampleTrapped; Chop_CF_SamSub; SampleTrapped; BalanceRefToSamValue; DepletingBalance; SampleReady;,3.3871e-08,1.5000e-07,9.2117e-08,9.1904e-08,9.1856e-08,9.1609e-08,0.96,2023/10/31 10:43:32,0.27,4243,8449,1.0000e-03,46.019,20,0.000,2.3317e-15,3.6768e-15,7.0417e-16,7.8662e-14,4.5167e-13,1.8924e-11,24.00,26.00,64.15,5.10551e-08,5.14959e-08,1.19138e-02,4.2142e-03,4.9099e-05,4.5075e-06,6.9531e-08,1.1862e-02,4.1658e-03,4.8337e-05,4.4050e-06,6.7638e-08,4.3267,11.6292,15.7867,23.2845,28.5724,1.3129,0.0008,0,60,5.6635,0.0028,0,60,-0.1649,-0.1067,0.8368,
C:\Nu Stable\Results\2023\20231030 clumped Oman 3 CH,20231030 clumped Oman 3 CH,Data_20770 WS 2.1A.txt,WS 2.1A,C:\Nu Stable\Analyses\DI\CO2 20-6-20 clumped NuCarb.rdf,Clumped CO2 Iterative,2023/10/30 19:46:37,2023/10/31 12:11:40,438,11,2.5036e-07,5.716007E-10,CF,18.616,1.000e-03,1,1.0000e-03,6304, InitialisePrepSampleRun; CheckIfCFRequired; UseCF; SampleTrapped; Chop_CF_SamSub; SampleTrapped; BalanceRefToSamValue; DepletingBalance; SampleReady;,4.1402e-08,1.5000e-07,8.2388e-08,8.3054e-08,8.2995e-08,8.2836e-08,0.96,2023/10/31 12:10:55,0.19,5238,8449,1.0000e-03,46.019,20,0.000,2.2693e-15,3.6818e-15,6.3336e-16,7.7491e-14,4.4915e-13,1.8694e-11,24.00,26.00,64.15,4.70474e-08,4.75440e-08,1.17767e-02,4.1855e-03,4.8187e-05,4.4459e-06,6.9583e-08,1.1862e-02,4.1659e-03,4.8341e-05,4.4043e-06,6.8787e-08,-7.2203,4.7158,-3.1873,9.4297,11.5419,-10.7374,0.0012,0,60,-1.1912,0.0017,0,60,-0.3545,-0.0240,9.9760,
C:\Nu Stable\Results\2023\20231030 clumped Oman 3 CH,20231030 clumped Oman 3 CH,Data_20771 MDS 5.0.txt,MDS 5.0,C:\Nu Stable\Analyses\DI\CO2 20-6-20 clumped NuCarb.rdf,Clumped CO2 Iterative,2023/10/30 19:46:37,2023/10/31 14:14:30,389,12,2.4131e-07,6.203334E-10,CF,17.822,1.000e-03,1,1.0000e-03,6304, InitialisePrepSampleRun; CheckIfCFRequired; UseCF; SampleTrapped; Chop_CF_SamSub; SampleTrapped; BalanceRefToSamValue; DepletingBalance; SampleReady;,4.0197e-08,1.5000e-07,7.5652e-08,7.6466e-08,7.6429e-08,7.6304e-08,0.96,2023/10/31 14:13:45,0.16,5446,8450,1.0000e-03,46.019,20,0.000,2.2411e-15,3.5931e-15,5.1713e-16,7.3711e-14,4.3822e-13,1.7817e-11,24.00,25.00,64.15,4.40155e-08,4.44312e-08,1.17835e-02,4.1849e-03,4.8212e-05,4.4458e-06,7.0445e-08,1.1862e-02,4.1659e-03,4.8344e-05,4.4063e-06,6.9466e-08,-6.6478,4.5574,-2.7249,8.9755,14.1371,-10.1227,0.0009,0,60,-1.3501,0.0016,0,60,-0.3297,-0.1587,12.2601,
C:\Nu Stable\Results\2023\20231030 clumped Oman 3 CH,20231030 clumped Oman 3 CH,Data_20772 WS 2.1B.txt,WS 2.1B,C:\Nu Stable\Analyses\DI\CO2 20-6-20 clumped NuCarb.rdf,Clumped CO2 Iterative,2023/10/30 19:46:37,2023/10/31 15:35:36,407,13,1.6881e-07,4.147699E-10,CF,12.146,1.000e-03,1,1.0000e-03,6272, InitialisePrepSampleRun; CheckIfCFRequired; UseCF; SampleTrapped; Chop_CF_SamSub; SampleTrapped; BalanceRefToSamValue; DepletingBalance; SampleReady;,3.9990e-08,1.5000e-07,5.3259e-08,5.3606e-08,5.3577e-08,5.3399e-08,0.96,2023/10/31 15:34:50,0.33,6867,8450,1.0000e-03,46.017,20,0.000,2.2795e-15,3.6855e-15,6.0654e-16,7.3650e-14,4.3790e-13,1.7872e-11,22.00,24.00,64.15,3.24956e-08,3.27767e-08,1.17770e-02,4.1865e-03,4.8214e-05,4.4464e-06,7.0086e-08,1.1862e-02,4.1666e-03,4.8360e-05,4.4047e-06,6.8530e-08,-7.1664,4.7783,-3.0199,9.4625,22.1922,-10.6822,0.0009,0,60,-1.1291,0.0017,0,60,-0.3038,-0.1159,20.4258,
C:\Nu Stable\Results\2023\20231030 clumped Oman 3 CH,20231030 clumped Oman 3 CH,Data_20773 ETH-02.txt,ETH-02,C:\Nu Stable\Analyses\DI\CO2 20-6-20 clumped NuCarb.rdf,Clumped CO2 Iterative,2023/10/30 19:46:37,2023/10/31 16:56:55,452,14,2.5035e-07,5.538719E-10,CF,21.973,1.000e-03,1,1.0000e-03,6272, InitialisePrepSampleRun; CheckIfCFRequired; UseCF; SampleTrapped; Chop_CF_SamSub; SampleTrapped; BalanceRefToSamValue; DepletingBalance; SampleReady;,3.9189e-08,1.5000e-07,9.5377e-08,9.5700e-08,9.5603e-08,9.5430e-08,0.96,2023/10/31 16:56:09,0.18,4617,8450,1.0000e-03,46.019,20,0.000,2.2999e-15,3.6914e-15,6.4606e-16,7.7643e-14,4.4904e-13,1.8758e-11,25.00,26.00,64.15,5.27680e-08,5.32734e-08,1.17765e-02,4.1430e-03,4.7692e-05,4.3569e-06,6.7612e-08,1.1863e-02,4.1654e-03,4.8334e-05,4.4047e-06,6.8209e-08,-7.2515,-5.3910,-13.2781,-10.8604,-8.6249,-10.4201,0.0008,0,60,-11.2490,0.0014,0,60,-0.5466,-0.1088,9.7576,
C:\Nu Stable\Results\2023\20231030 clumped Oman 3 CH,20231030 clumped Oman 3 CH,Data_20774 ETH-01.txt,ETH-01,C:\Nu Stable\Analyses\DI\CO2 20-6-20 clumped NuCarb.rdf,Clumped CO2 Iterative,2023/10/30 19:46:37,2023/10/31 18:18:42,416,15,2.5039e-07,6.01908E-10,CF,20.172,1.000e-03,1,1.0000e-03,6272, InitialisePrepSampleRun; CheckIfCFRequired; UseCF; SampleTrapped; Chop_CF_SamSub; SampleTrapped; BalanceRefToSamValue; DepletingBalance; SampleReady;,3.8686e-08,1.5000e-07,8.7379e-08,8.7511e-08,8.7470e-08,8.7253e-08,0.96,2023/10/31 18:17:56,0.25,4822,8448,1.0000e-03,46.019,20,0.000,2.2557e-15,3.6737e-15,6.3568e-16,7.7934e-14,4.5000e-13,1.8806e-11,24.00,26.00,64.15,4.90079e-08,4.94631e-08,1.19171e-02,4.2121e-03,4.9075e-05,4.5030e-06,7.1119e-08,1.1862e-02,4.1657e-03,4.8339e-05,4.4056e-06,6.9306e-08,4.6058,11.1233,15.2186,22.1021,25.7039,1.6273,0.0011,0,60,5.1595,0.0026,0,60,-0.5182,-0.2624,-1.2670,
C:\Nu Stable\Results\2023\20231030 clumped Oman 3 CH,20231030 clumped Oman 3 CH,Data_20775 WS 5.4.txt,WS 5.4,C:\Nu Stable\Analyses\DI\CO2 20-6-20 clumped NuCarb.rdf,Clumped CO2 Iterative,2023/10/30 19:46:37,2023/10/31 19:40:24,454,16,2.5046e-07,5.516663E-10,CF,20.813,1.000e-03,1,1.0000e-03,6304, InitialisePrepSampleRun; CheckIfCFRequired; UseCF; SampleTrapped; Chop_CF_SamSub; SampleTrapped; BalanceRefToSamValue; DepletingBalance; SampleReady;,3.7993e-08,1.5000e-07,9.0730e-08,9.0937e-08,9.0861e-08,9.0648e-08,0.96,2023/10/31 19:39:38,0.23,4646,8448,1.0000e-03,46.019,20,0.000,2.2919e-15,3.6217e-15,5.9241e-16,7.8106e-14,4.4957e-13,1.8850e-11,25.00,26.00,64.15,5.05216e-08,5.09958e-08,1.17792e-02,4.1843e-03,4.8184e-05,4.4457e-06,6.8970e-08,1.1862e-02,4.1656e-03,4.8340e-05,4.4069e-06,6.8540e-08,-7.0114,4.4846,-3.2185,8.8063,6.1395,-10.5071,0.0008,0,60,-1.4217,0.0019,0,60,-0.3762,-0.1814,4.8118,
C:\Nu Stable\Results\2023\20231030 clumped Oman 3 CH,20231030 clumped Oman 3 CH,Data_20776 MDS 220.5.txt,MDS 220.5,C:\Nu Stable\Analyses\DI\CO2 20-6-20 clumped NuCarb.rdf,Clumped CO2 Iterative,2023/10/30 19:46:37,2023/10/31 21:01:04,470,17,2.5048e-07,5.329374E-10,CF,18.616,1.000e-03,1,1.0000e-03,6304, InitialisePrepSampleRun; CheckIfCFRequired; UseCF; SampleTrapped; Chop_CF_SamSub; SampleTrapped; BalanceRefToSamValue; DepletingBalance; SampleReady;,3.7224e-08,1.5000e-07,8.2284e-08,8.2380e-08,8.2335e-08,8.2149e-08,0.96,2023/10/31 21:00:18,0.23,4871,8448,1.0000e-03,46.019,20,0.000,2.2860e-15,3.6410e-15,6.5142e-16,7.7393e-14,4.4848e-13,1.8699e-11,24.00,26.00,63.62,4.66157e-08,4.70899e-08,1.18285e-02,4.1902e-03,4.8460e-05,4.4580e-06,6.9564e-08,1.1862e-02,4.1657e-03,4.8341e-05,4.4072e-06,6.8819e-08,-2.8417,5.8664,2.4647,11.5308,10.6413,-6.1172,0.0010,0,60,-0.0557,0.0020,0,60,-0.3625,-0.2337,2.1060,
C:\Nu Stable\Results\2023\20231030 clumped Oman 3 CH,20231030 clumped Oman 3 CH,Data_20777 MDS 5.0.txt,MDS 5.0,C:\Nu Stable\Analyses\DI\CO2 20-6-20 clumped NuCarb.rdf,Clumped CO2 Iterative,2023/10/30 19:46:37,2023/10/31 22:22:10,496,18,2.5051e-07,5.050614E-10,CF,25.482,1.000e-03,1,1.0000e-03,6272, InitialisePrepSampleRun; CheckIfCFRequired; UseCF; SampleTrapped; Chop_CF_SamSub; SampleTrapped; BalanceRefToSamValue; DepletingBalance; SampleReady;,3.6332e-08,1.5000e-07,1.1257e-07,1.1180e-07,1.1172e-07,1.1145e-07,0.96,2023/10/31 22:21:25,0.24,3955,8448,1.0000e-03,46.021,20,0.000,2.3180e-15,4.2268e-15,7.2223e-16,8.1704e-14,4.5771e-13,1.9650e-11,25.00,27.00,63.57,5.97299e-08,6.04122e-08,1.17838e-02,4.1842e-03,4.8195e-05,4.4370e-06,6.7941e-08,1.1862e-02,4.1653e-03,4.8328e-05,4.3973e-06,6.7773e-08,-6.6322,4.5552,-2.7623,9.0285,2.5649,-10.1060,0.0008,0,60,-1.3523,0.0019,0,60,-0.3812,-0.1017,0.6970,
C:\Nu Stable\Results\2023\20231030 clumped Oman 3 CH,20231030 clumped Oman 3 CH,Data_20778 ETH-03.txt,ETH-03,C:\Nu Stable\Analyses\DI\CO2 20-6-20 clumped NuCarb.rdf,Clumped CO2 Iterative,2023/10/30 19:46:37,2023/10/31 23:43:18,437,19,2.5052e-07,5.732713E-10,CF,20.233,1.000e-03,1,1.0000e-03,6304, InitialisePrepSampleRun; CheckIfCFRequired; UseCF; SampleTrapped; Chop_CF_SamSub; SampleTrapped; BalanceRefToSamValue; DepletingBalance; SampleReady;,3.5727e-08,1.5000e-07,8.7296e-08,8.7400e-08,8.7315e-08,8.7152e-08,0.96,2023/10/31 23:42:33,0.19,4555,8447,1.0000e-03,46.019,20,0.000,2.2434e-15,3.7338e-15,6.7109e-16,7.8605e-14,4.4968e-13,1.8940e-11,24.00,26.00,63.89,4.89373e-08,4.93101e-08,1.19141e-02,4.2144e-03,4.9110e-05,4.5087e-06,7.1111e-08,1.1862e-02,4.1657e-03,4.8341e-05,4.4062e-06,6.9266e-08,4.3591,11.6746,15.8941,23.2618,26.5237,1.3457,0.0011,0,60,5.7087,0.0029,0,60,-0.1365,-0.2187,-1.2792,
C:\Nu Stable\Results\2023\20231030 clumped Oman 3 CH,20231030 clumped Oman 3 CH,Data_20779 IAEA-C2.txt,IAEA-C2,C:\Nu Stable\Analyses\DI\CO2 20-6-20 clumped NuCarb.rdf,Clumped CO2 Iterative,2023/10/30 19:46:37,2023/11/01 01:04:45,395,20,2.4604e-07,6.22878E-10,CF,18.341,1.000e-03,1,1.0000e-03,6304, InitialisePrepSampleRun; CheckIfCFRequired; UseCF; SampleTrapped; Chop_CF_SamSub; SampleTrapped; BalanceRefToSamValue; DepletingBalance; SampleReady;,3.5010e-08,1.5000e-07,7.8517e-08,7.8621e-08,7.8560e-08,7.8404e-08,0.96,2023/11/01 01:04:00,0.20,4800,8446,1.0000e-03,46.021,20,0.000,2.2416e-15,3.6913e-15,5.8812e-16,7.6956e-14,4.4771e-13,1.8595e-11,24.00,25.00,63.89,4.49319e-08,4.53664e-08,1.18032e-02,4.1834e-03,4.8286e-05,4.4408e-06,6.9880e-08,1.1862e-02,4.1658e-03,4.8339e-05,4.4040e-06,6.9434e-08,-4.9680,4.2274,-1.1127,8.3672,6.3897,-8.3235,0.0010,0,60,-1.6821,0.0020,0,60,-0.1327,-0.1047,3.3718,
C:\Nu Stable\Results\2023\20231030 clumped Oman 3 CH,20231030 clumped Oman 3 CH,Data_20780 WS 2.1B.txt,WS 2.1B,C:\Nu Stable\Analyses\DI\CO2 20-6-20 clumped NuCarb.rdf,Clumped CO2 Iterative,2023/10/30 19:46:37,2023/11/01 02:33:52,411,21,1.5830e-07,3.851684E-10,CF,11.139,1.000e-03,1,1.0000e-03,6272, InitialisePrepSampleRun; CheckIfCFRequired; UseCF; SampleTrapped; Chop_CF_SamSub; SampleTrapped; BalanceRefToSamValue; DepletingBalance; SampleReady;,4.2650e-08,1.5000e-07,5.0061e-08,4.9998e-08,4.9962e-08,5.0018e-08,0.96,2023/11/01 02:33:07,-0.11,7521,8449,1.0000e-03,46.019,20,0.000,2.2729e-15,3.6677e-15,5.4950e-16,7.3475e-14,4.3811e-13,1.7846e-11,22.00,23.00,63.89,3.07648e-08,3.07997e-08,1.17765e-02,4.1861e-03,4.8210e-05,4.4462e-06,6.9775e-08,1.1862e-02,4.1666e-03,4.8362e-05,4.4056e-06,6.8680e-08,-7.1843,4.6907,-3.1471,9.2195,15.7625,-10.6982,0.0012,0,60,-1.2162,0.0016,0,60,-0.3269,-0.1823,14.2005,
C:\Nu Stable\Results\2023\20231030 clumped Oman 3 CH,20231030 clumped Oman 3 CH,Data_20781 MD6-S.txt,MD6-S,C:\Nu Stable\Analyses\DI\CO2 20-6-20 clumped NuCarb.rdf,Clumped CO2 Iterative,2023/10/30 19:46:37,2023/11/01 04:15:35,406,22,1.1024e-07,2.715233E-10,CF,7.355,1.000e-03,0,1.0000e-03,6304, InitialisePrepSampleRun; CheckIfCFRequired; UseCF; SampleTrapped; BalanceRefToSamValue; DepletingBalance; SampleReady;,4.1945e-08,1.5000e-07,1.0576e-07,4.4614e-08,4.1702e-08,4.4072e-08,0.96,2023/11/01 04:14:37,-5.38,8149,8449,1.0000e-03,46.019,20,0.000,2.1821e-15,3.6528e-15,5.5057e-16,7.2538e-14,4.3672e-13,1.7617e-11,36.00,38.00,63.89,1.84287e-08,1.78666e-08,1.17485e-02,4.1858e-03,4.8119e-05,4.4432e-06,7.4467e-08,1.1861e-02,4.1670e-03,4.8384e-05,4.4044e-06,7.4156e-08,-9.4747,4.5307,-5.4818,8.7923,4.3372,-13.1304,0.0013,0,60,-1.3705,0.0035,0,60,-0.1343,-0.2872,5.5743,
C:\Nu Stable\Results\2023\20231030 clumped Oman 3 CH,20231030 clumped Oman 3 CH,Data_20782 ETH-04.txt,ETH-04,C:\Nu Stable\Analyses\DI\CO2 20-6-20 clumped NuCarb.rdf,Clumped CO2 Iterative,2023/11/01 14:59:35,2023/11/01 14:59:35,436,24,2.5036e-07,5.742233E-10,CF,21.667,1.000e-03,1,1.0000e-03,6304, InitialisePrepSampleRun; CheckIfCFRequired; UseCF; SampleTrapped; Chop_CF_SamSub; SampleTrapped; BalanceRefToSamValue; DepletingBalance; SampleReady;,3.9257e-08,1.5000e-07,9.1005e-08,9.1183e-08,9.1098e-08,9.0941e-08,0.96,2023/11/01 14:58:50,0.17,4860,8448,1.0000e-03,46.026,20,0.000,2.2221e-15,3.9586e-15,4.7314e-16,6.7824e-14,4.2434e-13,1.6672e-11,24.00,26.00,64.40,5.07679e-08,5.12630e-08,1.17742e-02,4.1414e-03,4.7657e-05,4.3492e-06,7.0003e-08,1.1862e-02,4.1648e-03,4.8306e-05,4.3987e-06,7.0585e-08,-7.4162,-5.6113,-13.4419,-11.2481,-8.4194,-10.5877,0.0007,0,60,-11.4679,0.0012,0,60,-0.3236,-0.0577,10.5855,
C:\Nu Stable\Results\2023\20231030 clumped Oman 3 CH,20231030 clumped Oman 3 CH,Data_20783 ETH-02.txt,ETH-02,C:\Nu Stable\Analyses\DI\CO2 20-6-20 clumped NuCarb.rdf,Clumped CO2 Iterative,2023/11/01 14:59:35,2023/11/01 16:19:47,441,25,2.5038e-07,5.677515E-10,CF,20.050,1.000e-03,1,1.0000e-03,6272, InitialisePrepSampleRun; CheckIfCFRequired; UseCF; SampleTrapped; Chop_CF_SamSub; SampleTrapped; BalanceRefToSamValue; DepletingBalance; SampleReady;,4.0332e-08,1.5000e-07,8.5473e-08,8.5814e-08,8.5751e-08,8.5571e-08,0.96,2023/11/01 16:19:01,0.21,5045,8448,1.0000e-03,46.021,20,0.000,2.2039e-15,3.8508e-15,5.7846e-16,7.5638e-14,4.4419e-13,1.8362e-11,24.00,26.00,64.40,4.83561e-08,4.88717e-08,1.17764e-02,4.1428e-03,4.7682e-05,4.3528e-06,7.0419e-08,1.1863e-02,4.1654e-03,4.8327e-05,4.4010e-06,7.0944e-08,-7.2647,-5.4255,-13.3321,-10.9530,-7.5748,-10.4329,0.0008,0,60,-11.2834,0.0012,0,60,-0.5534,-0.1329,10.9106,
C:\Nu Stable\Results\2023\20231030 clumped Oman 3 CH,20231030 clumped Oman 3 CH,Data_20784 WS 2.1A.txt,WS 2.1A,C:\Nu Stable\Analyses\DI\CO2 20-6-20 clumped NuCarb.rdf,Clumped CO2 Iterative,2023/11/01 14:59:35,2023/11/01 17:40:48,446,26,2.5039e-07,5.614199E-10,CF,19.073,1.000e-03,1,1.0000e-03,6304, InitialisePrepSampleRun; CheckIfCFRequired; UseCF; SampleTrapped; Chop_CF_SamSub; SampleTrapped; BalanceRefToSamValue; DepletingBalance; SampleReady;,3.9909e-08,1.5000e-07,8.2236e-08,8.2635e-08,8.2579e-08,8.2409e-08,0.96,2023/11/01 17:40:02,0.21,5115,8448,1.0000e-03,46.019,20,0.000,2.2438e-15,3.7605e-15,5.9313e-16,7.6305e-14,4.4566e-13,1.8452e-11,24.00,26.00,64.40,4.68568e-08,4.73859e-08,1.17769e-02,4.1853e-03,4.8180e-05,4.4453e-06,6.9852e-08,1.1862e-02,4.1655e-03,4.8334e-05,4.4042e-06,6.9906e-08,-7.2154,4.7330,-3.1924,9.3439,-0.9202,-10.7328,0.0008,0,60,-1.1741,0.0020,0,60,-0.3815,-0.1433,-2.5058,
C:\Nu Stable\Results\2023\20231030 clumped Oman 3 CH,20231030 clumped Oman 3 CH,Data_20785 MRT-3 A.txt,MRT-3 A,C:\Nu Stable\Analyses\DI\CO2 20-6-20 clumped NuCarb.rdf,Clumped CO2 Iterative,2023/11/01 14:59:35,2023/11/01 19:02:00,450,27,2.5039e-07,5.564259E-10,CF,23.590,1.000e-03,1,1.0000e-03,6272, InitialisePrepSampleRun; CheckIfCFRequired; UseCF; SampleTrapped; Chop_CF_SamSub; SampleTrapped; BalanceRefToSamValue; DepletingBalance; SampleReady;,3.9182e-08,1.5000e-07,1.0376e-07,1.0410e-07,1.0403e-07,1.0376e-07,0.96,2023/11/01 19:01:15,0.26,4367,8448,1.0000e-03,46.021,20,0.000,2.2590e-15,3.7626e-15,6.3801e-16,7.8809e-14,4.5238e-13,1.8945e-11,25.00,27.00,64.40,5.65019e-08,5.71805e-08,1.19185e-02,4.2127e-03,4.9091e-05,4.5038e-06,7.0546e-08,1.1863e-02,4.1654e-03,4.8329e-05,4.4039e-06,6.9076e-08,4.6820,11.3499,15.7656,22.6911,20.8832,1.7006,0.0108,0,60,5.3848,0.0265,0,60,-0.2783,-0.1345,-6.4806,
C:\Nu Stable\Results\2023\20231030 clumped Oman 3 CH,20231030 clumped Oman 3 CH,Data_20786 IAEA-C2.txt,IAEA-C2,C:\Nu Stable\Analyses\DI\CO2 20-6-20 clumped NuCarb.rdf,Clumped CO2 Iterative,2023/11/01 14:59:35,2023/11/01 20:23:51,411,28,2.5040e-07,6.09246E-10,CF,20.019,1.000e-03,1,1.0000e-03,6304, InitialisePrepSampleRun; CheckIfCFRequired; UseCF; SampleTrapped; Chop_CF_SamSub; SampleTrapped; BalanceRefToSamValue; DepletingBalance; SampleReady;,3.8443e-08,1.5000e-07,8.4331e-08,8.3751e-08,8.3685e-08,8.3522e-08,0.96,2023/11/01 20:23:06,0.20,4931,8446,1.0000e-03,46.019,20,0.000,2.2892e-15,3.6911e-15,6.6483e-16,7.7639e-14,4.4888e-13,1.8686e-11,24.00,26.00,64.40,4.74145e-08,4.78148e-08,1.18035e-02,4.1832e-03,4.8281e-05,4.4429e-06,6.8827e-08,1.1862e-02,4.1655e-03,4.8334e-05,4.4058e-06,6.8703e-08,-4.9613,4.2500,-1.1100,8.4232,1.9050,-8.3172,0.0008,0,60,-1.6597,0.0016,0,60,-0.1589,-0.0942,-1.1508,
C:\Nu Stable\Results\2023\20231030 clumped Oman 3 CH,20231030 clumped Oman 3 CH,Data_20787 ETH-04.txt,ETH-04,C:\Nu Stable\Analyses\DI\CO2 20-6-20 clumped NuCarb.rdf,Clumped CO2 Iterative,2023/11/01 14:59:35,2023/11/01 21:44:33,438,29,2.5043e-07,5.717649E-10,CF,22.430,1.000e-03,1,1.0000e-03,6304, InitialisePrepSampleRun; CheckIfCFRequired; UseCF; SampleTrapped; Chop_CF_SamSub; SampleTrapped; BalanceRefToSamValue; DepletingBalance; SampleReady;,3.7694e-08,1.5000e-07,9.7050e-08,9.7388e-08,9.7316e-08,9.7108e-08,0.96,2023/11/01 21:43:47,0.21,4431,8448,1.0000e-03,46.024,20,0.000,2.2877e-15,3.6863e-15,6.5249e-16,7.8113e-14,4.4970e-13,1.8847e-11,25.00,26.00,64.40,5.30953e-08,5.37385e-08,1.17745e-02,4.1418e-03,4.7671e-05,4.3520e-06,6.7731e-08,1.1862e-02,4.1651e-03,4.8319e-05,4.4016e-06,6.8567e-08,-7.4183,-5.6067,-13.4159,-11.2648,-12.4376,-10.5902,0.0008,0,60,-11.4634,0.0012,0,60,-0.2996,-0.0838,6.4836,
C:\Nu Stable\Results\2023\20231030 clumped Oman 3 CH,20231030 clumped Oman 3 CH,Data_20789 WS 2.1A.txt,WS 2.1A,C:\Nu Stable\Analyses\DI\CO2 20-6-20 clumped NuCarb.rdf,Clumped CO2 Iterative,2023/11/01 14:59:35,2023/11/02 01:08:05,436,31,2.4291e-07,5.571295E-10,CF,17.792,1.000e-03,1,1.0000e-03,6304, InitialisePrepSampleRun; CheckIfCFRequired; UseCF; SampleTrapped; Chop_CF_SamSub; SampleTrapped; BalanceRefToSamValue; DepletingBalance; SampleReady;,4.2101e-08,1.5000e-07,7.5951e-08,7.6054e-08,7.5989e-08,7.5853e-08,0.96,2023/11/02 01:07:19,0.18,5660,8447,1.0000e-03,46.026,20,0.000,2.2679e-15,3.5947e-15,5.1177e-16,7.2017e-14,4.3446e-13,1.7549e-11,24.00,25.00,63.50,4.38094e-08,4.40634e-08,1.17763e-02,4.1853e-03,4.8169e-05,4.4408e-06,6.9874e-08,1.1862e-02,4.1656e-03,4.8323e-05,4.3998e-06,6.8745e-08,-7.2299,4.7090,-3.1790,9.3252,16.4276,-10.7474,0.0009,0,60,-1.1980,0.0020,0,60,-0.3295,-0.1139,14.8780,
C:\Nu Stable\Results\2023\20231030 clumped Oman 3 CH,20231030 clumped Oman 3 CH,Data_20790 WS 2.1B.txt,WS 2.1B,C:\Nu Stable\Analyses\DI\CO2 20-6-20 clumped NuCarb.rdf,Clumped CO2 Iterative,2023/11/01 14:59:35,2023/11/02 02:29:47,468,32,1.9687e-07,4.206722E-10,CF,14.099,1.000e-03,1,1.0000e-03,6304, InitialisePrepSampleRun; CheckIfCFRequired; UseCF; SampleTrapped; Chop_CF_SamSub; SampleTrapped; BalanceRefToSamValue; DepletingBalance; SampleReady;,4.1978e-08,1.5000e-07,6.0761e-08,6.0960e-08,6.0934e-08,6.0802e-08,0.96,2023/11/02 02:29:02,0.22,6491,8446,1.0000e-03,46.024,20,0.000,2.2284e-15,3.6553e-15,5.6648e-16,7.3258e-14,4.3838e-13,1.7812e-11,23.00,24.00,63.74,3.64097e-08,3.65935e-08,1.17763e-02,4.1855e-03,4.8184e-05,4.4411e-06,7.1514e-08,1.1862e-02,4.1661e-03,4.8336e-05,4.4004e-06,7.0256e-08,-7.2101,4.6738,-3.1558,9.2450,17.5300,-10.7252,0.0010,0,60,-1.2331,0.0015,0,60,-0.2923,-0.1233,16.0273,
C:\Nu Stable\Results\2023\20231030 clumped Oman 3 CH,20231030 clumped Oman 3 CH,Data_20791 MRT-3 B.txt,MRT-3 B,C:\Nu Stable\Analyses\DI\CO2 20-6-20 clumped NuCarb.rdf,Clumped CO2 Iterative,2023/11/01 14:59:35,2023/11/02 03:51:03,445,33,2.5049e-07,5.628974E-10,CF,24.567,1.000e-03,1,1.0000e-03,6304, InitialisePrepSampleRun; CheckIfCFRequired; UseCF; SampleTrapped; Chop_CF_SamSub; SampleTrapped; BalanceRefToSamValue; DepletingBalance; SampleReady;,4.1213e-08,1.5000e-07,1.0690e-07,1.0745e-07,1.0736e-07,1.0712e-07,0.96,2023/11/02 03:50:17,0.22,4451,8446,1.0000e-03,46.026,20,0.000,2.3053e-15,3.6398e-15,6.1423e-16,7.7986e-14,4.4866e-13,1.8743e-11,25.00,27.00,64.01,5.77603e-08,5.84265e-08,1.19289e-02,4.2516e-03,4.9577e-05,4.5842e-06,6.9963e-08,1.1863e-02,4.1655e-03,4.8320e-05,4.4012e-06,6.7289e-08,5.5778,20.6865,26.0193,41.5649,39.5365,2.3327,0.0184,0,60,14.6742,0.0236,0,60,-0.1962,-0.2263,-7.3819,
C:\Nu Stable\Results\2023\20231030 clumped Oman 3 CH,20231030 clumped Oman 3 CH,Data_20792 ETH-04.txt,ETH-04,C:\Nu Stable\Analyses\DI\CO2 20-6-20 clumped NuCarb.rdf,Clumped CO2 Iterative,2023/11/01 14:59:35,2023/11/02 05:12:08,476,34,2.5049e-07,5.262432E-10,CF,23.834,1.000e-03,1,1.0000e-03,6304, InitialisePrepSampleRun; CheckIfCFRequired; UseCF; SampleTrapped; Chop_CF_SamSub; SampleTrapped; BalanceRefToSamValue; DepletingBalance; SampleReady;,4.0485e-08,1.5000e-07,1.0518e-07,1.0555e-07,1.0545e-07,1.0518e-07,0.96,2023/11/02 05:11:22,0.26,4438,8448,1.0000e-03,46.026,20,0.000,2.2720e-15,3.6975e-15,6.7377e-16,7.8932e-14,4.5168e-13,1.8980e-11,25.00,27.00,64.01,5.68440e-08,5.75576e-08,1.17749e-02,4.1421e-03,4.7670e-05,4.3502e-06,6.7262e-08,1.1863e-02,4.1653e-03,4.8318e-05,4.3998e-06,6.7953e-08,-7.4060,-5.5828,-13.4125,-11.3023,-10.4494,-10.5778,0.0272,0,60,-11.4396,0.0346,0,60,-0.3326,-0.1690,8.4650,
C:\Nu Stable\Results\2023\20231030 clumped Oman 3 CH,20231030 clumped Oman 3 CH,Data_20793 IAEA-C2.txt,IAEA-C2,C:\Nu Stable\Analyses\DI\CO2 20-6-20 clumped NuCarb.rdf,Clumped CO2 Iterative,2023/11/01 14:59:35,2023/11/02 06:33:42,453,35,2.5049e-07,5.529544E-10,CF,22.613,1.000e-03,1,1.0000e-03,6304, InitialisePrepSampleRun; CheckIfCFRequired; UseCF; SampleTrapped; Chop_CF_SamSub; SampleTrapped; BalanceRefToSamValue; DepletingBalance; SampleReady;,3.9834e-08,1.5000e-07,9.7734e-08,9.8107e-08,9.8036e-08,9.7817e-08,0.96,2023/11/02 06:32:56,0.22,4577,8448,1.0000e-03,46.024,20,0.000,2.2615e-15,3.7102e-15,6.4820e-16,7.8744e-14,4.5140e-13,1.8927e-11,25.00,27.00,63.87,5.36780e-08,5.41672e-08,1.18037e-02,4.1832e-03,4.8274e-05,4.4385e-06,6.8687e-08,1.1862e-02,4.1654e-03,4.8325e-05,4.4015e-06,6.8207e-08,-4.9474,4.2656,-1.0635,8.3917,6.9207,-8.3029,0.0191,0,60,-1.6442,0.0285,0,60,-0.1420,-0.1561,3.8119,
C:\Nu Stable\Results\2023\20231030 clumped Oman 3 CH,20231030 clumped Oman 3 CH,Data_20794 WS 5.4.txt,WS 5.4,C:\Nu Stable\Analyses\DI\CO2 20-6-20 clumped NuCarb.rdf,Clumped CO2 Iterative,2023/11/01 14:59:35,2023/11/02 07:54:37,481,36,2.5050e-07,5.207842E-10,CF,22.583,1.000e-03,1,1.0000e-03,6304, InitialisePrepSampleRun; CheckIfCFRequired; UseCF; SampleTrapped; Chop_CF_SamSub; SampleTrapped; BalanceRefToSamValue; DepletingBalance; SampleReady;,3.9004e-08,1.5000e-07,9.8509e-08,9.8839e-08,9.8766e-08,9.8555e-08,0.96,2023/11/02 07:53:51,0.21,4478,8448,1.0000e-03,46.024,20,0.000,2.2804e-15,3.5831e-15,5.0890e-16,6.9852e-14,4.2738e-13,1.6917e-11,25.00,26.00,63.51,5.35284e-08,5.40954e-08,1.17788e-02,4.1840e-03,4.8173e-05,4.4438e-06,6.8855e-08,1.1862e-02,4.1653e-03,4.8327e-05,4.4049e-06,6.8432e-08,-7.0275,4.5011,-3.1885,8.8077,6.0320,-10.5248,0.0034,0,60,-1.4052,0.0057,0,60,-0.3456,-0.2130,4.6893,
C:\Nu Stable\Results\2023\20231030 clumped Oman 3 CH,20231030 clumped Oman 3 CH,Data_20795 MD6-S.txt,MD6-S,C:\Nu Stable\Analyses\DI\CO2 20-6-20 clumped NuCarb.rdf,Clumped CO2 Iterative,2023/11/01 14:59:35,2023/11/02 09:40:27,443,37,1.1509e-07,2.598005E-10,CF,7.782,1.000e-03,0,1.0000e-03,6304, InitialisePrepSampleRun; CheckIfCFRequired; UseCF; SampleTrapped; BalanceRefToSamValue; DepletingBalance; SampleReady;,3.8264e-08,1.5000e-07,1.1044e-07,3.9752e-08,3.8064e-08,3.9312e-08,0.96,2023/11/02 09:39:30,-3.17,8211,8448,1.0000e-03,46.021,20,0.000,2.2636e-15,3.5666e-15,5.6899e-16,7.1374e-14,4.3293e-13,1.7385e-11,35.00,37.00,63.94,1.67782e-08,1.65804e-08,1.17495e-02,4.1864e-03,4.8122e-05,4.4435e-06,7.0055e-08,1.1862e-02,4.1677e-03,4.8386e-05,4.4041e-06,6.7313e-08,-9.4774,4.4936,-5.4559,8.9669,42.8973,-13.1319,0.0276,0,60,-1.4074,0.0389,0,60,-0.0691,-0.0394,44.2751,
C:\Nu Stable\Results\2023\20231030 clumped Oman 3 CH,20231030 clumped Oman 3 CH,Data_20796 ETH-01.txt,ETH-01,C:\Nu Stable\Analyses\DI\CO2 20-6-20 clumped NuCarb.rdf,Clumped CO2 Iterative,2023/11/02 13:14:24,2023/11/02 13:14:24,464,39,2.5042e-07,5.397006E-10,CF,23.285,1.000e-03,1,1.0000e-03,6304, InitialisePrepSampleRun; CheckIfCFRequired; UseCF; SampleTrapped; Chop_CF_SamSub; SampleTrapped; BalanceRefToSamValue; DepletingBalance; SampleReady;,3.6146e-08,1.5000e-07,1.0111e-07,1.0160e-07,1.0150e-07,1.0130e-07,0.96,2023/11/02 13:13:38,0.19,4276,8446,1.0000e-03,46.026,20,0.000,2.2559e-15,3.6646e-15,5.1874e-16,6.9984e-14,4.2915e-13,1.7055e-11,25.00,27.00,63.94,5.53577e-08,5.59647e-08,1.19172e-02,4.2117e-03,4.9053e-05,4.4972e-06,6.9662e-08,1.1863e-02,4.1653e-03,4.8317e-05,4.3999e-06,6.8112e-08,4.6111,11.1520,15.2307,22.1086,22.5440,1.6320,0.0008,0,60,5.1880,0.0029,0,60,-0.5396,-0.3128,-4.4050,
C:\Nu Stable\Results\2023\20231030 clumped Oman 3 CH,20231030 clumped Oman 3 CH,Data_20797 ETH-02.txt,ETH-02,C:\Nu Stable\Analyses\DI\CO2 20-6-20 clumped NuCarb.rdf,Clumped CO2 Iterative,2023/11/02 13:14:24,2023/11/02 14:35:49,411,40,2.5044e-07,6.093424E-10,CF,18.921,1.000e-03,1,1.0000e-03,6304, InitialisePrepSampleRun; CheckIfCFRequired; UseCF; SampleTrapped; Chop_CF_SamSub; SampleTrapped; BalanceRefToSamValue; DepletingBalance; SampleReady;,3.6735e-08,1.5000e-07,8.1604e-08,8.1703e-08,8.1645e-08,8.1486e-08,0.96,2023/11/02 14:35:04,0.19,4855,8446,1.0000e-03,46.024,20,0.000,2.2883e-15,3.6374e-15,5.7685e-16,7.5392e-14,4.4310e-13,1.8226e-11,24.00,26.00,63.94,4.63272e-08,4.67136e-08,1.17763e-02,4.1430e-03,4.7685e-05,4.3531e-06,6.7139e-08,1.1862e-02,4.1654e-03,4.8325e-05,4.4014e-06,6.7441e-08,-7.2435,-5.3940,-13.2465,-10.9699,-4.6462,-10.4115,0.0008,0,60,-11.2521,0.0016,0,60,-0.5198,-0.2134,13.8075,
C:\Nu Stable\Results\2023\20231030 clumped Oman 3 CH,20231030 clumped Oman 3 CH,Data_20798 WS 5.4.txt,WS 5.4,C:\Nu Stable\Analyses\DI\CO2 20-6-20 clumped NuCarb.rdf,Clumped CO2 Iterative,2023/11/02 13:14:24,2023/11/02 16:02:42,492,41,2.5048e-07,5.091036E-10,CF,24.567,1.000e-03,1,1.0000e-03,6272, InitialisePrepSampleRun; CheckIfCFRequired; UseCF; SampleTrapped; Chop_CF_SamSub; SampleTrapped; BalanceRefToSamValue; DepletingBalance; SampleReady;,4.1645e-08,1.5000e-07,9.6671e-08,9.6898e-08,9.6802e-08,9.6585e-08,0.96,2023/11/02 16:01:57,0.23,4777,8444,1.0000e-03,46.024,20,0.000,2.2211e-15,3.6537e-15,5.7632e-16,7.7160e-14,4.4729e-13,1.8561e-11,25.00,26.00,63.94,5.31358e-08,5.36673e-08,1.17783e-02,4.1832e-03,4.8156e-05,4.4386e-06,6.9044e-08,1.1862e-02,4.1653e-03,4.8325e-05,4.4015e-06,6.8318e-08,-7.0876,4.2910,-3.4852,8.4221,10.4332,-10.5816,0.0008,0,60,-1.6143,0.0015,0,60,-0.3749,-0.1768,9.5651,
C:\Nu Stable\Results\2023\20231030 clumped Oman 3 CH,20231030 clumped Oman 3 CH,Data_20799 MD6-S.txt,MD6-S,C:\Nu Stable\Analyses\DI\CO2 20-6-20 clumped NuCarb.rdf,Clumped CO2 Iterative,2023/11/02 13:14:24,2023/11/02 17:38:36,447,42,1.2181e-07,2.725048E-10,CF,8.240,1.000e-03,0,1.0000e-03,6304, InitialisePrepSampleRun; CheckIfCFRequired; UseCF; SampleTrapped; BalanceRefToSamValue; DepletingBalance; SampleReady;,4.0942e-08,1.5000e-07,1.1687e-07,5.5470e-08,5.5417e-08,5.5393e-08,0.96,2023/11/02 17:37:51,0.04,6846,8448,1.0000e-03,46.021,20,0.000,2.2595e-15,3.6247e-15,5.5575e-16,7.5002e-14,4.4160e-13,1.8142e-11,37.00,39.00,63.94,2.20941e-08,2.23179e-08,1.17491e-02,4.1856e-03,4.8104e-05,4.4409e-06,6.9685e-08,1.1861e-02,4.1667e-03,4.8370e-05,4.4004e-06,6.7420e-08,-9.4549,4.5345,-5.4835,9.1765,33.3202,-13.1093,0.0014,0,60,-1.3667,0.0024,0,60,-0.1605,0.0860,34.5642,
C:\Nu Stable\Results\2023\20231030 clumped Oman 3 CH,20231030 clumped Oman 3 CH,Data_20800 MRT-3 B.txt,MRT-3 B,C:\Nu Stable\Analyses\DI\CO2 20-6-20 clumped NuCarb.rdf,Clumped CO2 Iterative,2023/11/02 13:14:24,2023/11/02 19:00:00,465,43,2.5042e-07,5.385399E-10,CF,22.705,1.000e-03,1,1.0000e-03,6304, InitialisePrepSampleRun; CheckIfCFRequired; UseCF; SampleTrapped; Chop_CF_SamSub; SampleTrapped; BalanceRefToSamValue; DepletingBalance; SampleReady;,3.9794e-08,1.5000e-07,1.0069e-07,1.0116e-07,1.0108e-07,1.0079e-07,0.96,2023/11/02 18:59:15,0.29,4531,8448,1.0000e-03,46.026,20,0.000,2.2087e-15,3.6085e-15,6.5339e-16,7.5814e-14,4.4421e-13,1.8257e-11,25.00,27.00,63.94,5.50906e-08,5.56171e-08,1.19274e-02,4.2514e-03,4.9567e-05,4.5836e-06,7.1404e-08,1.1862e-02,4.1654e-03,4.8318e-05,4.4008e-06,6.8736e-08,5.4775,20.6584,25.8494,41.5273,38.4995,2.2269,0.0008,0,60,14.6465,0.0038,0,60,-0.2318,-0.2076,-8.2208,
C:\Nu Stable\Results\2023\20231030 clumped Oman 3 CH,20231030 clumped Oman 3 CH,Data_20801 ETH-03.txt,ETH-03,C:\Nu Stable\Analyses\DI\CO2 20-6-20 clumped NuCarb.rdf,Clumped CO2 Iterative,2023/11/02 13:14:24,2023/11/02 20:21:24,476,44,2.5046e-07,5.261809E-10,CF,22.827,1.000e-03,1,1.0000e-03,6304, InitialisePrepSampleRun; CheckIfCFRequired; UseCF; SampleTrapped; Chop_CF_SamSub; SampleTrapped; BalanceRefToSamValue; DepletingBalance; SampleReady;,3.9556e-08,1.5000e-07,9.9659e-08,1.0005e-07,9.9960e-08,9.9706e-08,0.96,2023/11/02 20:20:38,0.25,4500,8448,1.0000e-03,46.024,20,0.000,2.2686e-15,3.7265e-15,6.5714e-16,7.8344e-14,4.5013e-13,1.8818e-11,25.00,27.00,63.94,5.45691e-08,5.51153e-08,1.19141e-02,4.2140e-03,4.9093e-05,4.5042e-06,6.9443e-08,1.1863e-02,4.1654e-03,4.8327e-05,4.4016e-06,6.7582e-08,4.3425,11.6791,15.8549,23.3114,27.3549,1.3279,0.0011,0,60,5.7131,0.0031,0,60,-0.1624,-0.1790,-0.4616,
C:\Nu Stable\Results\2023\20231030 clumped Oman 3 CH,20231030 clumped Oman 3 CH,Data_20802 ETH-04.txt,ETH-04,C:\Nu Stable\Analyses\DI\CO2 20-6-20 clumped NuCarb.rdf,Clumped CO2 Iterative,2023/11/02 13:14:24,2023/11/02 21:42:49,483,45,2.5047e-07,5.18572E-10,CF,23.315,1.000e-03,1,1.0000e-03,6272, InitialisePrepSampleRun; CheckIfCFRequired; UseCF; SampleTrapped; Chop_CF_SamSub; SampleTrapped; BalanceRefToSamValue; DepletingBalance; SampleReady;,3.8687e-08,1.5000e-07,1.0346e-07,1.0386e-07,1.0377e-07,1.0352e-07,0.96,2023/11/02 21:42:04,0.23,4324,8448,1.0000e-03,46.026,20,0.000,2.3155e-15,3.6219e-15,6.7610e-16,7.8821e-14,4.5077e-13,1.8919e-11,25.00,27.00,63.94,5.62095e-08,5.68153e-08,1.17744e-02,4.1417e-03,4.7667e-05,4.3513e-06,6.5896e-08,1.1862e-02,4.1651e-03,4.8316e-05,4.4008e-06,6.6532e-08,-7.4163,-5.6042,-13.4302,-11.2564,-10.0306,-10.5880,0.0011,0,60,-11.4608,0.0019,0,60,-0.3187,-0.0804,8.9294,
C:\Nu Stable\Results\2023\20231030 clumped Oman 3 CH,20231030 clumped Oman 3 CH,Data_20803 MRT-3 A.txt,MRT-3 A,C:\Nu Stable\Analyses\DI\CO2 20-6-20 clumped NuCarb.rdf,Clumped CO2 Iterative,2023/11/02 13:14:24,2023/11/02 23:03:16,482,46,2.5044e-07,5.195928E-10,CF,27.954,1.000e-03,1,1.0000e-03,6304, InitialisePrepSampleRun; CheckIfCFRequired; UseCF; SampleTrapped; Chop_CF_SamSub; SampleTrapped; BalanceRefToSamValue; DepletingBalance; SampleReady;,3.7800e-08,1.5000e-07,1.2515e-07,1.2521e-07,1.2511e-07,1.2476e-07,0.96,2023/11/02 23:02:31,0.28,3792,8447,1.0000e-03,46.026,20,0.000,2.2631e-15,3.7013e-15,7.0471e-16,8.0656e-14,4.5596e-13,1.9337e-11,26.00,28.00,63.94,6.51251e-08,6.60694e-08,1.19187e-02,4.2110e-03,4.9086e-05,4.5022e-06,6.8747e-08,1.1863e-02,4.1635e-03,4.8318e-05,4.4016e-06,6.7430e-08,4.7193,11.2833,15.9061,22.8422,19.2071,1.7427,0.0047,0,60,5.3184,0.1250,0,60,-0.1126,0.1478,-8.0174,
C:\Nu Stable\Results\2023\20231030 clumped Oman 3 CH,20231030 clumped Oman 3 CH,Data_20804 IAEA-C1.txt,IAEA-C1,C:\Nu Stable\Analyses\DI\CO2 20-6-20 clumped NuCarb.rdf,Clumped CO2 Iterative,2023/11/02 13:14:24,2023/11/03 00:25:00,465,47,2.5045e-07,5.386125E-10,CF,23.529,1.000e-03,1,1.0000e-03,6304, InitialisePrepSampleRun; CheckIfCFRequired; UseCF; SampleTrapped; Chop_CF_SamSub; SampleTrapped; BalanceRefToSamValue; DepletingBalance; SampleReady;,3.6894e-08,1.5000e-07,1.0427e-07,1.0434e-07,1.0423e-07,1.0401e-07,0.96,2023/11/03 00:24:14,0.21,4179,8448,1.0000e-03,46.026,20,0.000,2.2101e-15,3.5852e-15,6.2352e-16,7.5168e-14,4.4151e-13,1.8087e-11,25.00,27.00,63.94,5.59359e-08,5.65109e-08,1.19234e-02,4.2122e-03,4.9089e-05,4.4994e-06,6.9153e-08,1.1863e-02,4.1657e-03,4.8330e-05,4.4036e-06,6.8122e-08,5.0865,11.1631,15.6997,21.7433,14.6519,2.1375,0.0613,0,60,5.1980,0.0774,0,60,-0.5756,-0.6892,-12.5560,
C:\Nu Stable\Results\2023\20231030 clumped Oman 3 CH,20231030 clumped Oman 3 CH,Data_20805 MRT-3 B.txt,MRT-3 B,C:\Nu Stable\Analyses\DI\CO2 20-6-20 clumped NuCarb.rdf,Clumped CO2 Iterative,2023/11/02 13:14:24,2023/11/03 01:46:44,473,48,2.5046e-07,5.295169E-10,CF,23.041,1.000e-03,1,1.0000e-03,6304, InitialisePrepSampleRun; CheckIfCFRequired; UseCF; SampleTrapped; Chop_CF_SamSub; SampleTrapped; BalanceRefToSamValue; DepletingBalance; SampleReady;,3.6279e-08,1.5000e-07,9.9382e-08,9.9379e-08,9.9260e-08,9.9042e-08,0.96,2023/11/03 01:45:59,0.22,4241,8448,1.0000e-03,46.026,20,0.000,2.2945e-15,3.6348e-15,6.5517e-16,7.8896e-14,4.5109e-13,1.8899e-11,25.00,27.00,63.94,5.42233e-08,5.48326e-08,1.19279e-02,4.2514e-03,4.9581e-05,4.5863e-06,6.9589e-08,1.1863e-02,4.1656e-03,4.8332e-05,4.4044e-06,6.6761e-08,5.5099,20.5870,25.8370,41.2935,42.3435,2.2638,0.0023,0,60,14.5753,0.0054,0,60,-0.2083,-0.2921,-4.4468,
C:\Nu Stable\Results\2023\20231030 clumped Oman 3 CH,20231030 clumped Oman 3 CH,Data_20806 IAEA-C2.txt,IAEA-C2,C:\Nu Stable\Analyses\DI\CO2 20-6-20 clumped NuCarb.rdf,Clumped CO2 Iterative,2023/11/02 13:14:24,2023/11/03 03:08:29,486,49,2.5047e-07,5.153716E-10,CF,23.773,1.000e-03,1,1.0000e-03,6304, InitialisePrepSampleRun; CheckIfCFRequired; UseCF; SampleTrapped; Chop_CF_SamSub; SampleTrapped; BalanceRefToSamValue; DepletingBalance; SampleReady;,3.5388e-08,1.5000e-07,1.0587e-07,1.0530e-07,1.0522e-07,1.0497e-07,0.96,2023/11/03 03:07:44,0.24,4027,8447,1.0000e-03,46.026,20,0.000,2.2362e-15,3.6530e-15,6.5571e-16,7.9075e-14,4.5147e-13,1.8974e-11,25.00,27.00,63.94,5.67977e-08,5.74299e-08,1.18037e-02,4.1831e-03,4.8276e-05,4.4410e-06,6.8327e-08,1.1863e-02,4.1654e-03,4.8329e-05,4.4042e-06,6.7850e-08,-4.9659,4.2517,-1.1089,8.3547,6.7712,-8.3221,0.0014,0,60,-1.6580,0.0030,0,60,-0.1548,-0.1654,3.7022,
C:\Nu Stable\Results\2023\20231030 clumped Oman 3 CH,20231030 clumped Oman 3 CH,Data_20807 ETH-01.txt,ETH-01,C:\Nu Stable\Analyses\DI\CO2 20-6-20 clumped NuCarb.rdf,Clumped CO2 Iterative,2023/11/02 13:14:24,2023/11/03 04:29:16,437,50,2.5046e-07,5.731342E-10,CF,20.630,1.000e-03,1,1.0000e-03,6304, InitialisePrepSampleRun; CheckIfCFRequired; UseCF; SampleTrapped; Chop_CF_SamSub; SampleTrapped; BalanceRefToSamValue; DepletingBalance; SampleReady;,3.4514e-08,1.5000e-07,9.0228e-08,9.0273e-08,9.0175e-08,9.0001e-08,0.96,2023/11/03 04:28:30,0.19,4356,8447,1.0000e-03,46.026,20,0.000,2.2781e-15,3.6598e-15,6.4588e-16,7.7493e-14,4.4813e-13,1.8651e-11,24.00,26.00,63.51,5.02561e-08,5.06769e-08,1.19171e-02,4.2120e-03,4.9069e-05,4.5011e-06,6.8788e-08,1.1863e-02,4.1656e-03,4.8335e-05,4.4038e-06,6.7333e-08,4.5963,11.1344,15.1920,22.1005,21.2995,1.6169,0.0009,0,60,5.1705,0.0029,0,60,-0.5454,-0.2859,-5.5670,
