Batch,20220630 clumped Oman surfaces2 NTA JM MG,Collected on,2022/06/30 18:37:55,Analysis Instrument,PS019,Acquisition Software,,Stable 1.71.5,Reanalyzed  on,2022/06/30 19:36:52,Reanalysis Instrument,PS019,Reanalysis Software,Stable 1.71.5

Data,Batch,Data,Sample,Method,Analysis,Batch,Time,Sample,Vial,Initial,Sample,ColdFinger,Transducer,InletPiraniPressure,Sample,MaxPumpOverPressure,RawPumpOverPressure,Sample,Min,Max,Pre-balance,Pre-depleted,Final,Final,Depletion,Balance,Balance,RefBellowsPos,SamBellowsPos,Pirani,Current,Zero,Zero,Zero,Zero,Zero,Zero,Zero,Zero,Sam,Ref,Ave,Ref Major,Sam Major,Sample,Sample,Sample,Sample,Sample,Ref,Ref,Ref,Ref,Ref,Raw,Raw,Raw,Raw,Raw,Delta(13),Std,Rejected,Num,Delta(18),Std,Rejected,Num,DELTA,DELTA,DELTA,
Dir   ,Name   ,File   ,Name   ,  ,  ,Started   ,Collected   ,Weight   ,Location   ,Sam Beam   ,Yield   ,Status   ,Pressure   ,  ,Chops   ,  ,  ,Operations   ,Ref Beam   ,Ref Beam   ,Sam Beam   ,Ref Beam   ,Sam Beam   ,Ref Beam   ,Factor  ,End   ,%  ,  ,  ,Pressure   ,Mass   ,Length    ,Offset   ,Beams (0) ,Beams (1) ,Beams (2) ,Beams (3) ,Beams (4) ,Beams (5) ,Depletion   ,Depletion   ,Temperature   ,Signal(44),Signal(44),Ratio(45/44),Ratio(46/44),Ratio(47/44),Ratio(48/44),Ratio(49/44),Ratio(45/44),Ratio(46/44),Ratio(47/44),Ratio(48/44),Ratio(49/44),Delta(45/44),Delta(46/44),Delta(47/44),Delta(48/44),Delta(49/44),wrt PDB,Err,,,wrt PDB,Err,,,47,48,49,

C:\Nu Stable\Results\2022\20220630 clumped Oman surfaces2 NTA JM MG,20220630 clumped Oman surfaces2 NTA JM MG,Data_17468 ETH-1.txt,ETH-1,C:\Nu Stable\Analyses\DI\CO2 20-6-20 clumped NuCarb.rdf,Clumped CO2 Iterative,2022/06/30 18:37:55,2022/06/30 18:37:55,418,1,1.2535e-07,2.998761E-10,CF,19.836,3.635e-02,1,3.8027e-02,15040, InitialisePrepSampleRun; CheckIfCFRequired; UseCF; SampleTrapped; Chop_CF_SamSub; SampleTrapped; BalanceRefToSamValue; DepletingBalance; SampleReady;,4.0196e-08,1.0643e-07,4.9955e-08,5.0026e-08,4.9987e-08,4.9914e-08,0.96,2022/06/30 18:37:10,0.15,7309,8449,3.6354e-02,46.022,20,0.000,-2.5076e-13,-1.1945e-13,-1.2806e-13,-6.9754e-14,3.2222e-14,3.7739e-12,22.00,22.00,70.95,3.18338e-08,3.15772e-08,1.20291e-02,4.2537e-03,4.9717e-05,4.7495e-06,4.4307e-08,1.1972e-02,4.2064e-03,4.8965e-05,4.6451e-06,4.2429e-08,4.7452,11.2460,15.3478,22.4849,48.6933,1.7715,0.0008,0,60,5.2812,0.0013,0,60,-0.6532,-0.1305,20.7236,
C:\Nu Stable\Results\2022\20220630 clumped Oman surfaces2 NTA JM MG,20220630 clumped Oman surfaces2 NTA JM MG,Data_17469 ETH-2.txt,ETH-2,C:\Nu Stable\Analyses\DI\CO2 20-6-20 clumped NuCarb.rdf,Clumped CO2 Iterative,2022/06/30 18:37:55,2022/06/30 19:59:28,462,2,1.5213e-07,3.292902E-10,CF,23.621,3.476e-02,1,3.4756e-02,14912, InitialisePrepSampleRun; CheckIfCFRequired; UseCF; SampleTrapped; Chop_CF_SamSub; SampleTrapped; BalanceRefToSamValue; DepletingBalance; SampleReady;,3.9553e-08,1.0637e-07,6.1532e-08,6.1693e-08,6.1662e-08,6.1530e-08,0.96,2022/06/30 19:58:43,0.21,6336,8449,3.4756e-02,46.021,20,0.000,-2.5117e-13,-1.1946e-13,-1.2793e-13,-6.7953e-14,3.5405e-14,4.0466e-12,23.00,23.00,71.31,3.82483e-08,3.79627e-08,1.18881e-02,4.1843e-03,4.8322e-05,4.6004e-06,6.3782e-08,1.1973e-02,4.2066e-03,4.8966e-05,4.6502e-06,6.4115e-08,-7.1108,-5.3001,-13.1522,-10.7152,-5.2190,-10.2736,0.0008,0,60,-11.1589,0.0018,0,60,-0.6547,-0.1446,12.8920,
C:\Nu Stable\Results\2022\20220630 clumped Oman surfaces2 NTA JM MG,20220630 clumped Oman surfaces2 NTA JM MG,Data_17470 ETH-3.txt,ETH-3,C:\Nu Stable\Analyses\DI\CO2 20-6-20 clumped NuCarb.rdf,Clumped CO2 Iterative,2022/06/30 18:37:55,2022/06/30 21:21:14,462,3,1.5332e-07,3.318525E-10,CF,24.048,3.555e-02,1,3.3983e-02,14912, InitialisePrepSampleRun; CheckIfCFRequired; UseCF; SampleTrapped; Chop_CF_SamSub; SampleTrapped; BalanceRefToSamValue; DepletingBalance; SampleReady;,3.8731e-08,1.0669e-07,6.1887e-08,6.2127e-08,6.2074e-08,6.1967e-08,0.96,2022/06/30 21:20:29,0.17,6231,8449,3.5546e-02,46.024,20,0.000,-2.5129e-13,-1.1948e-13,-1.2809e-13,-6.7075e-14,3.5709e-14,4.1217e-12,23.00,23.00,71.31,3.80258e-08,3.82826e-08,1.20272e-02,4.2563e-03,4.9750e-05,4.7518e-06,4.8670e-08,1.1973e-02,4.2068e-03,4.8966e-05,4.6425e-06,4.7079e-08,4.4823,11.7662,15.9951,23.5389,33.5320,1.4738,0.0012,0,60,5.7995,0.0019,0,60,-0.2527,-0.1289,5.2290,
C:\Nu Stable\Results\2022\20220630 clumped Oman surfaces2 NTA JM MG,20220630 clumped Oman surfaces2 NTA JM MG,Data_17471 ETH-4.txt,ETH-4,C:\Nu Stable\Analyses\DI\CO2 20-6-20 clumped NuCarb.rdf,Clumped CO2 Iterative,2022/06/30 18:37:55,2022/06/30 22:42:43,455,4,1.5482e-07,3.402731E-10,CF,24.048,3.476e-02,1,3.5546e-02,14912, InitialisePrepSampleRun; CheckIfCFRequired; UseCF; SampleTrapped; Chop_CF_SamSub; SampleTrapped; BalanceRefToSamValue; DepletingBalance; SampleReady;,3.7987e-08,1.0629e-07,6.2698e-08,6.3053e-08,6.3023e-08,6.2902e-08,0.96,2022/06/30 22:41:58,0.19,6103,8449,3.4756e-02,46.024,20,0.000,-2.5117e-13,-1.1950e-13,-1.2814e-13,-6.6889e-14,3.6246e-14,4.1118e-12,23.00,23.00,71.31,3.89857e-08,3.86541e-08,1.18866e-02,4.1836e-03,4.8318e-05,4.5917e-06,4.4609e-08,1.1974e-02,4.2068e-03,4.8966e-05,4.6428e-06,4.5674e-08,-7.2658,-5.4975,-13.2494,-11.0174,-28.4299,-10.4316,0.0024,0,60,-11.3551,0.0050,0,60,-0.3972,-0.0532,-10.1911,
C:\Nu Stable\Results\2022\20220630 clumped Oman surfaces2 NTA JM MG,20220630 clumped Oman surfaces2 NTA JM MG,Data_17472 IAEA-C1.txt,IAEA-C1,C:\Nu Stable\Analyses\DI\CO2 20-6-20 clumped NuCarb.rdf,Clumped CO2 Iterative,2022/06/30 18:37:55,2022/07/01 00:05:12,404,5,1.2094e-07,2.9935E-10,CF,18.860,3.476e-02,1,3.4756e-02,14912, InitialisePrepSampleRun; CheckIfCFRequired; UseCF; SampleTrapped; Chop_CF_SamSub; SampleTrapped; BalanceRefToSamValue; DepletingBalance; SampleReady;,3.7316e-08,1.0610e-07,4.8150e-08,4.8186e-08,4.8151e-08,4.8063e-08,0.96,2022/07/01 00:04:26,0.18,7144,8449,3.4756e-02,46.024,20,0.000,-2.5217e-13,-1.2010e-13,-1.2870e-13,-6.8867e-14,3.3528e-14,3.9509e-12,21.00,22.00,71.31,3.07681e-08,3.04706e-08,1.20345e-02,4.2534e-03,4.9748e-05,4.7563e-06,5.7776e-08,1.1973e-02,4.2066e-03,4.8978e-05,4.6533e-06,5.6961e-08,5.1359,11.1235,15.7186,22.1217,15.3738,2.1915,0.0009,0,60,5.1585,0.0016,0,60,-0.5696,-0.2435,-11.8804,
C:\Nu Stable\Results\2022\20220630 clumped Oman surfaces2 NTA JM MG,20220630 clumped Oman surfaces2 NTA JM MG,Data_17473 BD4-30-35_1-A.txt,BD4-30-35_1-A,C:\Nu Stable\Analyses\DI\CO2 20-6-20 clumped NuCarb.rdf,Clumped CO2 Iterative,2022/06/30 18:37:55,2022/07/01 01:27:03,463,6,1.5875e-07,3.428673E-10,CF,24.292,3.476e-02,1,3.3983e-02,14944, InitialisePrepSampleRun; CheckIfCFRequired; UseCF; SampleTrapped; Chop_CF_SamSub; SampleTrapped; BalanceRefToSamValue; DepletingBalance; SampleReady;,3.6764e-08,1.0617e-07,6.4230e-08,6.4683e-08,6.4642e-08,6.4502e-08,0.96,2022/07/01 01:26:18,0.22,5866,8449,3.4756e-02,46.026,20,0.000,-2.5154e-13,-1.1960e-13,-1.2819e-13,-6.7320e-14,3.6478e-14,4.1181e-12,23.00,24.00,71.31,3.98933e-08,3.95739e-08,1.19586e-02,4.2199e-03,4.9030e-05,4.6679e-06,3.9134e-08,1.1974e-02,4.2068e-03,4.8966e-05,4.6401e-06,3.9387e-08,-1.2588,3.1181,1.3141,5.9801,-1.6524,-4.3375,0.0008,0,60,-2.7942,0.0012,0,60,-0.4528,-0.2642,-6.4185,
C:\Nu Stable\Results\2022\20220630 clumped Oman surfaces2 NTA JM MG,20220630 clumped Oman surfaces2 NTA JM MG,Data_17474 BD4-30-35_1-B.txt,BD4-30-35_1-B,C:\Nu Stable\Analyses\DI\CO2 20-6-20 clumped NuCarb.rdf,Clumped CO2 Iterative,2022/06/30 18:37:55,2022/07/01 02:48:55,479,7,1.5429e-07,3.221092E-10,CF,23.926,3.476e-02,1,3.3227e-02,14912, InitialisePrepSampleRun; CheckIfCFRequired; UseCF; SampleTrapped; Chop_CF_SamSub; SampleTrapped; BalanceRefToSamValue; DepletingBalance; SampleReady;,3.6006e-08,1.0656e-07,6.2532e-08,6.2936e-08,6.2893e-08,6.2776e-08,0.96,2022/07/01 02:48:10,0.19,5902,8449,3.4756e-02,46.022,20,0.000,-2.5286e-13,-1.2000e-13,-1.2876e-13,-6.7797e-14,3.5065e-14,4.1923e-12,23.00,23.00,71.31,3.89072e-08,3.86127e-08,1.19572e-02,4.2227e-03,4.9064e-05,4.6796e-06,6.2427e-08,1.1973e-02,4.2068e-03,4.8970e-05,4.6447e-06,6.2289e-08,-1.3570,3.7880,1.9105,7.5166,1.0701,-4.4653,0.0009,0,60,-2.1273,0.0014,0,60,-0.4130,-0.0733,-4.9125,
C:\Nu Stable\Results\2022\20220630 clumped Oman surfaces2 NTA JM MG,20220630 clumped Oman surfaces2 NTA JM MG,Data_17475 BD4-30-35_1-C.txt,BD4-30-35_1-C,C:\Nu Stable\Analyses\DI\CO2 20-6-20 clumped NuCarb.rdf,Clumped CO2 Iterative,2022/06/30 18:37:55,2022/07/01 04:11:06,446,8,1.4628e-07,3.279921E-10,CF,22.735,3.476e-02,1,3.4756e-02,14912, InitialisePrepSampleRun; CheckIfCFRequired; UseCF; SampleTrapped; Chop_CF_SamSub; SampleTrapped; BalanceRefToSamValue; DepletingBalance; SampleReady;,3.5318e-08,1.0619e-07,5.8870e-08,5.9105e-08,5.9067e-08,5.8944e-08,0.96,2022/07/01 04:10:20,0.21,6059,8448,3.4756e-02,46.021,20,0.000,-2.5232e-13,-1.1989e-13,-1.2843e-13,-6.7595e-14,3.5870e-14,4.1610e-12,22.00,23.00,71.31,3.68405e-08,3.65311e-08,1.19484e-02,4.2336e-03,4.9138e-05,4.6974e-06,4.1461e-08,1.1973e-02,4.2067e-03,4.8959e-05,4.6386e-06,4.1483e-08,-2.0827,6.3884,3.6411,12.6780,-2.3425,-5.3275,0.0010,0,60,0.4621,0.0013,0,60,-0.4844,-0.1379,-12.5766,
C:\Nu Stable\Results\2022\20220630 clumped Oman surfaces2 NTA JM MG,20220630 clumped Oman surfaces2 NTA JM MG,Data_17476 ETH-4.txt,ETH-4,C:\Nu Stable\Analyses\DI\CO2 20-6-20 clumped NuCarb.rdf,Clumped CO2 Iterative,2022/06/30 18:37:55,2022/07/01 05:33:24,430,9,1.4288e-07,3.322822E-10,CF,22.186,3.555e-02,1,3.3983e-02,14912, InitialisePrepSampleRun; CheckIfCFRequired; UseCF; SampleTrapped; Chop_CF_SamSub; SampleTrapped; BalanceRefToSamValue; DepletingBalance; SampleReady;,3.4646e-08,1.0652e-07,5.7472e-08,5.7647e-08,5.7610e-08,5.7507e-08,0.96,2022/07/01 05:32:38,0.18,6082,8446,3.5546e-02,46.021,20,0.000,-2.5319e-13,-1.2008e-13,-1.2890e-13,-6.8523e-14,3.5924e-14,4.1190e-12,22.00,23.00,71.31,3.60386e-08,3.57447e-08,1.18863e-02,4.1835e-03,4.8321e-05,4.5956e-06,7.1738e-08,1.1973e-02,4.2067e-03,4.8973e-05,4.6470e-06,7.2846e-08,-7.2677,-5.5096,-13.3188,-11.0556,-15.4817,-10.4333,0.0008,0,60,-11.3671,0.0015,0,60,-0.4535,-0.0676,3.0265,
C:\Nu Stable\Results\2022\20220630 clumped Oman surfaces2 NTA JM MG,20220630 clumped Oman surfaces2 NTA JM MG,Data_17477 ETH-3.txt,ETH-3,C:\Nu Stable\Analyses\DI\CO2 20-6-20 clumped NuCarb.rdf,Clumped CO2 Iterative,2022/06/30 18:37:55,2022/07/01 06:55:27,488,10,1.6586e-07,3.398818E-10,CF,25.391,3.476e-02,1,3.3983e-02,14880, InitialisePrepSampleRun; CheckIfCFRequired; UseCF; SampleTrapped; Chop_CF_SamSub; SampleTrapped; BalanceRefToSamValue; DepletingBalance; SampleReady;,3.3984e-08,1.0623e-07,6.7065e-08,6.7580e-08,6.7533e-08,6.7395e-08,0.96,2022/07/01 06:54:41,0.21,5430,8446,3.4756e-02,46.024,20,0.000,-2.5176e-13,-1.1979e-13,-1.2832e-13,-6.6640e-14,3.5745e-14,4.2102e-12,23.00,24.00,71.31,4.14627e-08,4.11441e-08,1.20273e-02,4.2568e-03,4.9743e-05,4.7520e-06,3.4585e-08,1.1974e-02,4.2070e-03,4.8960e-05,4.6412e-06,3.2554e-08,4.4629,11.8356,15.9854,23.8836,-18.8117,1.4507,0.0010,0,60,5.8686,0.0030,0,60,-0.3098,0.0707,-45.7966,
C:\Nu Stable\Results\2022\20220630 clumped Oman surfaces2 NTA JM MG,20220630 clumped Oman surfaces2 NTA JM MG,Data_17478 KDW-131_8-A.txt,KDW-131_8-A,C:\Nu Stable\Analyses\DI\CO2 20-6-20 clumped NuCarb.rdf,Clumped CO2 Iterative,2022/06/30 18:37:55,2022/07/01 08:25:17,550,11,1.4990e-07,2.725509E-10,CF,23.010,3.635e-02,1,3.3983e-02,14912, InitialisePrepSampleRun; CheckIfCFRequired; UseCF; SampleTrapped; Chop_CF_SamSub; SampleTrapped; BalanceRefToSamValue; DepletingBalance; SampleReady;,4.1152e-08,1.0622e-07,6.0499e-08,6.0456e-08,6.0435e-08,6.0291e-08,0.96,2022/07/01 08:24:31,0.24,6590,8444,3.6354e-02,46.024,20,0.000,-2.5320e-13,-1.2021e-13,-1.2890e-13,-6.7860e-14,3.4618e-14,4.1547e-12,23.00,23.00,71.31,3.75488e-08,3.72704e-08,1.19851e-02,4.2368e-03,4.9349e-05,4.7140e-06,6.3335e-08,1.1974e-02,4.2069e-03,4.8973e-05,4.6480e-06,6.3162e-08,0.9610,7.1144,7.6883,14.2013,6.5498,-2.1132,0.0010,0,60,1.1780,0.0013,0,60,-0.3082,-0.0771,-8.4039,
C:\Nu Stable\Results\2022\20220630 clumped Oman surfaces2 NTA JM MG,20220630 clumped Oman surfaces2 NTA JM MG,Data_17479 KDW-131_8-B.txt,KDW-131_8-B,C:\Nu Stable\Analyses\DI\CO2 20-6-20 clumped NuCarb.rdf,Clumped CO2 Iterative,2022/06/30 18:37:55,2022/07/01 09:47:17,545,12,1.6829e-07,3.08781E-10,CF,26.245,3.476e-02,1,3.4756e-02,14912, InitialisePrepSampleRun; CheckIfCFRequired; UseCF; SampleTrapped; Chop_CF_SamSub; SampleTrapped; BalanceRefToSamValue; DepletingBalance; SampleReady;,4.0382e-08,1.0620e-07,6.8222e-08,6.8811e-08,6.8765e-08,6.8625e-08,0.96,2022/07/01 09:46:32,0.20,6004,8449,3.4756e-02,46.026,20,0.000,-2.5212e-13,-1.1983e-13,-1.2841e-13,-6.6480e-14,3.6621e-14,4.2468e-12,23.00,24.00,71.31,4.21189e-08,4.18042e-08,1.20005e-02,4.2400e-03,4.9448e-05,4.7220e-06,6.7737e-08,1.1974e-02,4.2070e-03,4.8972e-05,4.6497e-06,6.6496e-08,2.2144,7.8406,9.7248,15.5524,18.5178,-0.8045,0.0016,0,60,1.8979,0.0049,0,60,-0.2882,-0.1874,0.6321,
C:\Nu Stable\Results\2022\20220630 clumped Oman surfaces2 NTA JM MG,20220630 clumped Oman surfaces2 NTA JM MG,Data_17480 KDW-131_8-J-A.txt,KDW-131_8-J-A,C:\Nu Stable\Analyses\DI\CO2 20-6-20 clumped NuCarb.rdf,Clumped CO2 Iterative,2022/06/30 18:37:55,2022/07/01 11:09:56,545,13,9.5499e-09,1.752273E-11,CF,0.214,3.555e-02,0,3.4756e-02,14880, InitialisePrepSampleRun; CheckIfCFRequired; UseCF; SampleTrapped; BalanceRefToSamValue; SampleReady; (BeamTooBig_RunningMisBalanced) ;,3.9605e-08,1.0595e-07,9.1685e-09,6.0456e-08,6.0435e-08,6.0291e-08,0.96,2022/07/01 11:08:59,-76.78,8398,8449,3.5546e-02,46.024,20,0.000,-2.5239e-13,-1.2006e-13,-1.2858e-13,-6.9507e-14,3.2043e-14,3.8722e-12,25.00,30.00,71.31,2.05802e-08,5.50131e-09,1.20032e-02,4.2464e-03,4.9544e-05,4.7260e-06,-1.3939e-08,1.1972e-02,4.2062e-03,4.8967e-05,4.6421e-06,3.1427e-08,2.5920,9.5693,11.7740,18.0499,-2903.9176,-0.4623,0.0038,0,60,3.6174,0.0068,0,60,-0.3355,-1.1581,-2863.6244,
C:\Nu Stable\Results\2022\20220630 clumped Oman surfaces2 NTA JM MG,20220630 clumped Oman surfaces2 NTA JM MG,Data_17481 ETH-2.txt,ETH-2,C:\Nu Stable\Analyses\DI\CO2 20-6-20 clumped NuCarb.rdf,Clumped CO2 Iterative,2022/06/30 18:37:55,2022/07/01 12:31:48,497,14,1.6407e-07,3.301293E-10,CF,25.116,3.555e-02,1,3.4756e-02,14912, InitialisePrepSampleRun; CheckIfCFRequired; UseCF; SampleTrapped; Chop_CF_SamSub; SampleTrapped; BalanceRefToSamValue; DepletingBalance; SampleReady;,3.9200e-08,1.0660e-07,6.6412e-08,6.6948e-08,6.6900e-08,6.6758e-08,0.96,2022/07/01 12:31:03,0.21,5990,8448,3.5546e-02,46.026,20,0.000,-2.5223e-13,-1.1994e-13,-1.2858e-13,-6.7978e-14,3.6764e-14,4.0001e-12,23.00,24.00,71.31,4.11026e-08,4.07974e-08,1.18888e-02,4.1846e-03,4.8331e-05,4.5988e-06,6.2367e-08,1.1974e-02,4.2069e-03,4.8977e-05,4.6488e-06,6.3244e-08,-7.1031,-5.3036,-13.1941,-10.7550,-14.7271,-10.2652,0.0009,0,60,-11.1624,0.0016,0,60,-0.7019,-0.1779,3.2094,
C:\Nu Stable\Results\2022\20220630 clumped Oman surfaces2 NTA JM MG,20220630 clumped Oman surfaces2 NTA JM MG,Data_17482 ETH-1.txt,ETH-1,C:\Nu Stable\Analyses\DI\CO2 20-6-20 clumped NuCarb.rdf,Clumped CO2 Iterative,2022/06/30 18:37:55,2022/07/01 14:36:42,432,15,1.3740e-07,3.180527E-10,CF,21.149,3.476e-02,1,3.4756e-02,14912, InitialisePrepSampleRun; CheckIfCFRequired; UseCF; SampleTrapped; Chop_CF_SamSub; SampleTrapped; BalanceRefToSamValue; DepletingBalance; SampleReady;,3.8431e-08,1.0654e-07,5.5132e-08,5.4807e-08,5.4763e-08,5.4649e-08,0.96,2022/07/01 14:35:57,0.21,6713,8447,3.4756e-02,46.022,20,0.000,-2.5290e-13,-1.2032e-13,-1.2886e-13,-6.9677e-14,3.2043e-14,3.9169e-12,22.00,23.00,71.31,3.44768e-08,3.41808e-08,1.20300e-02,4.2540e-03,4.9729e-05,4.7602e-06,7.6710e-08,1.1973e-02,4.2068e-03,4.8979e-05,4.6570e-06,7.4853e-08,4.7416,11.2275,15.3084,22.1572,27.9260,1.7683,0.0010,0,60,5.2628,0.0015,0,60,-0.6704,-0.4145,0.5501,
C:\Nu Stable\Results\2022\20220630 clumped Oman surfaces2 NTA JM MG,20220630 clumped Oman surfaces2 NTA JM MG,Data_17483 KDW_131_8_J-B.txt,KDW_131_8_J-B,C:\Nu Stable\Analyses\DI\CO2 20-6-20 clumped NuCarb.rdf,Clumped CO2 Iterative,2022/06/30 18:37:55,2022/07/01 15:59:26,573,16,1.3937e-07,2.432319E-10,CF,22.064,3.555e-02,1,3.5546e-02,14912, InitialisePrepSampleRun; CheckIfCFRequired; UseCF; SampleTrapped; Chop_CF_SamSub; SampleTrapped; BalanceRefToSamValue; DepletingBalance; SampleReady;,3.7702e-08,1.0646e-07,5.6052e-08,5.5853e-08,5.5827e-08,5.5714e-08,0.96,2022/07/01 15:58:41,0.20,6548,8447,3.5546e-02,46.021,20,0.000,-2.5104e-13,-1.1940e-13,-1.2801e-13,-6.8171e-14,3.3939e-14,4.0555e-12,22.00,23.00,71.31,3.50451e-08,3.47131e-08,1.19977e-02,4.2412e-03,4.9464e-05,4.7299e-06,7.7744e-08,1.1973e-02,4.2068e-03,4.8982e-05,4.6542e-06,7.6146e-08,2.0292,8.1681,9.8261,16.2718,21.4885,-1.0128,0.0008,0,60,2.2242,0.0016,0,60,-0.3172,-0.1291,3.1069,
C:\Nu Stable\Results\2022\20220630 clumped Oman surfaces2 NTA JM MG,20220630 clumped Oman surfaces2 NTA JM MG,Data_17484 KDW_131_8_J-C.txt,KDW_131_8_J-C,C:\Nu Stable\Analyses\DI\CO2 20-6-20 clumped NuCarb.rdf,Clumped CO2 Iterative,2022/06/30 18:37:55,2022/07/01 17:22:12,1384,17,2.1075e-07,1.522795E-10,CF,32.043,3.555e-02,1,3.5546e-02,14944, InitialisePrepSampleRun; CheckIfCFRequired; UseCF; SampleTrapped; Chop_CF_SamSub; SampleTrapped; BalanceRefToSamValue; DepletingBalance; SampleReady;,3.6983e-08,1.0656e-07,8.5820e-08,8.5496e-08,8.5416e-08,8.5263e-08,0.96,2022/07/01 17:21:26,0.18,4941,8446,3.5546e-02,46.024,20,0.000,-2.5083e-13,-1.1909e-13,-1.2765e-13,-6.4614e-14,3.9375e-14,4.2808e-12,24.00,25.00,71.31,5.09645e-08,5.05568e-08,1.20025e-02,4.2433e-03,4.9473e-05,4.7146e-06,4.1897e-08,1.1974e-02,4.2067e-03,4.8949e-05,4.6344e-06,4.1213e-08,2.3864,8.7141,10.7018,17.2939,19.6661,-0.6515,0.0014,0,60,2.7667,0.0026,0,60,-0.3505,-0.2065,-0.1274,
C:\Nu Stable\Results\2022\20220630 clumped Oman surfaces2 NTA JM MG,20220630 clumped Oman surfaces2 NTA JM MG,Data_17485 RM_4-A.txt,RM_4-A,C:\Nu Stable\Analyses\DI\CO2 20-6-20 clumped NuCarb.rdf,Clumped CO2 Iterative,2022/06/30 18:37:55,2022/07/01 18:44:13,465,18,1.4777e-07,3.177934E-10,CF,22.797,3.555e-02,1,3.5546e-02,14912, InitialisePrepSampleRun; CheckIfCFRequired; UseCF; SampleTrapped; Chop_CF_SamSub; SampleTrapped; BalanceRefToSamValue; DepletingBalance; SampleReady;,3.6094e-08,1.0596e-07,5.9640e-08,5.9894e-08,5.9867e-08,5.9746e-08,0.96,2022/07/01 18:43:28,0.20,6096,8446,3.5546e-02,46.024,20,0.000,-2.5237e-13,-1.1993e-13,-1.2856e-13,-6.7554e-14,3.5155e-14,4.1530e-12,22.00,23.00,71.31,3.72993e-08,3.69705e-08,1.19051e-02,4.2281e-03,4.8896e-05,4.6801e-06,3.2765e-08,1.1974e-02,4.2071e-03,4.8964e-05,4.6338e-06,3.2827e-08,-5.7578,5.0035,-1.3909,9.9716,-17.1405,-9.1909,0.0202,0,60,-0.9081,0.0176,0,60,-0.3529,-0.0598,-20.7436,
C:\Nu Stable\Results\2022\20220630 clumped Oman surfaces2 NTA JM MG,20220630 clumped Oman surfaces2 NTA JM MG,Data_17486 ETH-3.txt,ETH-3,C:\Nu Stable\Analyses\DI\CO2 20-6-20 clumped NuCarb.rdf,Clumped CO2 Iterative,2022/06/30 18:37:55,2022/07/01 20:06:40,440,19,1.4015e-07,3.185192E-10,CF,21.942,3.555e-02,1,3.4756e-02,14944, InitialisePrepSampleRun; CheckIfCFRequired; UseCF; SampleTrapped; Chop_CF_SamSub; SampleTrapped; BalanceRefToSamValue; DepletingBalance; SampleReady;,3.5405e-08,1.0645e-07,5.6282e-08,5.6323e-08,5.6286e-08,5.6185e-08,0.96,2022/07/01 20:05:55,0.18,6254,8446,3.5546e-02,46.024,20,0.000,-2.5396e-13,-1.2085e-13,-1.2957e-13,-6.9146e-14,3.3832e-14,4.0180e-12,22.00,23.00,71.31,3.53178e-08,3.49985e-08,1.20277e-02,4.2568e-03,4.9766e-05,4.7607e-06,6.0484e-08,1.1974e-02,4.2071e-03,4.8983e-05,4.6513e-06,5.9334e-08,4.4859,11.7994,15.9819,23.5411,24.4490,1.4765,0.0011,0,60,5.8326,0.0015,0,60,-0.3017,-0.1924,-3.6734,
C:\Nu Stable\Results\2022\20220630 clumped Oman surfaces2 NTA JM MG,20220630 clumped Oman surfaces2 NTA JM MG,Data_17487 ETH-1.txt,ETH-1,C:\Nu Stable\Analyses\DI\CO2 20-6-20 clumped NuCarb.rdf,Clumped CO2 Iterative,2022/06/30 18:37:55,2022/07/01 21:28:46,496,20,1.8824e-07,3.795093E-10,CF,28.961,3.555e-02,1,3.4756e-02,14944, InitialisePrepSampleRun; CheckIfCFRequired; UseCF; SampleTrapped; Chop_CF_SamSub; SampleTrapped; BalanceRefToSamValue; DepletingBalance; SampleReady;,3.4734e-08,1.0590e-07,7.6509e-08,7.6896e-08,7.6843e-08,7.6648e-08,0.96,2022/07/01 21:28:01,0.25,5088,8446,3.5546e-02,46.024,20,0.000,-2.5244e-13,-1.2009e-13,-1.2877e-13,-6.6544e-14,3.7283e-14,4.2746e-12,24.00,24.00,71.31,4.65724e-08,4.63082e-08,1.20308e-02,4.2542e-03,4.9718e-05,4.7479e-06,5.4645e-08,1.1974e-02,4.2071e-03,4.8972e-05,4.6445e-06,5.3439e-08,4.7279,11.2102,15.2395,22.2382,21.6773,1.7543,0.0281,0,60,5.2457,0.0672,0,60,-0.7074,-0.3013,-5.4822,
C:\Nu Stable\Results\2022\20220630 clumped Oman surfaces2 NTA JM MG,20220630 clumped Oman surfaces2 NTA JM MG,Data_17488 RM_4-B.txt,RM_4-B,C:\Nu Stable\Analyses\DI\CO2 20-6-20 clumped NuCarb.rdf,Clumped CO2 Iterative,2022/06/30 18:37:55,2022/07/01 22:58:12,599,21,1.5562e-07,2.597975E-10,CF,23.987,3.635e-02,1,3.4756e-02,14944, InitialisePrepSampleRun; CheckIfCFRequired; UseCF; SampleTrapped; Chop_CF_SamSub; SampleTrapped; BalanceRefToSamValue; DepletingBalance; SampleReady;,4.2339e-08,1.0664e-07,6.2747e-08,6.2787e-08,6.2745e-08,6.2603e-08,0.96,2022/07/01 22:57:27,0.23,6546,8446,3.6354e-02,46.024,20,0.000,-2.5235e-13,-1.1995e-13,-1.2855e-13,-6.7436e-14,3.5065e-14,4.2093e-12,23.00,23.00,71.31,3.88251e-08,3.84711e-08,1.19317e-02,4.2235e-03,4.8978e-05,4.6907e-06,7.6361e-08,1.1974e-02,4.2071e-03,4.8985e-05,4.6549e-06,7.5599e-08,-3.5325,3.8988,-0.1507,7.7120,9.5265,-6.7844,0.0010,0,60,-2.0123,0.0013,0,60,-0.3336,-0.1001,5.6044,
C:\Nu Stable\Results\2022\20220630 clumped Oman surfaces2 NTA JM MG,20220630 clumped Oman surfaces2 NTA JM MG,Data_17489 RM_4-C.txt,RM_4-C,C:\Nu Stable\Analyses\DI\CO2 20-6-20 clumped NuCarb.rdf,Clumped CO2 Iterative,2022/06/30 18:37:55,2022/07/02 00:20:25,594,22,2.2060e-07,3.713808E-10,CF,32.501,3.803e-02,1,3.6354e-02,14944, InitialisePrepSampleRun; CheckIfCFRequired; UseCF; SampleTrapped; Chop_CF_SamSub; SampleTrapped; BalanceRefToSamValue; DepletingBalance; SampleReady;,4.1457e-08,1.0666e-07,8.9962e-08,9.0516e-08,9.0458e-08,9.0277e-08,0.96,2022/07/02 00:19:39,0.20,5126,8446,3.8027e-02,46.026,20,0.000,-2.5135e-13,-1.1948e-13,-1.2802e-13,-6.4062e-14,4.0108e-14,4.3523e-12,25.00,25.00,71.31,5.36227e-08,5.32784e-08,1.19399e-02,4.2292e-03,4.9045e-05,4.6824e-06,3.3001e-08,1.1974e-02,4.2066e-03,4.8947e-05,4.6330e-06,3.3119e-08,-2.8573,5.3798,2.0015,10.6682,-4.6573,-6.1170,0.0011,0,60,-0.5399,0.0017,0,60,-0.3323,-0.1191,-12.1070,
C:\Nu Stable\Results\2022\20220630 clumped Oman surfaces2 NTA JM MG,20220630 clumped Oman surfaces2 NTA JM MG,Data_17490 BD_4_0_33-A.txt,BD_4_0_33-A,C:\Nu Stable\Analyses\DI\CO2 20-6-20 clumped NuCarb.rdf,Clumped CO2 Iterative,2022/06/30 18:37:55,2022/07/02 01:42:33,460,23,1.5431e-07,3.354625E-10,CF,23.773,3.635e-02,1,3.6354e-02,14944, InitialisePrepSampleRun; CheckIfCFRequired; UseCF; SampleTrapped; Chop_CF_SamSub; SampleTrapped; BalanceRefToSamValue; DepletingBalance; SampleReady;,4.0567e-08,1.0664e-07,6.2221e-08,6.2361e-08,6.2324e-08,6.2205e-08,0.96,2022/07/02 01:41:47,0.19,6396,8446,3.6354e-02,46.024,20,0.000,-2.5252e-13,-1.2029e-13,-1.2888e-13,-6.7095e-14,3.6603e-14,4.1825e-12,23.00,23.00,71.31,3.86272e-08,3.82910e-08,1.19080e-02,4.2276e-03,4.8925e-05,4.6999e-06,6.2222e-08,1.1974e-02,4.2072e-03,4.8986e-05,4.6547e-06,6.2186e-08,-5.5231,4.8667,-1.2439,9.7109,0.9733,-8.9364,0.0010,0,60,-1.0447,0.0016,0,60,-0.3151,-0.0459,-2.6854,
C:\Nu Stable\Results\2022\20220630 clumped Oman surfaces2 NTA JM MG,20220630 clumped Oman surfaces2 NTA JM MG,Data_17491 ETH-4.txt,ETH-4,C:\Nu Stable\Analyses\DI\CO2 20-6-20 clumped NuCarb.rdf,Clumped CO2 Iterative,2022/06/30 18:37:55,2022/07/02 03:05:48,430,24,1.4092e-07,3.277114E-10,CF,22.156,3.635e-02,1,3.6354e-02,14944, InitialisePrepSampleRun; CheckIfCFRequired; UseCF; SampleTrapped; Chop_CF_SamSub; SampleTrapped; BalanceRefToSamValue; DepletingBalance; SampleReady;,3.9751e-08,1.0595e-07,5.6502e-08,5.6136e-08,5.6088e-08,5.5984e-08,0.96,2022/07/02 03:05:02,0.19,6750,8448,3.6354e-02,46.021,20,0.000,-2.5183e-13,-1.1966e-13,-1.2837e-13,-6.8051e-14,3.5083e-14,4.0966e-12,22.00,23.00,71.31,3.52121e-08,3.48596e-08,1.18866e-02,4.1838e-03,4.8317e-05,4.5855e-06,4.2249e-08,1.1974e-02,4.2070e-03,4.8970e-05,4.6366e-06,4.2845e-08,-7.2792,-5.5133,-13.3266,-11.0228,-15.4601,-10.4454,0.0008,0,60,-11.3708,0.0017,0,60,-0.4458,-0.0269,3.0688,
C:\Nu Stable\Results\2022\20220630 clumped Oman surfaces2 NTA JM MG,20220630 clumped Oman surfaces2 NTA JM MG,Data_17492 ETH-2.txt,ETH-2,C:\Nu Stable\Analyses\DI\CO2 20-6-20 clumped NuCarb.rdf,Clumped CO2 Iterative,2022/06/30 18:37:55,2022/07/02 04:27:44,503,25,1.7402e-07,3.459665E-10,CF,26.428,3.635e-02,1,3.6354e-02,14944, InitialisePrepSampleRun; CheckIfCFRequired; UseCF; SampleTrapped; Chop_CF_SamSub; SampleTrapped; BalanceRefToSamValue; DepletingBalance; SampleReady;,3.9104e-08,1.0668e-07,7.0424e-08,7.1115e-08,7.1059e-08,7.0923e-08,0.96,2022/07/02 04:26:59,0.19,5764,8449,3.6354e-02,46.021,20,0.000,-2.5213e-13,-1.1990e-13,-1.2856e-13,-6.6753e-14,3.6567e-14,4.2164e-12,23.00,24.00,71.31,4.33461e-08,4.30122e-08,1.18886e-02,4.1846e-03,4.8329e-05,4.5974e-06,5.9824e-08,1.1974e-02,4.2069e-03,4.8975e-05,4.6467e-06,6.0720e-08,-7.1192,-5.3177,-13.1937,-10.5994,-13.6750,-10.2818,0.0008,0,60,-11.1764,0.0011,0,60,-0.6708,0.0077,4.3259,
C:\Nu Stable\Results\2022\20220630 clumped Oman surfaces2 NTA JM MG,20220630 clumped Oman surfaces2 NTA JM MG,Data_17493 BD_4_0_33-B.txt,BD_4_0_33-B,C:\Nu Stable\Analyses\DI\CO2 20-6-20 clumped NuCarb.rdf,Clumped CO2 Iterative,2022/06/30 18:37:55,2022/07/02 05:50:09,425,26,1.3138e-07,3.09121E-10,CF,20.569,3.635e-02,1,3.7181e-02,14976, InitialisePrepSampleRun; CheckIfCFRequired; UseCF; SampleTrapped; Chop_CF_SamSub; SampleTrapped; BalanceRefToSamValue; DepletingBalance; SampleReady;,3.8306e-08,1.0661e-07,5.2569e-08,5.2622e-08,5.2590e-08,5.2490e-08,0.96,2022/07/02 05:49:23,0.19,6872,8448,3.6354e-02,46.021,20,0.000,-2.5131e-13,-1.1953e-13,-1.2810e-13,-6.7749e-14,3.5280e-14,4.0171e-12,22.00,23.00,70.85,3.32743e-08,3.29500e-08,1.19087e-02,4.2285e-03,4.8926e-05,4.6857e-06,4.3166e-08,1.1973e-02,4.2067e-03,4.8966e-05,4.6379e-06,4.2110e-08,-5.3753,5.1713,-0.8014,10.2994,25.5942,-8.7896,0.0010,0,60,-0.7419,0.0015,0,60,-0.3236,-0.0693,21.0757,
C:\Nu Stable\Results\2022\20220630 clumped Oman surfaces2 NTA JM MG,20220630 clumped Oman surfaces2 NTA JM MG,Data_17494 BDK_A.txt,BDK_A,C:\Nu Stable\Analyses\DI\CO2 20-6-20 clumped NuCarb.rdf,Clumped CO2 Iterative,2022/06/30 18:37:55,2022/07/02 07:13:00,500,27,1.3730e-07,2.746042E-10,CF,21.576,3.718e-02,1,3.6354e-02,14976, InitialisePrepSampleRun; CheckIfCFRequired; UseCF; SampleTrapped; Chop_CF_SamSub; SampleTrapped; BalanceRefToSamValue; DepletingBalance; SampleReady;,3.7717e-08,1.0636e-07,5.5035e-08,5.4762e-08,5.4727e-08,5.4618e-08,0.96,2022/07/02 07:12:14,0.20,6633,8447,3.7181e-02,46.021,20,0.000,-2.5207e-13,-1.1985e-13,-1.2843e-13,-6.8146e-14,3.5208e-14,4.0358e-12,22.00,23.00,70.57,3.44559e-08,3.41318e-08,1.19368e-02,4.2271e-03,4.9043e-05,4.6972e-06,7.6042e-08,1.1973e-02,4.2068e-03,4.8980e-05,4.6527e-06,7.5316e-08,-3.0372,4.8259,1.2858,9.5587,8.7861,-6.2893,0.0008,0,60,-1.0907,0.0014,0,60,-0.3186,-0.1154,2.5140,
C:\Nu Stable\Results\2022\20220630 clumped Oman surfaces2 NTA JM MG,20220630 clumped Oman surfaces2 NTA JM MG,Data_17495 IAEA-C2.txt,IAEA-C2,C:\Nu Stable\Analyses\DI\CO2 20-6-20 clumped NuCarb.rdf,Clumped CO2 Iterative,2022/06/30 18:37:55,2022/07/02 08:35:50,469,28,1.3686e-07,2.918113E-10,CF,21.057,3.635e-02,1,3.4756e-02,14944, InitialisePrepSampleRun; CheckIfCFRequired; UseCF; SampleTrapped; Chop_CF_SamSub; SampleTrapped; BalanceRefToSamValue; DepletingBalance; SampleReady;,3.7037e-08,1.0606e-07,5.4934e-08,5.4734e-08,5.4695e-08,5.4576e-08,0.96,2022/07/02 08:35:05,0.22,6563,8446,3.6354e-02,46.021,20,0.000,-2.5078e-13,-1.1931e-13,-1.2784e-13,-6.7971e-14,3.5101e-14,4.0573e-12,22.00,23.00,70.57,3.44913e-08,3.41783e-08,1.19153e-02,4.2251e-03,4.8917e-05,4.6797e-06,4.2104e-08,1.1973e-02,4.2068e-03,4.8965e-05,4.6394e-06,4.2277e-08,-4.8312,4.3610,-0.9671,8.6901,-0.1752,-8.1825,0.0009,0,60,-1.5495,0.0014,0,60,-0.2595,-0.0505,-3.5799,
C:\Nu Stable\Results\2022\20220630 clumped Oman surfaces2 NTA JM MG,20220630 clumped Oman surfaces2 NTA JM MG,Data_17496 ETH-3.txt,ETH-3,C:\Nu Stable\Analyses\DI\CO2 20-6-20 clumped NuCarb.rdf,Clumped CO2 Iterative,2022/06/30 18:37:55,2022/07/02 09:58:28,476,29,1.2307e-07,2.585459E-10,CF,19.562,3.718e-02,1,3.7181e-02,14976, InitialisePrepSampleRun; CheckIfCFRequired; UseCF; SampleTrapped; Chop_CF_SamSub; SampleTrapped; BalanceRefToSamValue; DepletingBalance; SampleReady;,3.6477e-08,1.0594e-07,4.9056e-08,4.9090e-08,4.9060e-08,4.8941e-08,0.96,2022/07/02 09:57:42,0.24,6958,8446,3.7181e-02,46.024,20,0.000,-2.5144e-13,-1.1960e-13,-1.2807e-13,-6.8148e-14,3.3510e-14,3.9893e-12,22.00,22.00,70.57,3.12646e-08,3.09891e-08,1.20267e-02,4.2565e-03,4.9762e-05,4.7612e-06,7.1621e-08,1.1973e-02,4.2068e-03,4.8979e-05,4.6512e-06,7.0692e-08,4.4794,11.8138,15.9836,23.6360,13.6196,1.4690,0.0010,0,60,5.8469,0.0016,0,60,-0.3072,-0.1280,-14.2263,
C:\Nu Stable\Results\2022\20220630 clumped Oman surfaces2 NTA JM MG,20220630 clumped Oman surfaces2 NTA JM MG,Data_17497 ETH-2.txt,ETH-2,C:\Nu Stable\Analyses\DI\CO2 20-6-20 clumped NuCarb.rdf,Clumped CO2 Iterative,2022/06/30 18:37:55,2022/07/02 11:20:30,476,30,1.6174e-07,3.397849E-10,CF,25.238,3.635e-02,1,3.6354e-02,14944, InitialisePrepSampleRun; CheckIfCFRequired; UseCF; SampleTrapped; Chop_CF_SamSub; SampleTrapped; BalanceRefToSamValue; DepletingBalance; SampleReady;,3.5831e-08,1.0648e-07,6.5374e-08,6.5910e-08,6.5881e-08,6.5734e-08,0.96,2022/07/02 11:19:44,0.22,5708,8449,3.6354e-02,46.026,20,0.000,-2.5095e-13,-1.1922e-13,-1.2781e-13,-6.6982e-14,3.6317e-14,4.1512e-12,23.00,24.00,70.57,4.05843e-08,4.02883e-08,1.18892e-02,4.1849e-03,4.8320e-05,4.5834e-06,3.1417e-08,1.1974e-02,4.2071e-03,4.8962e-05,4.6332e-06,3.2884e-08,-7.0973,-5.2622,-13.1161,-10.7466,-67.8453,-10.2605,0.0008,0,60,-11.1212,0.0016,0,60,-0.6698,-0.2526,-50.9584,
C:\Nu Stable\Results\2022\20220630 clumped Oman surfaces2 NTA JM MG,20220630 clumped Oman surfaces2 NTA JM MG,Data_17498 BDK-B.txt,BDK-B,C:\Nu Stable\Analyses\DI\CO2 20-6-20 clumped NuCarb.rdf,Clumped CO2 Iterative,2022/06/30 18:37:55,2022/07/02 12:49:41,792,31,1.7203e-07,2.172107E-10,CF,26.306,3.718e-02,1,3.5546e-02,14944, InitialisePrepSampleRun; CheckIfCFRequired; UseCF; SampleTrapped; Chop_CF_SamSub; SampleTrapped; BalanceRefToSamValue; DepletingBalance; SampleReady;,4.2267e-08,1.0626e-07,6.9847e-08,7.0480e-08,7.0445e-08,7.0283e-08,0.96,2022/07/02 12:48:55,0.23,6091,8448,3.7181e-02,46.024,20,0.000,-2.5256e-13,-1.1984e-13,-1.2849e-13,-6.6335e-14,3.7050e-14,4.2218e-12,23.00,24.00,70.57,4.29874e-08,4.26822e-08,1.20025e-02,4.2410e-03,4.9467e-05,4.7200e-06,7.0666e-08,1.1974e-02,4.2071e-03,4.8975e-05,4.6453e-06,6.9122e-08,2.3646,8.0547,10.0352,16.0711,21.6121,-0.6520,0.0011,0,60,2.1106,0.0017,0,60,-0.3442,-0.1016,3.0932,
C:\Nu Stable\Results\2022\20220630 clumped Oman surfaces2 NTA JM MG,20220630 clumped Oman surfaces2 NTA JM MG,Data_17499 WBT_6-A.txt,WBT_6-A,C:\Nu Stable\Analyses\DI\CO2 20-6-20 clumped NuCarb.rdf,Clumped CO2 Iterative,2022/06/30 18:37:55,2022/07/02 14:12:29,435,32,1.4605e-07,3.357525E-10,CF,22.797,3.718e-02,1,3.7181e-02,14944, InitialisePrepSampleRun; CheckIfCFRequired; UseCF; SampleTrapped; Chop_CF_SamSub; SampleTrapped; BalanceRefToSamValue; DepletingBalance; SampleReady;,4.1441e-08,1.0659e-07,5.8819e-08,5.8584e-08,5.8556e-08,5.8415e-08,0.96,2022/07/02 14:11:44,0.24,6746,8447,3.7181e-02,46.024,20,0.000,-2.5209e-13,-1.1972e-13,-1.2822e-13,-6.7399e-14,3.6246e-14,4.1154e-12,22.00,23.00,70.57,3.65700e-08,3.62514e-08,1.20258e-02,4.2566e-03,4.9735e-05,4.7452e-06,4.3022e-08,1.1974e-02,4.2071e-03,4.8966e-05,4.6363e-06,4.1640e-08,4.3433,11.7749,15.7108,23.4997,30.6265,1.3255,0.0010,0,60,5.8085,0.0014,0,60,-0.3983,-0.1844,2.5335,
C:\Nu Stable\Results\2022\20220630 clumped Oman surfaces2 NTA JM MG,20220630 clumped Oman surfaces2 NTA JM MG,Data_17500 WBT_6-B.txt,WBT_6-B,C:\Nu Stable\Analyses\DI\CO2 20-6-20 clumped NuCarb.rdf,Clumped CO2 Iterative,2022/06/30 18:37:55,2022/07/02 15:35:18,428,33,1.3216e-07,3.087949E-10,CF,20.691,3.635e-02,1,3.7181e-02,14976, InitialisePrepSampleRun; CheckIfCFRequired; UseCF; SampleTrapped; Chop_CF_SamSub; SampleTrapped; BalanceRefToSamValue; DepletingBalance; SampleReady;,4.0768e-08,1.0665e-07,5.2860e-08,5.2898e-08,5.2866e-08,5.2760e-08,0.96,2022/07/02 15:34:32,0.20,7128,8446,3.6354e-02,46.021,20,0.000,-2.5258e-13,-1.1996e-13,-1.2870e-13,-6.8396e-14,3.4511e-14,4.0689e-12,22.00,22.00,70.57,3.34208e-08,3.31155e-08,1.19068e-02,4.2219e-03,4.8857e-05,4.6813e-06,7.2188e-08,1.1973e-02,4.2069e-03,4.8983e-05,4.6488e-06,7.2016e-08,-5.5563,3.5605,-2.5916,6.9971,3.7140,-8.9265,0.0009,0,60,-2.3445,0.0013,0,60,-0.3509,-0.1357,2.6432,
C:\Nu Stable\Results\2022\20220630 clumped Oman surfaces2 NTA JM MG,20220630 clumped Oman surfaces2 NTA JM MG,Data_17501 ETH-4.txt,ETH-4,C:\Nu Stable\Analyses\DI\CO2 20-6-20 clumped NuCarb.rdf,Clumped CO2 Iterative,2022/06/30 18:37:55,2022/07/02 16:57:16,488,34,1.7001e-07,3.48377E-10,CF,26.276,3.635e-02,1,3.6354e-02,14976, InitialisePrepSampleRun; CheckIfCFRequired; UseCF; SampleTrapped; Chop_CF_SamSub; SampleTrapped; BalanceRefToSamValue; DepletingBalance; SampleReady;,4.0074e-08,1.0615e-07,6.8788e-08,6.9420e-08,6.9372e-08,6.9233e-08,0.96,2022/07/02 16:56:30,0.20,5936,8446,3.6354e-02,46.021,20,0.000,-2.5129e-13,-1.1945e-13,-1.2799e-13,-6.6605e-14,3.7354e-14,4.2039e-12,23.00,24.00,70.57,4.24813e-08,4.21581e-08,1.18871e-02,4.1840e-03,4.8308e-05,4.5824e-06,2.8832e-08,1.1974e-02,4.2070e-03,4.8958e-05,4.6329e-06,3.0488e-08,-7.2694,-5.4716,-13.2846,-10.9125,-97.3882,-10.4364,0.0009,0,60,-11.3293,0.0013,0,60,-0.4547,0.0008,-80.4857,
C:\Nu Stable\Results\2022\20220630 clumped Oman surfaces2 NTA JM MG,20220630 clumped Oman surfaces2 NTA JM MG,Data_17502 ETH-1.txt,ETH-1,C:\Nu Stable\Analyses\DI\CO2 20-6-20 clumped NuCarb.rdf,Clumped CO2 Iterative,2022/06/30 18:37:55,2022/07/02 18:19:57,418,35,1.3261e-07,3.172534E-10,CF,20.508,3.635e-02,1,3.6354e-02,14944, InitialisePrepSampleRun; CheckIfCFRequired; UseCF; SampleTrapped; Chop_CF_SamSub; SampleTrapped; BalanceRefToSamValue; DepletingBalance; SampleReady;,3.9313e-08,1.0653e-07,5.3041e-08,5.3094e-08,5.3059e-08,5.2968e-08,0.96,2022/07/02 18:19:11,0.17,6946,8446,3.6354e-02,46.021,20,0.000,-2.5285e-13,-1.2020e-13,-1.2871e-13,-6.8432e-14,3.4314e-14,4.0689e-12,22.00,22.00,70.57,3.35360e-08,3.32234e-08,1.20305e-02,4.2545e-03,4.9729e-05,4.7526e-06,6.0375e-08,1.1974e-02,4.2070e-03,4.8978e-05,4.6488e-06,5.9176e-08,4.7488,11.2864,15.3480,22.3531,21.2720,1.7740,0.0011,0,60,5.3214,0.0018,0,60,-0.6960,-0.3393,-6.0482,
C:\Nu Stable\Results\2022\20220630 clumped Oman surfaces2 NTA JM MG,20220630 clumped Oman surfaces2 NTA JM MG,Data_17503 KDW-131_8-H-A.txt,KDW-131_8-H-A,C:\Nu Stable\Analyses\DI\CO2 20-6-20 clumped NuCarb.rdf,Clumped CO2 Iterative,2022/06/30 18:37:55,2022/07/02 19:42:08,547,36,1.7022e-07,3.111943E-10,CF,25.970,3.635e-02,1,3.6354e-02,14944, InitialisePrepSampleRun; CheckIfCFRequired; UseCF; SampleTrapped; Chop_CF_SamSub; SampleTrapped; BalanceRefToSamValue; DepletingBalance; SampleReady;,3.8712e-08,1.0621e-07,6.8847e-08,6.9497e-08,6.9464e-08,6.9303e-08,0.96,2022/07/02 19:41:23,0.23,5801,8446,3.6354e-02,46.024,20,0.000,-2.5216e-13,-1.1975e-13,-1.2828e-13,-6.6741e-14,3.6532e-14,4.1699e-12,23.00,24.00,70.57,4.25268e-08,4.22129e-08,1.20054e-02,4.2473e-03,4.9542e-05,4.7272e-06,4.9138e-08,1.1974e-02,4.2071e-03,4.8967e-05,4.6395e-06,4.7962e-08,2.6092,9.5500,11.7277,18.8910,24.1681,-0.4433,0.0010,0,60,3.5982,0.0015,0,60,-0.3801,-0.2946,2.4150,
C:\Nu Stable\Results\2022\20220630 clumped Oman surfaces2 NTA JM MG,20220630 clumped Oman surfaces2 NTA JM MG,Data_17504 KDW-131_8-H-B.txt,KDW-131_8-H-B,C:\Nu Stable\Analyses\DI\CO2 20-6-20 clumped NuCarb.rdf,Clumped CO2 Iterative,2022/06/30 18:37:55,2022/07/02 21:04:30,575,37,1.5193e-07,2.64229E-10,CF,23.224,3.635e-02,1,3.6354e-02,14976, InitialisePrepSampleRun; CheckIfCFRequired; UseCF; SampleTrapped; Chop_CF_SamSub; SampleTrapped; BalanceRefToSamValue; DepletingBalance; SampleReady;,3.7878e-08,1.0586e-07,6.1231e-08,6.1489e-08,6.1439e-08,6.1321e-08,0.96,2022/07/02 21:03:45,0.19,6189,8444,3.6354e-02,46.024,20,0.000,-2.5262e-13,-1.2012e-13,-1.2868e-13,-6.7808e-14,3.5924e-14,4.1387e-12,23.00,23.00,70.57,3.81581e-08,3.78337e-08,1.20010e-02,4.2461e-03,4.9520e-05,4.7350e-06,6.5949e-08,1.1974e-02,4.2072e-03,4.8980e-05,4.6498e-06,6.4824e-08,2.2473,9.2464,11.0141,18.3187,16.8503,-0.8179,0.0010,0,60,3.2968,0.0015,0,60,-0.4177,-0.2549,-3.7760,
C:\Nu Stable\Results\2022\20220630 clumped Oman surfaces2 NTA JM MG,20220630 clumped Oman surfaces2 NTA JM MG,Data_17505 BD4-30-35_1-A.txt,BD4-30-35_1-A,C:\Nu Stable\Analyses\DI\CO2 20-6-20 clumped NuCarb.rdf,Clumped CO2 Iterative,2022/06/30 18:37:55,2022/07/02 22:27:10,416,38,1.2993e-07,3.123409E-10,CF,20.538,3.635e-02,1,3.6354e-02,14976, InitialisePrepSampleRun; CheckIfCFRequired; UseCF; SampleTrapped; Chop_CF_SamSub; SampleTrapped; BalanceRefToSamValue; DepletingBalance; SampleReady;,3.7190e-08,1.0653e-07,5.1964e-08,5.2005e-08,5.1957e-08,5.1861e-08,0.96,2022/07/02 22:26:24,0.18,6788,8447,3.6354e-02,46.024,20,0.000,-2.5130e-13,-1.1950e-13,-1.2798e-13,-6.7817e-14,3.4690e-14,4.0823e-12,22.00,22.00,70.57,3.29479e-08,3.26299e-08,1.19584e-02,4.2203e-03,4.9040e-05,4.6709e-06,4.8242e-08,1.1973e-02,4.2069e-03,4.8971e-05,4.6426e-06,4.7701e-08,-1.2539,3.1835,1.4044,6.0857,12.8999,-4.3346,0.0012,0,60,-2.7291,0.0016,0,60,-0.4318,-0.2896,7.9297,
C:\Nu Stable\Results\2022\20220630 clumped Oman surfaces2 NTA JM MG,20220630 clumped Oman surfaces2 NTA JM MG,Data_17506 ETH-1.txt,ETH-1,C:\Nu Stable\Analyses\DI\CO2 20-6-20 clumped NuCarb.rdf,Clumped CO2 Iterative,2022/06/30 18:37:55,2022/07/02 23:49:14,503,39,1.5733e-07,3.127922E-10,CF,24.536,3.635e-02,1,3.4756e-02,15008, InitialisePrepSampleRun; CheckIfCFRequired; UseCF; SampleTrapped; Chop_CF_SamSub; SampleTrapped; BalanceRefToSamValue; DepletingBalance; SampleReady;,3.6635e-08,1.0633e-07,6.3638e-08,6.4078e-08,6.4037e-08,6.3888e-08,0.96,2022/07/02 23:48:29,0.23,5901,8447,3.6354e-02,46.026,20,0.000,-2.5182e-13,-1.1969e-13,-1.2825e-13,-6.7259e-14,3.5870e-14,4.1181e-12,23.00,23.00,70.57,3.95576e-08,3.92799e-08,1.20310e-02,4.2547e-03,4.9734e-05,4.7539e-06,6.8184e-08,1.1974e-02,4.2071e-03,4.8980e-05,4.6491e-06,6.6443e-08,4.7568,11.3123,15.4009,22.5410,28.1434,1.7815,0.0009,0,60,5.3472,0.0018,0,60,-0.6774,-0.2068,0.5803,
C:\Nu Stable\Results\2022\20220630 clumped Oman surfaces2 NTA JM MG,20220630 clumped Oman surfaces2 NTA JM MG,Data_17507 ETH-3.txt,ETH-3,C:\Nu Stable\Analyses\DI\CO2 20-6-20 clumped NuCarb.rdf,Clumped CO2 Iterative,2022/06/30 18:37:55,2022/07/03 01:11:07,490,40,1.6266e-07,3.319605E-10,CF,25.421,3.635e-02,1,3.6354e-02,14976, InitialisePrepSampleRun; CheckIfCFRequired; UseCF; SampleTrapped; Chop_CF_SamSub; SampleTrapped; BalanceRefToSamValue; DepletingBalance; SampleReady;,3.5873e-08,1.0604e-07,6.6197e-08,6.6714e-08,6.6663e-08,6.6512e-08,0.96,2022/07/03 01:10:22,0.23,5675,8446,3.6354e-02,46.026,20,0.000,-2.5090e-13,-1.1916e-13,-1.2777e-13,-6.6505e-14,3.6871e-14,4.1610e-12,23.00,24.00,70.57,4.09781e-08,4.07211e-08,1.20280e-02,4.2569e-03,4.9755e-05,4.7485e-06,4.7644e-08,1.1974e-02,4.2072e-03,4.8972e-05,4.6384e-06,4.5500e-08,4.4900,11.8141,16.0004,23.7311,47.7028,1.4803,0.0010,0,60,5.8471,0.0016,0,60,-0.3018,-0.0358,18.9089,
C:\Nu Stable\Results\2022\20220630 clumped Oman surfaces2 NTA JM MG,20220630 clumped Oman surfaces2 NTA JM MG,Data_17508 BD4-30-35_1-B.txt,BD4-30-35_1-B,C:\Nu Stable\Analyses\DI\CO2 20-6-20 clumped NuCarb.rdf,Clumped CO2 Iterative,2022/06/30 18:37:55,2022/07/03 02:40:21,528,41,1.8114e-07,3.430723E-10,CF,27.588,3.718e-02,1,3.5546e-02,14944, InitialisePrepSampleRun; CheckIfCFRequired; UseCF; SampleTrapped; Chop_CF_SamSub; SampleTrapped; BalanceRefToSamValue; DepletingBalance; SampleReady;,4.2716e-08,1.0635e-07,7.3502e-08,7.4270e-08,7.4225e-08,7.4065e-08,0.96,2022/07/03 02:39:35,0.22,5931,8449,3.7181e-02,46.026,20,0.000,-2.5117e-13,-1.1933e-13,-1.2797e-13,-6.5317e-14,3.8177e-14,4.2236e-12,24.00,24.00,70.57,4.50275e-08,4.47529e-08,1.19580e-02,4.2231e-03,4.9072e-05,4.6816e-06,7.1069e-08,1.1974e-02,4.2071e-03,4.8977e-05,4.6467e-06,6.9749e-08,-1.3533,3.8066,1.9338,7.4922,17.3645,-4.4619,0.0013,0,60,-2.1088,0.0017,0,60,-0.4118,-0.1344,11.2433,
C:\Nu Stable\Results\2022\20220630 clumped Oman surfaces2 NTA JM MG,20220630 clumped Oman surfaces2 NTA JM MG,Data_17509 BD4-30-35_1-C.txt,BD4-30-35_1-C,C:\Nu Stable\Analyses\DI\CO2 20-6-20 clumped NuCarb.rdf,Clumped CO2 Iterative,2022/06/30 18:37:55,2022/07/03 04:03:10,402,42,1.1912e-07,2.963187E-10,CF,18.677,3.635e-02,1,3.8027e-02,15008, InitialisePrepSampleRun; CheckIfCFRequired; UseCF; SampleTrapped; Chop_CF_SamSub; SampleTrapped; BalanceRefToSamValue; DepletingBalance; SampleReady;,4.1879e-08,1.0606e-07,4.7381e-08,4.7392e-08,4.7369e-08,4.7270e-08,0.96,2022/07/03 04:02:24,0.21,7761,8449,3.6354e-02,46.019,20,0.000,-2.5060e-13,-1.1912e-13,-1.2763e-13,-6.7610e-14,3.5691e-14,4.0180e-12,21.00,22.00,70.57,3.03371e-08,3.00503e-08,1.19479e-02,4.2336e-03,4.9143e-05,4.6945e-06,4.1695e-08,1.1973e-02,4.2067e-03,4.8962e-05,4.6356e-06,4.0894e-08,-2.0917,6.4035,3.6775,12.6987,23.7836,-5.3376,0.0010,0,60,0.4771,0.0019,0,60,-0.4535,-0.1474,13.2616,
C:\Nu Stable\Results\2022\20220630 clumped Oman surfaces2 NTA JM MG,20220630 clumped Oman surfaces2 NTA JM MG,Data_17510 KDW-131_8-A.txt,KDW-131_8-A,C:\Nu Stable\Analyses\DI\CO2 20-6-20 clumped NuCarb.rdf,Clumped CO2 Iterative,2022/06/30 18:37:55,2022/07/03 05:25:16,566,43,1.6407e-07,2.898796E-10,CF,25.513,3.635e-02,1,3.6354e-02,14976, InitialisePrepSampleRun; CheckIfCFRequired; UseCF; SampleTrapped; Chop_CF_SamSub; SampleTrapped; BalanceRefToSamValue; DepletingBalance; SampleReady;,4.1303e-08,1.0671e-07,6.6410e-08,6.6870e-08,6.6825e-08,6.6714e-08,0.96,2022/07/03 05:24:31,0.17,6201,8449,3.6354e-02,46.022,20,0.000,-2.5086e-13,-1.1945e-13,-1.2782e-13,-6.6419e-14,3.7622e-14,4.1977e-12,23.00,24.00,70.57,4.10711e-08,4.07573e-08,1.19851e-02,4.2369e-03,4.9350e-05,4.7166e-06,6.2255e-08,1.1974e-02,4.2070e-03,4.8975e-05,4.6507e-06,6.1351e-08,0.9418,7.1199,7.6613,14.1782,15.4598,-2.1339,0.0010,0,60,1.1834,0.0014,0,60,-0.3205,-0.1107,0.3838,
C:\Nu Stable\Results\2022\20220630 clumped Oman surfaces2 NTA JM MG,20220630 clumped Oman surfaces2 NTA JM MG,Data_17511 ETH-2.txt,ETH-2,C:\Nu Stable\Analyses\DI\CO2 20-6-20 clumped NuCarb.rdf,Clumped CO2 Iterative,2022/06/30 18:37:55,2022/07/03 06:47:16,471,44,1.6274e-07,3.455113E-10,CF,25.299,3.635e-02,1,3.6354e-02,14976, InitialisePrepSampleRun; CheckIfCFRequired; UseCF; SampleTrapped; Chop_CF_SamSub; SampleTrapped; BalanceRefToSamValue; DepletingBalance; SampleReady;,4.0501e-08,1.0628e-07,6.6096e-08,6.6566e-08,6.6530e-08,6.6376e-08,0.96,2022/07/03 06:46:30,0.23,6140,8449,3.6354e-02,46.022,20,0.000,-2.5075e-13,-1.1916e-13,-1.2769e-13,-6.6070e-14,3.8320e-14,4.2191e-12,23.00,24.00,70.57,4.09106e-08,4.06377e-08,1.18885e-02,4.1847e-03,4.8320e-05,4.5880e-06,4.4877e-08,1.1974e-02,4.2069e-03,4.8964e-05,4.6373e-06,4.4891e-08,-7.1184,-5.2696,-13.1594,-10.6440,-0.9778,-10.2827,0.0008,0,60,-11.1286,0.0011,0,60,-0.6844,-0.1340,17.1576,
C:\Nu Stable\Results\2022\20220630 clumped Oman surfaces2 NTA JM MG,20220630 clumped Oman surfaces2 NTA JM MG,Data_17512 ETH-4.txt,ETH-4,C:\Nu Stable\Analyses\DI\CO2 20-6-20 clumped NuCarb.rdf,Clumped CO2 Iterative,2022/06/30 18:37:55,2022/07/03 08:09:18,474,45,1.6672e-07,3.517255E-10,CF,25.726,3.635e-02,1,3.5546e-02,14976, InitialisePrepSampleRun; CheckIfCFRequired; UseCF; SampleTrapped; Chop_CF_SamSub; SampleTrapped; BalanceRefToSamValue; DepletingBalance; SampleReady;,3.9764e-08,1.0595e-07,6.7611e-08,6.8168e-08,6.8124e-08,6.7975e-08,0.96,2022/07/03 08:08:33,0.22,5978,8447,3.6354e-02,46.024,20,0.000,-2.5073e-13,-1.1926e-13,-1.2786e-13,-6.6167e-14,3.8374e-14,4.2003e-12,23.00,24.00,70.57,4.17734e-08,4.14973e-08,1.18868e-02,4.1838e-03,4.8329e-05,4.5973e-06,6.5505e-08,1.1974e-02,4.2069e-03,4.8979e-05,4.6483e-06,6.6339e-08,-7.2733,-5.4864,-13.2723,-10.9790,-11.4542,-10.4400,0.0008,0,60,-11.3440,0.0014,0,60,-0.4236,-0.0366,7.0898,
C:\Nu Stable\Results\2022\20220630 clumped Oman surfaces2 NTA JM MG,20220630 clumped Oman surfaces2 NTA JM MG,Data_17513 KDW-131_8-B.txt,KDW-131_8-B,C:\Nu Stable\Analyses\DI\CO2 20-6-20 clumped NuCarb.rdf,Clumped CO2 Iterative,2022/06/30 18:37:55,2022/07/03 09:32:01,475,46,1.3220e-07,2.783117E-10,CF,20.599,3.635e-02,1,3.6354e-02,14976, InitialisePrepSampleRun; CheckIfCFRequired; UseCF; SampleTrapped; Chop_CF_SamSub; SampleTrapped; BalanceRefToSamValue; DepletingBalance; SampleReady;,3.8975e-08,1.0596e-07,5.3045e-08,5.3074e-08,5.3019e-08,5.2939e-08,0.96,2022/07/03 09:31:15,0.15,6910,8446,3.6354e-02,46.024,20,0.000,-2.5015e-13,-1.1896e-13,-1.2746e-13,-6.7359e-14,3.6210e-14,4.0421e-12,22.00,23.00,70.57,3.35102e-08,3.32361e-08,1.19995e-02,4.2395e-03,4.9434e-05,4.7046e-06,3.2315e-08,1.1973e-02,4.2068e-03,4.8964e-05,4.6324e-06,3.1150e-08,2.1895,7.7782,9.6050,15.5721,50.2088,-0.8287,0.0011,0,60,1.8358,0.0016,0,60,-0.3203,-0.0441,31.9207,
C:\Nu Stable\Results\2022\20220630 clumped Oman surfaces2 NTA JM MG,20220630 clumped Oman surfaces2 NTA JM MG,Data_17514 MERCK.txt,MERCK,C:\Nu Stable\Analyses\DI\CO2 20-6-20 clumped NuCarb.rdf,Clumped CO2 Iterative,2022/06/30 18:37:55,2022/07/03 10:54:01,486,47,1.7518e-07,3.604455E-10,CF,27.191,3.635e-02,1,3.5546e-02,14976, InitialisePrepSampleRun; CheckIfCFRequired; UseCF; SampleTrapped; Chop_CF_SamSub; SampleTrapped; BalanceRefToSamValue; DepletingBalance; SampleReady;,3.8311e-08,1.0633e-07,7.0899e-08,7.1535e-08,7.1485e-08,7.1324e-08,0.96,2022/07/03 10:53:16,0.23,5666,8446,3.6354e-02,46.024,20,0.000,-2.5110e-13,-1.1936e-13,-1.2799e-13,-6.6333e-14,3.7873e-14,4.2182e-12,23.00,24.00,70.57,4.35911e-08,4.33166e-08,1.15316e-02,4.1970e-03,4.6981e-05,4.6228e-06,5.5842e-08,1.1974e-02,4.2070e-03,4.8974e-05,4.6449e-06,5.7464e-08,-36.9479,-2.3638,-40.6992,-4.7605,-28.8269,-42.1302,0.0014,0,60,-8.1719,0.0012,0,60,-0.4049,-0.0389,15.5961,
C:\Nu Stable\Results\2022\20220630 clumped Oman surfaces2 NTA JM MG,20220630 clumped Oman surfaces2 NTA JM MG,Data_17515 KDW-131_8-J-A.txt,KDW-131_8-J-A,C:\Nu Stable\Analyses\DI\CO2 20-6-20 clumped NuCarb.rdf,Clumped CO2 Iterative,2022/06/30 18:37:55,2022/07/03 12:17:02,595,48,1.1414e-08,1.918366E-11,CF,0.305,3.635e-02,0,3.6354e-02,14976, InitialisePrepSampleRun; CheckIfCFRequired; UseCF; SampleTrapped; BalanceRefToSamValue; SampleReady; (BeamTooBig_RunningMisBalanced) ;,3.7591e-08,1.0655e-07,1.0962e-08,5.3074e-08,5.3019e-08,5.2939e-08,0.96,2022/07/03 12:16:04,-70.94,8397,8446,3.6354e-02,46.024,20,0.000,-2.5022e-13,-1.1887e-13,-1.2760e-13,-6.8763e-14,3.3796e-14,3.8508e-12,25.00,29.00,70.57,1.97159e-08,6.42664e-09,1.20043e-02,4.2465e-03,4.9553e-05,4.6808e-06,-3.7264e-08,1.1972e-02,4.2062e-03,4.8972e-05,4.6250e-06,1.9134e-08,2.6945,9.5829,11.8717,12.0396,27096.9224,-0.3537,0.0029,0,60,3.6307,0.0062,0,60,-0.3576,-7.0821,26497.8106,
C:\Nu Stable\Results\2022\20220630 clumped Oman surfaces2 NTA JM MG,20220630 clumped Oman surfaces2 NTA JM MG,Data_17516 ETH-3.txt,ETH-3,C:\Nu Stable\Analyses\DI\CO2 20-6-20 clumped NuCarb.rdf,Clumped CO2 Iterative,2022/06/30 18:37:55,2022/07/03 13:39:12,487,49,1.5775e-07,3.239175E-10,CF,24.933,3.555e-02,1,3.5546e-02,14944, InitialisePrepSampleRun; CheckIfCFRequired; UseCF; SampleTrapped; Chop_CF_SamSub; SampleTrapped; BalanceRefToSamValue; DepletingBalance; SampleReady;,3.7124e-08,1.0635e-07,6.4004e-08,6.4452e-08,6.4403e-08,6.4267e-08,0.96,2022/07/03 13:38:26,0.21,5930,8446,3.5546e-02,46.026,20,0.000,-2.5136e-13,-1.1963e-13,-1.2803e-13,-6.7692e-14,3.3617e-14,4.0287e-12,25.00,23.00,70.57,3.97979e-08,3.95390e-08,1.20273e-02,4.2563e-03,4.9749e-05,4.7527e-06,5.4165e-08,1.1974e-02,4.2071e-03,4.8971e-05,4.6447e-06,5.2235e-08,4.4386,11.7077,15.8756,23.2698,35.5841,1.4292,0.0450,0,60,5.7414,0.1212,0,60,-0.2686,-0.2769,7.3876,
C:\Nu Stable\Results\2022\20220630 clumped Oman surfaces2 NTA JM MG,20220630 clumped Oman surfaces2 NTA JM MG,Data_17517 ETH-1.txt,ETH-1,C:\Nu Stable\Analyses\DI\CO2 20-6-20 clumped NuCarb.rdf,Clumped CO2 Iterative,2022/06/30 18:37:55,2022/07/03 15:01:52,425,50,1.3492e-07,3.174628E-10,CF,21.088,3.635e-02,1,3.5546e-02,14912, InitialisePrepSampleRun; CheckIfCFRequired; UseCF; SampleTrapped; Chop_CF_SamSub; SampleTrapped; BalanceRefToSamValue; DepletingBalance; SampleReady;,3.6372e-08,1.0643e-07,5.4140e-08,5.3970e-08,5.3930e-08,5.3817e-08,0.96,2022/07/03 15:01:06,0.21,6540,8446,3.6354e-02,46.024,20,0.000,-2.5090e-13,-1.1932e-13,-1.2797e-13,-6.7826e-14,3.4779e-14,4.0457e-12,22.00,23.00,70.57,3.40535e-08,3.37665e-08,1.20306e-02,4.2545e-03,4.9726e-05,4.7424e-06,4.1566e-08,1.1974e-02,4.2070e-03,4.8972e-05,4.6374e-06,4.0418e-08,4.7576,11.3070,15.3962,22.6289,31.3856,1.7825,0.0009,0,60,5.3419,0.0018,0,60,-0.6775,-0.1103,3.7460,
