Batch,20230515 clumped PREC 2 KDB NTA,Collected on,2023/05/15 13:46:11,Analysis Instrument,PS019,Acquisition Software,,Stable 1.71.5,Reanalyzed  on,2023/05/15 14:45:07,Reanalysis Instrument,PS019,Reanalysis Software,Stable 1.71.5

Data,Batch,Data,Sample,Method,Analysis,Batch,Time,Sample,Vial,Initial,Sample,ColdFinger,Transducer,InletPiraniPressure,Sample,MaxPumpOverPressure,RawPumpOverPressure,Sample,Min,Max,Pre-balance,Pre-depleted,Final,Final,Depletion,Balance,Balance,RefBellowsPos,SamBellowsPos,Pirani,Current,Zero,Zero,Zero,Zero,Zero,Zero,Zero,Zero,Sam,Ref,Ave,Ref Major,Sam Major,Sample,Sample,Sample,Sample,Sample,Ref,Ref,Ref,Ref,Ref,Raw,Raw,Raw,Raw,Raw,Delta(13),Std,Rejected,Num,Delta(18),Std,Rejected,Num,DELTA,DELTA,DELTA,
Dir   ,Name   ,File   ,Name   ,  ,  ,Started   ,Collected   ,Weight   ,Location   ,Sam Beam   ,Yield   ,Status   ,Pressure   ,  ,Chops   ,  ,  ,Operations   ,Ref Beam   ,Ref Beam   ,Sam Beam   ,Ref Beam   ,Sam Beam   ,Ref Beam   ,Factor  ,End   ,%  ,  ,  ,Pressure   ,Mass   ,Length    ,Offset   ,Beams (0) ,Beams (1) ,Beams (2) ,Beams (3) ,Beams (4) ,Beams (5) ,Depletion   ,Depletion   ,Temperature   ,Signal(44),Signal(44),Ratio(45/44),Ratio(46/44),Ratio(47/44),Ratio(48/44),Ratio(49/44),Ratio(45/44),Ratio(46/44),Ratio(47/44),Ratio(48/44),Ratio(49/44),Delta(45/44),Delta(46/44),Delta(47/44),Delta(48/44),Delta(49/44),wrt PDB,Err,,,wrt PDB,Err,,,47,48,49,

C:\Nu Stable\Results\2023\20230515 clumped PREC 2 KDB NTA,20230515 clumped PREC 2 KDB NTA,Data_19609 ETH-1.txt,ETH-1,C:\Nu Stable\Analyses\DI\CO2 20-6-20 clumped NuCarb.rdf,Clumped CO2 Iterative,2023/05/15 13:46:11,2023/05/15 13:46:11,475,1,9.0501e-08,1.905291E-10,CF,15.594,5.830e-02,0,5.8296e-02,15648, InitialisePrepSampleRun; CheckIfCFRequired; UseCF; SampleTrapped; BalanceRefToSamValue; DepletingBalance; SampleReady;,3.8801e-08,1.0685e-07,8.6839e-08,7.8962e-08,7.7611e-08,7.7969e-08,0.96,2023/05/15 13:45:13,-0.46,5614,8448,5.8296e-02,46.048,20,0.000,-2.4893e-13,-1.1806e-13,-1.2690e-13,-6.9115e-14,3.0613e-14,3.6657e-12,36.00,35.00,64.32,3.29480e-08,3.05824e-08,1.20359e-02,4.2592e-03,4.9789e-05,4.7283e-06,6.0557e-09,1.1980e-02,4.2116e-03,4.9032e-05,4.6249e-06,6.9188e-09,4.6762,11.2795,15.4308,22.3264,28.8741,1.6968,0.0019,0,60,5.3147,0.0061,0,60,-0.5334,-0.3518,1.4354,
C:\Nu Stable\Results\2023\20230515 clumped PREC 2 KDB NTA,20230515 clumped PREC 2 KDB NTA,Data_19610 ETH-2.txt,ETH-2,C:\Nu Stable\Analyses\DI\CO2 20-6-20 clumped NuCarb.rdf,Clumped CO2 Iterative,2023/05/15 13:46:11,2023/05/15 15:08:41,494,2,1.1567e-07,2.341547E-10,CF,19.470,5.830e-02,1,5.6999e-02,15584, InitialisePrepSampleRun; CheckIfCFRequired; UseCF; SampleTrapped; Chop_CF_SamSub; SampleTrapped; BalanceRefToSamValue; DepletingBalance; SampleReady;,3.7792e-08,1.0635e-07,4.3807e-08,4.3520e-08,4.3486e-08,4.3389e-08,0.96,2023/05/15 15:07:56,0.22,7715,8448,5.8296e-02,46.046,20,0.000,-2.5044e-13,-1.1887e-13,-1.2798e-13,-7.1270e-14,2.6071e-14,3.5575e-12,23.00,23.00,64.32,2.68069e-08,2.59988e-08,1.18944e-02,4.1900e-03,4.8391e-05,4.5637e-06,-1.9507e-08,1.1980e-02,4.2120e-03,4.9033e-05,4.6141e-06,-1.7272e-08,-7.1591,-5.2188,-13.1004,-10.9406,73.3816,-10.3278,0.0010,0,60,-11.0779,0.0011,0,60,-0.6326,-0.5358,92.8056,
C:\Nu Stable\Results\2023\20230515 clumped PREC 2 KDB NTA,20230515 clumped PREC 2 KDB NTA,Data_19611 ETH-3.txt,ETH-3,C:\Nu Stable\Analyses\DI\CO2 20-6-20 clumped NuCarb.rdf,Clumped CO2 Iterative,2023/05/15 13:46:11,2023/05/15 16:30:27,471,3,1.3854e-07,2.941455E-10,CF,23.437,5.700e-02,1,5.5732e-02,15584, InitialisePrepSampleRun; CheckIfCFRequired; UseCF; SampleTrapped; Chop_CF_SamSub; SampleTrapped; BalanceRefToSamValue; DepletingBalance; SampleReady;,3.7134e-08,1.0617e-07,5.3927e-08,5.4254e-08,5.4227e-08,5.4092e-08,0.96,2023/05/15 16:29:42,0.25,6735,8448,5.6999e-02,46.048,20,0.000,-2.5428e-13,-1.2076e-13,-1.2974e-13,-7.2361e-14,2.5499e-14,3.5468e-12,24.00,24.00,64.46,3.23594e-08,3.13716e-08,1.20337e-02,4.2622e-03,4.9850e-05,4.7564e-06,5.7270e-08,1.1981e-02,4.2124e-03,4.9066e-05,4.6457e-06,5.4884e-08,4.3960,11.8213,15.9714,23.8350,44.8967,1.3800,0.0010,0,60,5.8545,0.0026,0,60,-0.2409,0.0515,16.2665,
C:\Nu Stable\Results\2023\20230515 clumped PREC 2 KDB NTA,20230515 clumped PREC 2 KDB NTA,Data_19612 IAEA-C2.txt,IAEA-C2,C:\Nu Stable\Analyses\DI\CO2 20-6-20 clumped NuCarb.rdf,Clumped CO2 Iterative,2023/05/15 13:46:11,2023/05/15 17:52:19,418,4,1.2438e-07,2.975538E-10,CF,20.874,5.700e-02,1,5.5732e-02,15584, InitialisePrepSampleRun; CheckIfCFRequired; UseCF; SampleTrapped; Chop_CF_SamSub; SampleTrapped; BalanceRefToSamValue; DepletingBalance; SampleReady;,3.6378e-08,1.0613e-07,4.7585e-08,4.7821e-08,4.7780e-08,4.7680e-08,0.96,2023/05/15 17:51:33,0.21,7158,8448,5.6999e-02,46.051,20,0.000,-2.5348e-13,-1.2057e-13,-1.2945e-13,-7.2520e-14,2.5767e-14,3.5656e-12,23.00,24.00,64.46,2.90465e-08,2.81842e-08,1.19222e-02,4.2308e-03,4.9023e-05,4.6926e-06,5.2998e-08,1.1981e-02,4.2124e-03,4.9072e-05,4.6519e-06,5.2022e-08,-4.9013,4.3699,-1.0010,8.7319,15.7434,-8.2575,0.0011,0,60,-1.5405,0.0014,0,60,-0.2295,-0.0268,12.3427,
C:\Nu Stable\Results\2023\20230515 clumped PREC 2 KDB NTA,20230515 clumped PREC 2 KDB NTA,Data_19613 IAEA-C1.txt,IAEA-C1,C:\Nu Stable\Analyses\DI\CO2 20-6-20 clumped NuCarb.rdf,Clumped CO2 Iterative,2023/05/15 13:46:11,2023/05/15 19:14:10,483,5,1.5321e-07,3.172121E-10,CF,25.299,5.830e-02,1,5.6999e-02,15584, InitialisePrepSampleRun; CheckIfCFRequired; UseCF; SampleTrapped; Chop_CF_SamSub; SampleTrapped; BalanceRefToSamValue; DepletingBalance; SampleReady;,3.5670e-08,1.0629e-07,6.0341e-08,6.0478e-08,6.0444e-08,6.0385e-08,0.96,2023/05/15 19:13:25,0.10,6186,8448,5.8296e-02,46.048,20,0.000,-2.5512e-13,-1.2115e-13,-1.3013e-13,-7.1801e-14,2.6733e-14,3.6237e-12,25.00,25.00,64.46,3.55489e-08,3.44139e-08,1.20424e-02,4.2600e-03,4.9830e-05,4.7398e-06,3.0438e-08,1.1982e-02,4.2126e-03,4.9055e-05,4.6361e-06,2.8997e-08,5.0779,11.2436,15.7994,22.3749,53.6607,2.1256,0.0009,0,60,5.2781,0.0021,0,60,-0.5474,-0.2334,25.2024,
C:\Nu Stable\Results\2023\20230515 clumped PREC 2 KDB NTA,20230515 clumped PREC 2 KDB NTA,Data_19614 WS1_178_9_A.txt,WS1_178_9_A,C:\Nu Stable\Analyses\DI\CO2 20-6-20 clumped NuCarb.rdf,Clumped CO2 Iterative,2023/05/15 13:46:11,2023/05/15 20:36:01,439,6,1.4301e-07,3.257664E-10,CF,23.468,5.700e-02,1,5.6999e-02,15584, InitialisePrepSampleRun; CheckIfCFRequired; UseCF; SampleTrapped; Chop_CF_SamSub; SampleTrapped; BalanceRefToSamValue; DepletingBalance; SampleReady;,3.4958e-08,1.0615e-07,5.5644e-08,5.5860e-08,5.5818e-08,5.5702e-08,0.96,2023/05/15 20:35:16,0.21,6395,8446,5.6999e-02,46.051,20,0.000,-2.5585e-13,-1.2145e-13,-1.3043e-13,-7.2777e-14,2.5857e-14,3.5584e-12,24.00,24.00,64.46,3.31663e-08,3.21347e-08,1.20349e-02,4.2641e-03,4.9872e-05,4.7634e-06,6.8503e-08,1.1982e-02,4.2127e-03,4.9074e-05,4.6504e-06,6.5791e-08,4.4410,12.1868,16.2520,24.3015,39.6711,1.4153,0.0010,0,60,6.2181,0.0022,0,60,-0.3665,-0.2153,10.4180,
C:\Nu Stable\Results\2023\20230515 clumped PREC 2 KDB NTA,20230515 clumped PREC 2 KDB NTA,Data_19615 AU_LMW1_307_34.txt,AU_LMW1_307_34,C:\Nu Stable\Analyses\DI\CO2 20-6-20 clumped NuCarb.rdf,Clumped CO2 Iterative,2023/05/15 13:46:11,2023/05/15 21:57:53,1154,7,2.3257e-07,2.015341E-10,CF,36.346,5.830e-02,1,5.5732e-02,15584, InitialisePrepSampleRun; CheckIfCFRequired; UseCF; SampleTrapped; Chop_CF_SamSub; SampleTrapped; BalanceRefToSamValue; DepletingBalance; SampleReady;,3.4225e-08,1.0603e-07,9.5332e-08,9.4628e-08,9.4536e-08,9.4271e-08,0.96,2023/05/15 21:57:07,0.28,4643,8446,5.8296e-02,46.048,20,0.000,-2.5601e-13,-1.2145e-13,-1.3045e-13,-6.9401e-14,2.9415e-14,3.8660e-12,27.00,28.00,64.46,5.27901e-08,5.13116e-08,1.20747e-02,4.2514e-03,4.9859e-05,4.7203e-06,4.2239e-08,1.1981e-02,4.2117e-03,4.9025e-05,4.6339e-06,4.1309e-08,7.7747,9.4169,16.9985,18.6453,22.0825,5.0588,0.0215,0,60,3.4543,0.0245,0,60,-0.3492,-0.2719,-4.8228,
C:\Nu Stable\Results\2023\20230515 clumped PREC 2 KDB NTA,20230515 clumped PREC 2 KDB NTA,Data_19616 ST2_24_6_A.txt,ST2_24_6_A,C:\Nu Stable\Analyses\DI\CO2 20-6-20 clumped NuCarb.rdf,Clumped CO2 Iterative,2023/05/15 13:46:11,2023/05/15 23:19:33,455,8,1.4238e-07,3.129126E-10,CF,23.376,5.700e-02,1,5.5732e-02,15584, InitialisePrepSampleRun; CheckIfCFRequired; UseCF; SampleTrapped; Chop_CF_SamSub; SampleTrapped; BalanceRefToSamValue; DepletingBalance; SampleReady;,3.3329e-08,1.0643e-07,5.5412e-08,5.5578e-08,5.5539e-08,5.5407e-08,0.96,2023/05/15 23:18:47,0.24,6235,8448,5.6999e-02,46.046,20,0.000,-2.5615e-13,-1.2176e-13,-1.3078e-13,-7.2734e-14,2.5427e-14,3.6997e-12,24.00,24.00,64.46,3.29901e-08,3.20035e-08,1.20510e-02,4.2795e-03,5.0127e-05,4.8044e-06,7.1315e-08,1.1981e-02,4.2127e-03,4.9079e-05,4.6561e-06,6.7564e-08,5.8051,15.8642,21.3523,31.8372,52.8195,2.7404,0.0010,0,60,9.8748,0.0025,0,60,-0.3278,-0.1385,14.4588,
C:\Nu Stable\Results\2023\20230515 clumped PREC 2 KDB NTA,20230515 clumped PREC 2 KDB NTA,Data_19617 ETH-4.txt,ETH-4,C:\Nu Stable\Analyses\DI\CO2 20-6-20 clumped NuCarb.rdf,Clumped CO2 Iterative,2023/05/15 13:46:11,2023/05/16 00:41:21,484,9,1.5412e-07,3.184316E-10,CF,25.482,5.830e-02,1,5.5732e-02,15584, InitialisePrepSampleRun; CheckIfCFRequired; UseCF; SampleTrapped; Chop_CF_SamSub; SampleTrapped; BalanceRefToSamValue; DepletingBalance; SampleReady;,3.2572e-08,1.0639e-07,6.0742e-08,6.0802e-08,6.0746e-08,6.0599e-08,0.96,2023/05/16 00:40:35,0.24,5847,8448,5.8296e-02,46.048,20,0.000,-2.5641e-13,-1.2176e-13,-1.3075e-13,-7.2911e-14,2.6894e-14,3.6004e-12,25.00,25.00,64.46,3.56406e-08,3.45806e-08,1.18937e-02,4.1895e-03,4.8399e-05,4.5846e-06,3.0846e-08,1.1982e-02,4.2126e-03,4.9052e-05,4.6365e-06,3.1387e-08,-7.3330,-5.4710,-13.3222,-11.1945,-15.0304,-10.5041,0.0010,0,60,-11.3285,0.0013,0,60,-0.4275,-0.2857,3.4792,
C:\Nu Stable\Results\2023\20230515 clumped PREC 2 KDB NTA,20230515 clumped PREC 2 KDB NTA,Data_19618 ETH-3.txt,ETH-3,C:\Nu Stable\Analyses\DI\CO2 20-6-20 clumped NuCarb.rdf,Clumped CO2 Iterative,2023/05/15 13:46:11,2023/05/16 02:03:14,490,10,1.4808e-07,3.022028E-10,CF,24.689,5.700e-02,1,5.6999e-02,15584, InitialisePrepSampleRun; CheckIfCFRequired; UseCF; SampleTrapped; Chop_CF_SamSub; SampleTrapped; BalanceRefToSamValue; DepletingBalance; SampleReady;,3.1859e-08,1.0611e-07,5.7944e-08,5.8049e-08,5.7989e-08,5.7886e-08,0.96,2023/05/16 02:02:28,0.18,5932,8448,5.6999e-02,46.048,20,0.000,-2.5741e-13,-1.2219e-13,-1.3120e-13,-7.3376e-14,2.5409e-14,3.5977e-12,24.00,25.00,64.46,3.42460e-08,3.32058e-08,1.20347e-02,4.2626e-03,4.9856e-05,4.7596e-06,6.4995e-08,1.1982e-02,4.2128e-03,4.9071e-05,4.6498e-06,6.2131e-08,4.4167,11.8380,15.9839,23.6071,44.1441,1.4014,0.0012,0,60,5.8711,0.0020,0,60,-0.2661,-0.2041,15.4793,
C:\Nu Stable\Results\2023\20230515 clumped PREC 2 KDB NTA,20230515 clumped PREC 2 KDB NTA,Data_19619 WS1_175_2_A.txt,WS1_175_2_A,C:\Nu Stable\Analyses\DI\CO2 20-6-20 clumped NuCarb.rdf,Clumped CO2 Iterative,2023/05/15 13:46:11,2023/05/16 03:33:56,412,11,1.0657e-07,2.586549E-10,CF,17.731,5.700e-02,1,5.5732e-02,15584, InitialisePrepSampleRun; CheckIfCFRequired; UseCF; SampleTrapped; Chop_CF_SamSub; SampleTrapped; BalanceRefToSamValue; SampleReady; (BeamTooBig_RunningMisBalanced) ;,4.1949e-08,1.0610e-07,3.9699e-08,6.0802e-08,6.0746e-08,6.0599e-08,0.96,2023/05/16 03:32:59,-5.98,8398,8448,5.6999e-02,46.048,20,0.000,-2.5808e-13,-1.2251e-13,-1.3165e-13,-7.4460e-14,2.4015e-14,3.5289e-12,22.00,23.00,64.46,2.59578e-08,2.37504e-08,1.20462e-02,4.2683e-03,4.9976e-05,4.7694e-06,5.3515e-08,1.1982e-02,4.2130e-03,4.9080e-05,4.6469e-06,5.1001e-08,5.3905,13.1311,18.2685,26.3594,52.7393,2.3933,0.0015,0,60,7.1558,0.0028,0,60,-0.2755,-0.0732,20.2180,
C:\Nu Stable\Results\2023\20230515 clumped PREC 2 KDB NTA,20230515 clumped PREC 2 KDB NTA,Data_19620 WS2_9_2_A.txt,WS2_9_2_A,C:\Nu Stable\Analyses\DI\CO2 20-6-20 clumped NuCarb.rdf,Clumped CO2 Iterative,2023/05/15 13:46:11,2023/05/16 04:56:09,402,12,1.2968e-07,3.225961E-10,CF,21.423,5.700e-02,1,5.5732e-02,15584, InitialisePrepSampleRun; CheckIfCFRequired; UseCF; SampleTrapped; Chop_CF_SamSub; SampleTrapped; BalanceRefToSamValue; DepletingBalance; SampleReady;,4.1346e-08,1.0638e-07,4.9639e-08,4.9456e-08,4.9432e-08,4.9323e-08,0.96,2023/05/16 04:55:23,0.22,7560,8447,5.6999e-02,46.051,20,0.000,-2.5770e-13,-1.2227e-13,-1.3141e-13,-7.4099e-14,2.3693e-14,3.5718e-12,23.00,24.00,64.46,2.98610e-08,2.89511e-08,1.20439e-02,4.2687e-03,4.9965e-05,4.7680e-06,5.7307e-08,1.1982e-02,4.2131e-03,4.9076e-05,4.6457e-06,5.4436e-08,5.1562,13.2116,18.1128,26.3402,52.6249,2.1412,0.0009,0,60,7.2364,0.0019,0,60,-0.2665,-0.2508,20.2007,
C:\Nu Stable\Results\2023\20230515 clumped PREC 2 KDB NTA,20230515 clumped PREC 2 KDB NTA,Data_19621 SB1_102_A.txt,SB1_102_A,C:\Nu Stable\Analyses\DI\CO2 20-6-20 clumped NuCarb.rdf,Clumped CO2 Iterative,2023/05/15 13:46:11,2023/05/16 06:17:54,520,13,1.5855e-07,3.049108E-10,CF,26.123,5.830e-02,1,5.6999e-02,15584, InitialisePrepSampleRun; CheckIfCFRequired; UseCF; SampleTrapped; Chop_CF_SamSub; SampleTrapped; BalanceRefToSamValue; DepletingBalance; SampleReady;,4.0591e-08,1.0613e-07,6.2667e-08,6.2886e-08,6.2825e-08,6.2700e-08,0.96,2023/05/16 06:17:08,0.20,6523,8446,5.8296e-02,46.053,20,0.000,-2.5808e-13,-1.2251e-13,-1.3167e-13,-7.3335e-14,2.5338e-14,3.6755e-12,25.00,25.00,64.46,3.66961e-08,3.55763e-08,1.20537e-02,4.2866e-03,5.0204e-05,4.8077e-06,4.7400e-08,1.1983e-02,4.2132e-03,4.9074e-05,4.6453e-06,4.5178e-08,5.9155,17.4302,23.0255,34.9639,51.8209,2.8040,0.0009,0,60,11.4329,0.0026,0,60,-0.3198,-0.1934,10.3118,
C:\Nu Stable\Results\2023\20230515 clumped PREC 2 KDB NTA,20230515 clumped PREC 2 KDB NTA,Data_19622 ETH-2.txt,ETH-2,C:\Nu Stable\Analyses\DI\CO2 20-6-20 clumped NuCarb.rdf,Clumped CO2 Iterative,2023/05/15 13:46:11,2023/05/16 07:40:03,453,14,1.1384e-07,2.513048E-10,CF,19.012,5.962e-02,1,5.3281e-02,15616, InitialisePrepSampleRun; CheckIfCFRequired; UseCF; SampleTrapped; Chop_CF_SamSub; SampleTrapped; BalanceRefToSamValue; DepletingBalance; SampleReady;,3.9711e-08,1.0603e-07,4.2708e-08,4.2799e-08,4.2778e-08,4.2682e-08,0.96,2023/05/16 07:39:17,0.22,8027,8446,5.9621e-02,46.051,20,0.000,-2.5796e-13,-1.2249e-13,-1.3141e-13,-7.4455e-14,2.3639e-14,3.5307e-12,23.00,23.00,64.46,2.63901e-08,2.55894e-08,1.18958e-02,4.1907e-03,4.8421e-05,4.5936e-06,3.2813e-08,1.1982e-02,4.2129e-03,4.9068e-05,4.6436e-06,3.3049e-08,-7.1843,-5.2691,-13.1958,-10.7586,-18.5879,-10.3528,0.0011,0,60,-11.1278,0.0014,0,60,-0.6535,-0.2509,-0.7029,
C:\Nu Stable\Results\2023\20230515 clumped PREC 2 KDB NTA,20230515 clumped PREC 2 KDB NTA,Data_19623 ETH-1.txt,ETH-1,C:\Nu Stable\Analyses\DI\CO2 20-6-20 clumped NuCarb.rdf,Clumped CO2 Iterative,2023/05/15 13:46:11,2023/05/16 09:01:40,484,15,1.3987e-07,2.889934E-10,CF,23.529,5.962e-02,1,5.2096e-02,15616, InitialisePrepSampleRun; CheckIfCFRequired; UseCF; SampleTrapped; Chop_CF_SamSub; SampleTrapped; BalanceRefToSamValue; DepletingBalance; SampleReady;,3.9089e-08,1.0620e-07,5.4098e-08,5.4471e-08,5.4429e-08,5.4324e-08,0.96,2023/05/16 09:00:55,0.19,6933,8444,5.9621e-02,46.048,20,0.000,-2.5828e-13,-1.2251e-13,-1.3172e-13,-7.4270e-14,2.3675e-14,3.5942e-12,24.00,24.00,64.46,3.24047e-08,3.14078e-08,1.20380e-02,4.2605e-03,4.9833e-05,4.7587e-06,7.7268e-08,1.1982e-02,4.2130e-03,4.9082e-05,4.6539e-06,7.4970e-08,4.6656,11.2722,15.2992,22.5017,32.5599,1.6859,0.0010,0,60,5.3075,0.0022,0,60,-0.6450,-0.1660,5.0539,
C:\Nu Stable\Results\2023\20230515 clumped PREC 2 KDB NTA,20230515 clumped PREC 2 KDB NTA,Data_19624 WS4_41_6_A.txt,WS4_41_6_A,C:\Nu Stable\Analyses\DI\CO2 20-6-20 clumped NuCarb.rdf,Clumped CO2 Iterative,2023/05/15 13:46:11,2023/05/16 10:24:19,440,16,1.1773e-07,2.675677E-10,CF,20.264,5.962e-02,1,5.5732e-02,15584, InitialisePrepSampleRun; CheckIfCFRequired; UseCF; SampleTrapped; Chop_CF_SamSub; SampleTrapped; BalanceRefToSamValue; DepletingBalance; SampleReady;,3.8315e-08,1.0640e-07,4.4423e-08,4.4110e-08,4.4087e-08,4.3996e-08,0.96,2023/05/16 10:23:34,0.21,7727,8448,5.9621e-02,46.046,20,0.000,-2.5781e-13,-1.2234e-13,-1.3146e-13,-7.4265e-14,2.3586e-14,3.5074e-12,23.00,23.00,64.46,2.70621e-08,2.62206e-08,1.20635e-02,4.2793e-03,5.0166e-05,4.7890e-06,4.3655e-08,1.1982e-02,4.2130e-03,4.9071e-05,4.6424e-06,4.1138e-08,6.8335,15.7396,22.3045,31.5825,66.7554,3.8392,0.0010,0,60,9.7485,0.0021,0,60,-0.3283,-0.1400,27.0177,
C:\Nu Stable\Results\2023\20230515 clumped PREC 2 KDB NTA,20230515 clumped PREC 2 KDB NTA,Data_19625 AU_LMW1_307_34.txt,AU_LMW1_307_34,C:\Nu Stable\Analyses\DI\CO2 20-6-20 clumped NuCarb.rdf,Clumped CO2 Iterative,2023/05/15 13:46:11,2023/05/16 11:48:13,1256,17,2.8390e-07,2.260377E-10,CF,44.342,5.962e-02,2,5.2096e-02,15584, InitialisePrepSampleRun; CheckIfCFRequired; UseCF; SampleTrapped; Chop_CF_SamSub; SampleTrapped; Chop_CF_SamSub; SampleTrapped; BalanceRefToSamValue; DepletingBalance; SampleReady;,3.7692e-08,1.0606e-07,4.4515e-08,4.4285e-08,4.4255e-08,4.4187e-08,0.96,2023/05/16 11:47:27,0.15,7628,8448,8.7381e-02,46.046,20,0.000,-2.5695e-13,-1.2212e-13,-1.3115e-13,-7.1370e-14,2.4945e-14,3.5647e-12,23.00,23.00,64.46,2.71444e-08,2.62792e-08,1.20741e-02,4.2520e-03,5.0022e-05,4.8449e-06,2.9524e-07,1.1981e-02,4.2125e-03,4.9183e-05,4.7539e-06,2.8339e-07,7.7826,9.3718,17.0468,19.1480,38.6406,5.0687,0.0012,0,60,3.4095,0.0018,0,60,-0.2657,0.3108,11.3853,
C:\Nu Stable\Results\2023\20230515 clumped PREC 2 KDB NTA,20230515 clumped PREC 2 KDB NTA,Data_19626 WS4_49_3_A.txt,WS4_49_3_A,C:\Nu Stable\Analyses\DI\CO2 20-6-20 clumped NuCarb.rdf,Clumped CO2 Iterative,2023/05/15 13:46:11,2023/05/16 13:10:21,475,18,1.4830e-07,3.122162E-10,CF,24.841,5.700e-02,1,5.4493e-02,15552, InitialisePrepSampleRun; CheckIfCFRequired; UseCF; SampleTrapped; Chop_CF_SamSub; SampleTrapped; BalanceRefToSamValue; DepletingBalance; SampleReady;,3.6887e-08,1.0681e-07,5.8280e-08,5.8499e-08,5.8459e-08,5.8321e-08,0.96,2023/05/16 13:09:35,0.24,6431,8448,5.6999e-02,46.048,20,0.000,-2.5033e-13,-1.1896e-13,-1.2766e-13,-7.0011e-14,2.8914e-14,3.6076e-12,24.00,25.00,64.46,3.44838e-08,3.34280e-08,1.20577e-02,4.2728e-03,5.0040e-05,4.7551e-06,9.6949e-10,1.1981e-02,4.2124e-03,4.9037e-05,4.6222e-06,1.1313e-09,6.4057,14.3399,20.4510,28.7631,49.6189,3.4321,0.0011,0,60,8.3565,0.0023,0,60,-0.3478,-0.1188,13.7232,
C:\Nu Stable\Results\2023\20230515 clumped PREC 2 KDB NTA,20230515 clumped PREC 2 KDB NTA,Data_19627 ETH-3.txt,ETH-3,C:\Nu Stable\Analyses\DI\CO2 20-6-20 clumped NuCarb.rdf,Clumped CO2 Iterative,2023/05/15 13:46:11,2023/05/16 14:32:08,472,19,1.4465e-07,3.064519E-10,CF,23.529,5.700e-02,1,5.5732e-02,15584, InitialisePrepSampleRun; CheckIfCFRequired; UseCF; SampleTrapped; Chop_CF_SamSub; SampleTrapped; BalanceRefToSamValue; DepletingBalance; SampleReady;,3.6167e-08,1.0668e-07,5.6486e-08,5.6707e-08,5.6668e-08,5.6545e-08,0.96,2023/05/16 14:31:23,0.22,6475,8448,5.6999e-02,46.051,20,0.000,-2.5344e-13,-1.2029e-13,-1.2921e-13,-7.1642e-14,2.8020e-14,3.5968e-12,24.00,25.00,64.46,3.34969e-08,3.25045e-08,1.20340e-02,4.2623e-03,4.9836e-05,4.7408e-06,2.1548e-08,1.1981e-02,4.2125e-03,4.9054e-05,4.6314e-06,2.1147e-08,4.4063,11.8253,15.9371,23.5980,183.7708,1.3908,0.0011,0,60,5.8585,0.0015,0,60,-0.2891,-0.1879,151.3124,
C:\Nu Stable\Results\2023\20230515 clumped PREC 2 KDB NTA,20230515 clumped PREC 2 KDB NTA,Data_19628 IAEA-C2.txt,IAEA-C2,C:\Nu Stable\Analyses\DI\CO2 20-6-20 clumped NuCarb.rdf,Clumped CO2 Iterative,2023/05/15 13:46:11,2023/05/16 16:35:44,406,20,1.0971e-07,2.702263E-10,CF,18.890,5.830e-02,1,5.5732e-02,15584, InitialisePrepSampleRun; CheckIfCFRequired; UseCF; SampleTrapped; Chop_CF_SamSub; SampleTrapped; BalanceRefToSamValue; DepletingBalance; SampleReady;,3.5385e-08,1.0633e-07,4.1093e-08,4.0822e-08,4.0800e-08,4.0713e-08,0.96,2023/05/16 16:34:59,0.21,7715,8448,5.8296e-02,46.048,20,0.000,-2.5565e-13,-1.2147e-13,-1.3048e-13,-7.4651e-14,2.4247e-14,3.2714e-12,22.00,23.00,64.46,2.53246e-08,2.45789e-08,1.19217e-02,4.2307e-03,4.9027e-05,4.6908e-06,5.7729e-08,1.1980e-02,4.2125e-03,4.9078e-05,4.6502e-06,5.7192e-08,-4.9072,4.3315,-1.0340,8.7080,8.0191,-8.2624,0.0011,0,60,-1.5787,0.0018,0,60,-0.2188,0.0260,4.7259,
C:\Nu Stable\Results\2023\20230515 clumped PREC 2 KDB NTA,20230515 clumped PREC 2 KDB NTA,Data_19629 ST2_29_A.txt,ST2_29_A,C:\Nu Stable\Analyses\DI\CO2 20-6-20 clumped NuCarb.rdf,Clumped CO2 Iterative,2023/05/15 13:46:11,2023/05/16 18:06:22,403,21,1.0970e-07,2.722033E-10,CF,18.799,5.700e-02,1,5.6999e-02,15584, InitialisePrepSampleRun; CheckIfCFRequired; UseCF; SampleTrapped; Chop_CF_SamSub; SampleTrapped; BalanceRefToSamValue; SampleReady; (BeamTooBig_RunningMisBalanced) ;,4.2018e-08,1.0657e-07,4.1155e-08,5.6707e-08,5.6668e-08,5.6545e-08,0.96,2023/05/16 18:05:24,-2.62,8396,8448,5.6999e-02,46.051,20,0.000,-2.5646e-13,-1.2185e-13,-1.3083e-13,-7.4147e-14,2.4086e-14,3.4002e-12,23.00,23.00,64.46,2.59672e-08,2.45475e-08,1.20603e-02,4.2873e-03,5.0249e-05,4.8095e-06,4.3314e-08,1.1981e-02,4.2128e-03,4.9068e-05,4.6439e-06,3.9845e-08,6.6113,17.7021,24.0660,35.6779,84.4405,3.5351,0.0011,0,60,11.7020,0.0026,0,60,-0.2788,-0.0383,40.3312,
C:\Nu Stable\Results\2023\20230515 clumped PREC 2 KDB NTA,20230515 clumped PREC 2 KDB NTA,Data_19630 WS4_25_8_A.txt,WS4_25_8_A,C:\Nu Stable\Analyses\DI\CO2 20-6-20 clumped NuCarb.rdf,Clumped CO2 Iterative,2023/05/15 13:46:11,2023/05/16 19:28:17,492,22,1.5982e-07,3.248443E-10,CF,27.038,5.700e-02,1,5.5732e-02,15584, InitialisePrepSampleRun; CheckIfCFRequired; UseCF; SampleTrapped; Chop_CF_SamSub; SampleTrapped; BalanceRefToSamValue; DepletingBalance; SampleReady;,4.1406e-08,1.0657e-07,6.3745e-08,6.3945e-08,6.3910e-08,6.3751e-08,0.96,2023/05/16 19:27:31,0.25,6534,8447,5.6999e-02,46.053,20,0.000,-2.5614e-13,-1.2178e-13,-1.3073e-13,-7.2500e-14,2.5839e-14,3.5611e-12,25.00,25.00,64.46,3.71802e-08,3.60929e-08,1.20242e-02,4.2698e-03,4.9880e-05,4.7680e-06,3.9812e-08,1.1982e-02,4.2128e-03,4.9062e-05,4.6423e-06,3.8393e-08,3.5081,13.5347,16.6692,27.0637,107.1309,0.3759,0.0010,0,60,7.5616,0.0023,0,60,-0.3082,-0.1840,74.2303,
C:\Nu Stable\Results\2023\20230515 clumped PREC 2 KDB NTA,20230515 clumped PREC 2 KDB NTA,Data_19631 SB1_50_A.txt,SB1_50_A,C:\Nu Stable\Analyses\DI\CO2 20-6-20 clumped NuCarb.rdf,Clumped CO2 Iterative,2023/05/15 13:46:11,2023/05/16 21:31:43,505,23,1.7521e-07,3.46945E-10,CF,28.808,5.830e-02,1,5.5732e-02,15584, InitialisePrepSampleRun; CheckIfCFRequired; UseCF; SampleTrapped; Chop_CF_SamSub; SampleTrapped; BalanceRefToSamValue; DepletingBalance; SampleReady;,4.0526e-08,1.0654e-07,7.0479e-08,7.0601e-08,7.0562e-08,7.0389e-08,0.96,2023/05/16 21:30:58,0.24,6103,8446,5.8296e-02,46.046,20,0.000,-2.5761e-13,-1.2233e-13,-1.3125e-13,-7.2874e-14,2.5195e-14,3.5718e-12,25.00,26.00,64.46,4.05266e-08,3.93102e-08,1.20646e-02,4.2840e-03,5.0216e-05,4.8094e-06,6.7091e-08,1.1982e-02,4.2127e-03,4.9060e-05,4.6519e-06,6.4241e-08,6.8968,16.9141,23.5594,33.8640,44.2263,3.8661,0.0011,0,60,10.9172,0.0028,0,60,-0.3035,-0.2421,2.9783,
C:\Nu Stable\Results\2023\20230515 clumped PREC 2 KDB NTA,20230515 clumped PREC 2 KDB NTA,Data_19632 ETH-4.txt,ETH-4,C:\Nu Stable\Analyses\DI\CO2 20-6-20 clumped NuCarb.rdf,Clumped CO2 Iterative,2023/05/15 13:46:11,2023/05/16 22:53:48,499,24,1.6235e-07,3.253454E-10,CF,27.222,5.830e-02,1,5.5732e-02,15584, InitialisePrepSampleRun; CheckIfCFRequired; UseCF; SampleTrapped; Chop_CF_SamSub; SampleTrapped; BalanceRefToSamValue; DepletingBalance; SampleReady;,3.9613e-08,1.0646e-07,6.4633e-08,6.4781e-08,6.4739e-08,6.4581e-08,0.96,2023/05/16 22:53:02,0.24,6323,8446,5.8296e-02,46.048,20,0.000,-2.5632e-13,-1.2177e-13,-1.3080e-13,-7.2377e-14,2.7216e-14,3.6621e-12,25.00,25.00,64.46,3.76001e-08,3.64456e-08,1.18938e-02,4.1895e-03,4.8400e-05,4.5877e-06,3.2217e-08,1.1982e-02,4.2126e-03,4.9056e-05,4.6393e-06,3.3335e-08,-7.3466,-5.4964,-13.3704,-11.1077,-11.3171,-10.5177,0.0010,0,60,-11.3537,0.0013,0,60,-0.4371,-0.1468,7.3286,
C:\Nu Stable\Results\2023\20230515 clumped PREC 2 KDB NTA,20230515 clumped PREC 2 KDB NTA,Data_19633 ETH-2.txt,ETH-2,C:\Nu Stable\Analyses\DI\CO2 20-6-20 clumped NuCarb.rdf,Clumped CO2 Iterative,2023/05/15 13:46:11,2023/05/17 00:16:04,556,25,1.7720e-07,3.187077E-10,CF,28.961,5.962e-02,1,5.6999e-02,15584, InitialisePrepSampleRun; CheckIfCFRequired; UseCF; SampleTrapped; Chop_CF_SamSub; SampleTrapped; BalanceRefToSamValue; DepletingBalance; SampleReady;,3.8755e-08,1.0678e-07,7.1531e-08,7.1576e-08,7.1509e-08,7.1361e-08,0.96,2023/05/17 00:15:18,0.21,5903,8446,5.9621e-02,46.051,20,0.000,-2.5728e-13,-1.2220e-13,-1.3133e-13,-7.2187e-14,2.6876e-14,3.7372e-12,26.00,26.00,64.46,4.10118e-08,3.97975e-08,1.18957e-02,4.1903e-03,4.8417e-05,4.6001e-06,6.4961e-08,1.1982e-02,4.2126e-03,4.9065e-05,4.6497e-06,6.5068e-08,-7.2063,-5.3035,-13.2180,-10.6598,-2.9271,-10.3750,0.0010,0,60,-11.1621,0.0014,0,60,-0.6191,-0.0819,15.3363,
C:\Nu Stable\Results\2023\20230515 clumped PREC 2 KDB NTA,20230515 clumped PREC 2 KDB NTA,Data_19634 SB1_119_A.txt,SB1_119_A,C:\Nu Stable\Analyses\DI\CO2 20-6-20 clumped NuCarb.rdf,Clumped CO2 Iterative,2023/05/15 13:46:11,2023/05/17 01:37:47,439,26,1.4379e-07,3.275316E-10,CF,23.773,5.830e-02,1,5.6999e-02,15616, InitialisePrepSampleRun; CheckIfCFRequired; UseCF; SampleTrapped; Chop_CF_SamSub; SampleTrapped; BalanceRefToSamValue; DepletingBalance; SampleReady;,3.7863e-08,1.0681e-07,5.6118e-08,5.6444e-08,5.6408e-08,5.6291e-08,0.96,2023/05/17 01:37:01,0.21,6673,8446,5.8296e-02,46.048,20,0.000,-2.5614e-13,-1.2165e-13,-1.3079e-13,-7.2733e-14,2.6751e-14,3.6210e-12,24.00,25.00,64.03,3.33658e-08,3.23717e-08,1.20550e-02,4.2738e-03,5.0057e-05,4.7715e-06,3.5979e-08,1.1982e-02,4.2129e-03,4.9061e-05,4.6374e-06,3.4416e-08,6.1103,14.4637,20.2954,28.9239,45.2224,3.1134,0.0012,0,60,8.4804,0.0025,0,60,-0.3180,-0.2066,9.5487,
C:\Nu Stable\Results\2023\20230515 clumped PREC 2 KDB NTA,20230515 clumped PREC 2 KDB NTA,Data_19635 AU_LMW1_307_34.txt,AU_LMW1_307_34,C:\Nu Stable\Analyses\DI\CO2 20-6-20 clumped NuCarb.rdf,Clumped CO2 Iterative,2023/05/15 13:46:11,2023/05/17 02:59:52,909,27,1.7404e-07,1.914625E-10,CF,28.656,5.830e-02,1,5.5732e-02,15616, InitialisePrepSampleRun; CheckIfCFRequired; UseCF; SampleTrapped; Chop_CF_SamSub; SampleTrapped; BalanceRefToSamValue; DepletingBalance; SampleReady;,3.7207e-08,1.0611e-07,6.9822e-08,6.9872e-08,6.9809e-08,6.9655e-08,0.96,2023/05/17 02:59:06,0.22,5841,8446,5.8296e-02,46.051,20,0.000,-2.5632e-13,-1.2166e-13,-1.3082e-13,-7.1919e-14,2.6715e-14,3.6934e-12,25.00,26.00,63.82,4.01230e-08,3.88864e-08,1.20754e-02,4.2524e-03,4.9912e-05,4.7425e-06,7.6615e-08,1.1982e-02,4.2127e-03,4.9075e-05,4.6545e-06,7.4387e-08,7.7823,9.4242,17.0620,18.8909,32.5775,5.0666,0.0012,0,60,3.4616,0.0023,0,60,-0.3015,-0.0453,5.3789,
C:\Nu Stable\Results\2023\20230515 clumped PREC 2 KDB NTA,20230515 clumped PREC 2 KDB NTA,Data_19636 WS2_7_3_A.txt,WS2_7_3_A,C:\Nu Stable\Analyses\DI\CO2 20-6-20 clumped NuCarb.rdf,Clumped CO2 Iterative,2023/05/15 13:46:11,2023/05/17 04:21:39,487,28,1.5572e-07,3.197438E-10,CF,25.818,5.830e-02,1,5.6999e-02,15616, InitialisePrepSampleRun; CheckIfCFRequired; UseCF; SampleTrapped; Chop_CF_SamSub; SampleTrapped; BalanceRefToSamValue; DepletingBalance; SampleReady;,3.6276e-08,1.0613e-07,6.1633e-08,6.1802e-08,6.1769e-08,6.1604e-08,0.96,2023/05/17 04:20:53,0.27,6189,8448,5.8296e-02,46.048,20,0.000,-2.5457e-13,-1.2095e-13,-1.2993e-13,-7.1787e-14,2.7752e-14,3.6675e-12,25.00,25.00,63.82,3.60508e-08,3.50057e-08,1.20338e-02,4.2563e-03,4.9761e-05,4.7327e-06,2.7932e-08,1.1982e-02,4.2127e-03,4.9056e-05,4.6370e-06,2.7080e-08,4.3461,10.3632,14.3664,20.6437,96.5403,1.3772,0.0010,0,60,4.4036,0.0019,0,60,-0.3515,-0.1862,69.5816,
C:\Nu Stable\Results\2023\20230515 clumped PREC 2 KDB NTA,20230515 clumped PREC 2 KDB NTA,Data_19637 ETH-4.txt,ETH-4,C:\Nu Stable\Analyses\DI\CO2 20-6-20 clumped NuCarb.rdf,Clumped CO2 Iterative,2023/05/15 13:46:11,2023/05/17 05:43:34,434,29,1.2929e-07,2.979107E-10,CF,21.789,5.830e-02,1,5.6999e-02,15616, InitialisePrepSampleRun; CheckIfCFRequired; UseCF; SampleTrapped; Chop_CF_SamSub; SampleTrapped; BalanceRefToSamValue; DepletingBalance; SampleReady;,3.5618e-08,1.0619e-07,4.9535e-08,4.9906e-08,4.9862e-08,4.9768e-08,0.96,2023/05/17 05:42:48,0.19,6906,8448,5.8296e-02,46.051,20,0.000,-2.5624e-13,-1.2175e-13,-1.3079e-13,-7.3081e-14,2.5177e-14,3.5575e-12,24.00,24.00,63.82,3.00039e-08,2.91231e-08,1.18938e-02,4.1897e-03,4.8417e-05,4.5936e-06,4.0227e-08,1.1982e-02,4.2128e-03,4.9073e-05,4.6449e-06,4.1272e-08,-7.3463,-5.4872,-13.3652,-11.0627,-25.8394,-10.5177,0.0012,0,60,-11.3446,0.0016,0,60,-0.4411,-0.1198,-7.4860,
C:\Nu Stable\Results\2023\20230515 clumped PREC 2 KDB NTA,20230515 clumped PREC 2 KDB NTA,Data_19638 IAEA-C2.txt,IAEA-C2,C:\Nu Stable\Analyses\DI\CO2 20-6-20 clumped NuCarb.rdf,Clumped CO2 Iterative,2023/05/15 13:46:11,2023/05/17 07:05:44,440,30,1.2934e-07,2.93962E-10,CF,21.759,5.962e-02,1,5.6999e-02,15616, InitialisePrepSampleRun; CheckIfCFRequired; UseCF; SampleTrapped; Chop_CF_SamSub; SampleTrapped; BalanceRefToSamValue; DepletingBalance; SampleReady;,3.4937e-08,1.0655e-07,4.9441e-08,4.9783e-08,4.9737e-08,4.9637e-08,0.96,2023/05/17 07:04:59,0.20,6835,8448,5.9621e-02,46.048,20,0.000,-2.5618e-13,-1.2184e-13,-1.3095e-13,-7.3514e-14,2.5374e-14,3.5870e-12,23.00,24.00,63.82,2.99545e-08,2.90390e-08,1.19229e-02,4.2313e-03,4.9017e-05,4.6805e-06,1.8256e-08,1.1982e-02,4.2129e-03,4.9067e-05,4.6396e-06,1.9642e-08,-4.8944,4.3692,-1.0143,8.8146,54.5094,-8.2501,0.0063,0,60,-1.5412,0.0054,0,60,-0.2493,0.0566,50.9796,
C:\Nu Stable\Results\2023\20230515 clumped PREC 2 KDB NTA,20230515 clumped PREC 2 KDB NTA,Data_19639 ST2_21_6_A.txt,ST2_21_6_A,C:\Nu Stable\Analyses\DI\CO2 20-6-20 clumped NuCarb.rdf,Clumped CO2 Iterative,2023/05/15 13:46:11,2023/05/17 08:36:59,421,31,1.0844e-07,2.575793E-10,CF,18.127,5.962e-02,1,5.8296e-02,15648, InitialisePrepSampleRun; CheckIfCFRequired; UseCF; SampleTrapped; Chop_CF_SamSub; SampleTrapped; BalanceRefToSamValue; SampleReady; (BeamTooBig_RunningMisBalanced) ;,4.2705e-08,1.0662e-07,4.0454e-08,4.9906e-08,4.9862e-08,4.9768e-08,0.96,2023/05/17 08:36:02,-5.86,8398,8448,5.9621e-02,46.046,20,0.000,-2.5817e-13,-1.2271e-13,-1.3171e-13,-7.4757e-14,2.3299e-14,3.4359e-12,22.00,23.00,63.82,2.62508e-08,2.40760e-08,1.20619e-02,4.2760e-03,5.0137e-05,4.7994e-06,6.7302e-08,1.1981e-02,4.2128e-03,4.9079e-05,4.6573e-06,6.2732e-08,6.7401,15.0163,21.5552,30.5038,73.3266,3.7647,0.0015,0,60,9.0289,0.0030,0,60,-0.2649,0.2384,34.8960,
C:\Nu Stable\Results\2023\20230515 clumped PREC 2 KDB NTA,20230515 clumped PREC 2 KDB NTA,Data_19640 WS4_44_2_A.txt,WS4_44_2_A,C:\Nu Stable\Analyses\DI\CO2 20-6-20 clumped NuCarb.rdf,Clumped CO2 Iterative,2023/05/15 13:46:11,2023/05/17 09:59:00,470,32,1.5509e-07,3.299795E-10,CF,25.879,5.830e-02,1,5.8296e-02,15616, InitialisePrepSampleRun; CheckIfCFRequired; UseCF; SampleTrapped; Chop_CF_SamSub; SampleTrapped; BalanceRefToSamValue; DepletingBalance; SampleReady;,4.2011e-08,1.0642e-07,6.1339e-08,6.1601e-08,6.1540e-08,6.1441e-08,0.96,2023/05/17 09:58:15,0.16,6741,8446,5.8296e-02,46.043,20,0.000,-2.5722e-13,-1.2244e-13,-1.3132e-13,-7.2978e-14,2.6232e-14,3.6174e-12,25.00,25.00,63.82,3.59338e-08,3.48440e-08,1.20634e-02,4.2858e-03,5.0242e-05,4.8174e-06,5.8309e-08,1.1982e-02,4.2127e-03,4.9069e-05,4.6567e-06,5.5586e-08,6.8255,17.3290,23.9104,34.5333,56.5440,3.7760,0.0012,0,60,11.3302,0.0022,0,60,-0.2892,-0.4106,14.0716,
C:\Nu Stable\Results\2023\20230515 clumped PREC 2 KDB NTA,20230515 clumped PREC 2 KDB NTA,Data_19641 ST2_25_5_A.txt,ST2_25_5_A,C:\Nu Stable\Analyses\DI\CO2 20-6-20 clumped NuCarb.rdf,Clumped CO2 Iterative,2023/05/15 13:46:11,2023/05/17 11:21:15,490,33,1.6075e-07,3.280543E-10,CF,26.764,5.962e-02,1,5.6999e-02,15616, InitialisePrepSampleRun; CheckIfCFRequired; UseCF; SampleTrapped; Chop_CF_SamSub; SampleTrapped; BalanceRefToSamValue; DepletingBalance; SampleReady;,4.1090e-08,1.0674e-07,6.3782e-08,6.3980e-08,6.3924e-08,6.3789e-08,0.96,2023/05/17 11:20:30,0.21,6516,8446,5.9621e-02,46.046,20,0.000,-2.5590e-13,-1.2171e-13,-1.3063e-13,-7.1726e-14,2.7466e-14,3.6889e-12,25.00,25.00,63.82,3.71414e-08,3.59760e-08,1.20522e-02,4.2819e-03,5.0121e-05,4.7877e-06,3.5335e-09,1.1982e-02,4.2126e-03,4.9041e-05,4.6355e-06,3.2143e-09,5.8872,16.4277,22.0181,32.8210,-129.7524,2.8083,0.0012,0,60,10.4354,0.0025,0,60,-0.3059,-0.2946,-162.4482,
C:\Nu Stable\Results\2023\20230515 clumped PREC 2 KDB NTA,20230515 clumped PREC 2 KDB NTA,Data_19642 ETH-4.txt,ETH-4,C:\Nu Stable\Analyses\DI\CO2 20-6-20 clumped NuCarb.rdf,Clumped CO2 Iterative,2023/05/15 13:46:11,2023/05/17 12:43:51,417,34,1.1834e-07,2.837794E-10,CF,20.416,5.962e-02,1,5.6999e-02,15616, InitialisePrepSampleRun; CheckIfCFRequired; UseCF; SampleTrapped; Chop_CF_SamSub; SampleTrapped; BalanceRefToSamValue; DepletingBalance; SampleReady;,4.0268e-08,1.0632e-07,4.4528e-08,4.4628e-08,4.4592e-08,4.4506e-08,0.96,2023/05/17 12:43:05,0.19,7909,8446,5.9621e-02,46.046,20,0.000,-2.5787e-13,-1.2231e-13,-1.3154e-13,-7.4378e-14,2.4802e-14,3.5620e-12,23.00,23.00,63.82,2.72582e-08,2.63771e-08,1.18932e-02,4.1897e-03,4.8426e-05,4.6070e-06,6.5738e-08,1.1981e-02,4.2127e-03,4.9079e-05,4.6574e-06,6.4840e-08,-7.3370,-5.4477,-13.2928,-10.8155,15.9447,-10.5091,0.0011,0,60,-11.3053,0.0014,0,60,-0.4166,0.0507,34.9939,
C:\Nu Stable\Results\2023\20230515 clumped PREC 2 KDB NTA,20230515 clumped PREC 2 KDB NTA,Data_19643 ETH-3.txt,ETH-3,C:\Nu Stable\Analyses\DI\CO2 20-6-20 clumped NuCarb.rdf,Clumped CO2 Iterative,2023/05/15 13:46:11,2023/05/17 14:15:23,418,35,8.3989e-08,2.009295E-10,CF,14.740,5.962e-02,0,5.8296e-02,15616, InitialisePrepSampleRun; CheckIfCFRequired; UseCF; SampleTrapped; BalanceRefToSamValue; DepletingBalance; SampleReady;,3.9564e-08,1.0614e-07,8.0606e-08,5.8135e-08,5.8051e-08,5.8067e-08,0.96,2023/05/17 14:14:37,-0.03,6781,8444,5.9621e-02,46.048,20,0.000,-2.5799e-13,-1.2226e-13,-1.3133e-13,-7.3080e-14,2.5767e-14,3.6863e-12,34.00,34.00,63.82,2.57722e-08,2.40058e-08,1.20340e-02,4.2625e-03,4.9839e-05,4.7465e-06,2.5242e-08,1.1981e-02,4.2126e-03,4.9055e-05,4.6366e-06,2.5705e-08,4.4084,11.8277,15.9828,23.6970,-48.0777,1.3930,0.0013,0,60,5.8609,0.0040,0,60,-0.2488,-0.0960,-74.1883,
C:\Nu Stable\Results\2023\20230515 clumped PREC 2 KDB NTA,20230515 clumped PREC 2 KDB NTA,Data_19645 AU_LMW1_307_34.txt,AU_LMW1_307_34,C:\Nu Stable\Analyses\DI\CO2 20-6-20 clumped NuCarb.rdf,Clumped CO2 Iterative,2023/05/17 18:10:51,2023/05/17 18:10:51,1160,37,2.6899e-07,2.318918E-10,CF,40.649,5.962e-02,2,5.8296e-02,15648, InitialisePrepSampleRun; CheckIfCFRequired; UseCF; SampleTrapped; Chop_CF_SamSub; SampleTrapped; Chop_CF_SamSub; SampleTrapped; BalanceRefToSamValue; DepletingBalance; SampleReady;,3.8665e-08,1.0682e-07,3.9764e-08,3.9671e-08,3.9649e-08,3.9578e-08,0.96,2023/05/17 18:10:06,0.18,8261,8448,8.7381e-02,46.046,20,0.000,-2.4288e-13,-1.1548e-13,-1.2411e-13,-6.7141e-14,2.8253e-14,3.3000e-12,22.00,23.00,63.68,2.47128e-08,2.39356e-08,1.20730e-02,4.2515e-03,4.9835e-05,4.6733e-06,-8.1592e-08,1.1980e-02,4.2119e-03,4.9004e-05,4.5894e-06,-7.7157e-08,7.7833,9.3992,16.9573,18.2654,51.9124,5.0686,0.0011,0,60,3.4367,0.0018,0,60,-0.3812,-0.6097,24.2541,
C:\Nu Stable\Results\2023\20230515 clumped PREC 2 KDB NTA,20230515 clumped PREC 2 KDB NTA,Data_19646 ST2_42_3_A.txt,ST2_42_3_A,C:\Nu Stable\Analyses\DI\CO2 20-6-20 clumped NuCarb.rdf,Clumped CO2 Iterative,2023/05/17 18:10:51,2023/05/17 19:32:30,450,38,1.4535e-07,3.229922E-10,CF,24.658,5.700e-02,1,5.5732e-02,15552, InitialisePrepSampleRun; CheckIfCFRequired; UseCF; SampleTrapped; Chop_CF_SamSub; SampleTrapped; BalanceRefToSamValue; DepletingBalance; SampleReady;,3.8190e-08,1.0637e-07,5.6669e-08,5.6953e-08,5.6902e-08,5.6798e-08,0.96,2023/05/17 19:31:45,0.18,6673,8448,5.6999e-02,46.048,20,0.000,-2.4927e-13,-1.1848e-13,-1.2711e-13,-7.0099e-14,2.8002e-14,3.5048e-12,24.00,25.00,63.68,3.35758e-08,3.25169e-08,1.20717e-02,4.2910e-03,5.0309e-05,4.7968e-06,2.9921e-09,1.1981e-02,4.2125e-03,4.9037e-05,4.6242e-06,2.6355e-09,7.5519,18.6311,25.9341,37.3403,-383.7141,4.5043,0.0009,0,60,12.6245,0.0028,0,60,-0.3166,-0.2593,-410.4335,
C:\Nu Stable\Results\2023\20230515 clumped PREC 2 KDB NTA,20230515 clumped PREC 2 KDB NTA,Data_19647 IAEA-C2.txt,IAEA-C2,C:\Nu Stable\Analyses\DI\CO2 20-6-20 clumped NuCarb.rdf,Clumped CO2 Iterative,2023/05/17 18:10:51,2023/05/17 20:54:18,432,39,1.2809e-07,2.964988E-10,CF,21.301,5.830e-02,1,5.5732e-02,15584, InitialisePrepSampleRun; CheckIfCFRequired; UseCF; SampleTrapped; Chop_CF_SamSub; SampleTrapped; BalanceRefToSamValue; DepletingBalance; SampleReady;,3.7450e-08,1.0618e-07,4.8895e-08,4.9134e-08,4.9091e-08,4.8997e-08,0.96,2023/05/17 20:53:30,0.19,7179,8448,5.8296e-02,46.043,20,0.000,-2.5335e-13,-1.2044e-13,-1.2922e-13,-7.2371e-14,2.4802e-14,3.5459e-12,24.00,24.00,63.68,2.95714e-08,2.86135e-08,1.19222e-02,4.2309e-03,4.8999e-05,4.6725e-06,1.7962e-08,1.1981e-02,4.2125e-03,4.9049e-05,4.6328e-06,1.8535e-08,-4.9097,4.3676,-1.0026,8.5782,-91.6276,-8.2663,0.0010,0,60,-1.5428,0.0014,0,60,-0.2201,-0.1746,-94.6551,
C:\Nu Stable\Results\2023\20230515 clumped PREC 2 KDB NTA,20230515 clumped PREC 2 KDB NTA,Data_19648 ETH-1.txt,ETH-1,C:\Nu Stable\Analyses\DI\CO2 20-6-20 clumped NuCarb.rdf,Clumped CO2 Iterative,2023/05/17 18:10:51,2023/05/17 22:16:29,512,40,1.2359e-07,2.413795E-10,CF,21.027,5.830e-02,1,5.5732e-02,15552, InitialisePrepSampleRun; CheckIfCFRequired; UseCF; SampleTrapped; Chop_CF_SamSub; SampleTrapped; BalanceRefToSamValue; DepletingBalance; SampleReady;,3.6767e-08,1.0623e-07,4.6869e-08,4.6990e-08,4.6946e-08,4.6857e-08,0.96,2023/05/17 22:15:44,0.19,7282,8447,5.8296e-02,46.046,20,0.000,-2.5514e-13,-1.2119e-13,-1.3025e-13,-7.3189e-14,2.4623e-14,3.5378e-12,23.00,24.00,63.68,2.84853e-08,2.75698e-08,1.20372e-02,4.2603e-03,4.9809e-05,4.7350e-06,1.5763e-08,1.1981e-02,4.2127e-03,4.9058e-05,4.6305e-06,1.6104e-08,4.6704,11.3116,15.3070,22.5623,133.7689,1.6896,0.0011,0,60,5.3467,0.0021,0,60,-0.6806,-0.1847,103.4815,
C:\Nu Stable\Results\2023\20230515 clumped PREC 2 KDB NTA,20230515 clumped PREC 2 KDB NTA,Data_19649 SB1_51_A.txt,SB1_51_A,C:\Nu Stable\Analyses\DI\CO2 20-6-20 clumped NuCarb.rdf,Clumped CO2 Iterative,2023/05/17 18:10:51,2023/05/17 23:46:32,472,41,1.4327e-07,3.035327E-10,CF,23.926,5.449e-02,1,5.5732e-02,15584, InitialisePrepSampleRun; CheckIfCFRequired; UseCF; SampleTrapped; Chop_CF_SamSub; SampleTrapped; BalanceRefToSamValue; DepletingBalance; SampleReady;,4.2181e-08,1.0637e-07,5.5808e-08,5.6126e-08,5.6072e-08,5.5962e-08,0.96,2023/05/17 23:45:46,0.20,7133,8447,5.4493e-02,46.046,20,0.000,-2.5648e-13,-1.2186e-13,-1.3093e-13,-7.3510e-14,2.5016e-14,3.5691e-12,24.00,25.00,63.68,3.31246e-08,3.20900e-08,1.20619e-02,4.2849e-03,5.0226e-05,4.8099e-06,5.2290e-08,1.1981e-02,4.2127e-03,4.9069e-05,4.6499e-06,4.9941e-08,6.7153,17.1325,23.5890,34.3977,45.1855,3.6654,0.0010,0,60,11.1350,0.0023,0,60,-0.3002,-0.1555,3.6682,
C:\Nu Stable\Results\2023\20230515 clumped PREC 2 KDB NTA,20230515 clumped PREC 2 KDB NTA,Data_19650 WS4_53_7_B.txt,WS4_53_7_B,C:\Nu Stable\Analyses\DI\CO2 20-6-20 clumped NuCarb.rdf,Clumped CO2 Iterative,2023/05/17 18:10:51,2023/05/18 01:08:19,435,42,1.3354e-07,3.069845E-10,CF,22.766,5.573e-02,1,5.4493e-02,15552, InitialisePrepSampleRun; CheckIfCFRequired; UseCF; SampleTrapped; Chop_CF_SamSub; SampleTrapped; BalanceRefToSamValue; DepletingBalance; SampleReady;,4.1381e-08,1.0669e-07,5.1390e-08,5.1886e-08,5.1846e-08,5.1758e-08,0.96,2023/05/18 01:07:34,0.17,7361,8446,5.5732e-02,46.048,20,0.000,-2.5717e-13,-1.2216e-13,-1.3126e-13,-7.3822e-14,2.4730e-14,3.5790e-12,24.00,24.00,63.68,3.04082e-08,3.01225e-08,1.20502e-02,4.2710e-03,5.0008e-05,4.7685e-06,3.5398e-08,1.2009e-02,4.2367e-03,4.8695e-05,4.4651e-06,-3.4151e-10,5.4979,13.2507,20.0772,32.6670,31.3767,2.5036,0.2290,0,60,7.2746,0.5652,0,60,1.3429,6.2435,-2.6038,
C:\Nu Stable\Results\2023\20230515 clumped PREC 2 KDB NTA,20230515 clumped PREC 2 KDB NTA,Data_19651 WS1_174_3_A.txt,WS1_174_3_A,C:\Nu Stable\Analyses\DI\CO2 20-6-20 clumped NuCarb.rdf,Clumped CO2 Iterative,2023/05/17 18:10:51,2023/05/18 02:29:52,546,43,1.7836e-07,3.266668E-10,CF,29.724,5.573e-02,1,5.5732e-02,15552, InitialisePrepSampleRun; CheckIfCFRequired; UseCF; SampleTrapped; Chop_CF_SamSub; SampleTrapped; BalanceRefToSamValue; DepletingBalance; SampleReady;,4.0582e-08,1.0642e-07,7.2180e-08,7.2278e-08,7.2232e-08,7.2060e-08,0.96,2023/05/18 02:29:07,0.24,6046,8446,5.5732e-02,46.051,20,0.000,-2.5710e-13,-1.2218e-13,-1.3120e-13,-7.2357e-14,2.7430e-14,3.7229e-12,26.00,26.00,63.68,4.12071e-08,3.99969e-08,1.20436e-02,4.2710e-03,4.9976e-05,4.7788e-06,5.8380e-08,1.1982e-02,4.2124e-03,4.9057e-05,4.6491e-06,5.6230e-08,5.1582,13.9024,18.7423,27.8897,37.3609,2.1194,0.0012,0,60,7.9239,0.0025,0,60,-0.3211,-0.1054,4.0573,
C:\Nu Stable\Results\2023\20230515 clumped PREC 2 KDB NTA,20230515 clumped PREC 2 KDB NTA,Data_19652 ETH-2.txt,ETH-2,C:\Nu Stable\Analyses\DI\CO2 20-6-20 clumped NuCarb.rdf,Clumped CO2 Iterative,2023/05/17 18:10:51,2023/05/18 03:51:49,470,44,1.4955e-07,3.181958E-10,CF,24.902,5.700e-02,1,5.3281e-02,15552, InitialisePrepSampleRun; CheckIfCFRequired; UseCF; SampleTrapped; Chop_CF_SamSub; SampleTrapped; BalanceRefToSamValue; DepletingBalance; SampleReady;,3.9707e-08,1.0683e-07,5.8676e-08,5.8991e-08,5.8949e-08,5.8825e-08,0.96,2023/05/18 03:51:03,0.21,6696,8446,5.6999e-02,46.048,20,0.000,-2.5727e-13,-1.2206e-13,-1.3130e-13,-7.3398e-14,2.5499e-14,3.6898e-12,25.00,25.00,63.68,3.45489e-08,3.34935e-08,1.18959e-02,4.1906e-03,4.8419e-05,4.5991e-06,4.6418e-08,1.1982e-02,4.2126e-03,4.9062e-05,4.6480e-06,4.6999e-08,-7.1548,-5.2052,-13.1225,-10.5308,-13.0367,-10.3237,0.0009,0,60,-11.0644,0.0015,0,60,-0.6728,-0.1490,4.7908,
C:\Nu Stable\Results\2023\20230515 clumped PREC 2 KDB NTA,20230515 clumped PREC 2 KDB NTA,Data_19653 ETH-3.txt,ETH-3,C:\Nu Stable\Analyses\DI\CO2 20-6-20 clumped NuCarb.rdf,Clumped CO2 Iterative,2023/05/17 18:10:51,2023/05/18 05:14:44,471,45,1.1992e-07,2.545987E-10,CF,20.538,5.573e-02,1,5.4493e-02,15520, InitialisePrepSampleRun; CheckIfCFRequired; UseCF; SampleTrapped; Chop_CF_SamSub; SampleTrapped; BalanceRefToSamValue; DepletingBalance; SampleReady;,3.8890e-08,1.0647e-07,4.5267e-08,4.4899e-08,4.4868e-08,4.4767e-08,0.96,2023/05/18 05:13:59,0.22,7720,8450,5.5732e-02,46.048,20,0.000,-2.5657e-13,-1.2163e-13,-1.3097e-13,-7.3605e-14,2.4283e-14,3.5566e-12,23.00,23.00,63.68,2.73738e-08,2.65151e-08,1.20341e-02,4.2626e-03,4.9853e-05,4.7488e-06,3.1822e-08,1.1981e-02,4.2127e-03,4.9068e-05,4.6386e-06,3.0718e-08,4.4103,11.8483,15.9962,23.7871,-32.3999,1.3942,0.0013,0,60,5.8814,0.0022,0,60,-0.2574,-0.0487,-58.9800,
C:\Nu Stable\Results\2023\20230515 clumped PREC 2 KDB NTA,20230515 clumped PREC 2 KDB NTA,Data_19654 SB1_98_A.txt,SB1_98_A,C:\Nu Stable\Analyses\DI\CO2 20-6-20 clumped NuCarb.rdf,Clumped CO2 Iterative,2023/05/17 18:10:51,2023/05/18 06:35:26,476,46,1.0619e-07,2.230926E-10,CF,18.036,5.573e-02,0,5.3281e-02,15552, InitialisePrepSampleRun; CheckIfCFRequired; UseCF; SampleTrapped; BalanceRefToSamValue; DepletingBalance; SampleReady;,3.8267e-08,1.0646e-07,1.0191e-07,1.0362e-07,1.0352e-07,1.0246e-07,0.96,2023/05/18 06:34:40,1.03,4770,8447,5.5732e-02,46.051,20,0.000,-2.5729e-13,-1.2213e-13,-1.3114e-13,-7.1642e-14,2.8181e-14,3.8266e-12,37.00,37.00,63.91,4.10780e-08,3.89361e-08,1.20599e-02,4.2874e-03,5.0247e-05,4.8170e-06,6.8024e-08,1.1981e-02,4.2117e-03,4.9050e-05,4.6479e-06,6.3585e-08,6.6114,17.9810,24.3829,36.3656,66.8872,3.5257,0.0021,0,60,11.9795,0.0057,0,60,-0.2392,0.0775,22.9417,
C:\Nu Stable\Results\2023\20230515 clumped PREC 2 KDB NTA,20230515 clumped PREC 2 KDB NTA,Data_19655 ETH-4.txt,ETH-4,C:\Nu Stable\Analyses\DI\CO2 20-6-20 clumped NuCarb.rdf,Clumped CO2 Iterative,2023/05/17 18:10:51,2023/05/18 07:58:47,414,47,1.1844e-07,2.860838E-10,CF,20.111,5.573e-02,1,5.4493e-02,15552, InitialisePrepSampleRun; CheckIfCFRequired; UseCF; SampleTrapped; Chop_CF_SamSub; SampleTrapped; BalanceRefToSamValue; DepletingBalance; SampleReady;,3.7372e-08,1.0599e-07,4.4661e-08,4.4471e-08,4.4439e-08,4.4342e-08,0.96,2023/05/18 07:58:01,0.22,7588,8448,5.5732e-02,46.043,20,0.000,-2.5671e-13,-1.2196e-13,-1.3102e-13,-7.3936e-14,2.4104e-14,3.5217e-12,23.00,23.00,63.91,2.71452e-08,2.63039e-08,1.18931e-02,4.1895e-03,4.8406e-05,4.5944e-06,3.4476e-08,1.1981e-02,4.2125e-03,4.9059e-05,4.6449e-06,3.5904e-08,-7.3423,-5.4689,-13.3121,-10.8904,-43.2832,-10.5140,0.0012,0,60,-11.3264,0.0019,0,60,-0.4097,0.0175,-25.2986,
C:\Nu Stable\Results\2023\20230515 clumped PREC 2 KDB NTA,20230515 clumped PREC 2 KDB NTA,Data_19656 IAEA-C1.txt,IAEA-C1,C:\Nu Stable\Analyses\DI\CO2 20-6-20 clumped NuCarb.rdf,Clumped CO2 Iterative,2023/05/17 18:10:51,2023/05/18 09:21:10,498,48,1.5597e-07,3.13192E-10,CF,25.909,5.573e-02,1,5.4493e-02,15520, InitialisePrepSampleRun; CheckIfCFRequired; UseCF; SampleTrapped; Chop_CF_SamSub; SampleTrapped; BalanceRefToSamValue; DepletingBalance; SampleReady;,3.6768e-08,1.0656e-07,6.1420e-08,6.1628e-08,6.1574e-08,6.1441e-08,0.96,2023/05/18 09:20:25,0.22,6250,8448,5.5732e-02,46.046,20,0.000,-2.5688e-13,-1.2196e-13,-1.3101e-13,-7.2858e-14,2.5713e-14,3.6496e-12,25.00,25.00,63.91,3.58502e-08,3.47341e-08,1.20424e-02,4.2600e-03,4.9838e-05,4.7519e-06,6.4562e-08,1.1982e-02,4.2126e-03,4.9063e-05,4.6480e-06,6.1746e-08,5.0778,11.2487,15.8007,22.3421,45.1832,2.1254,0.0010,0,60,5.2832,0.0021,0,60,-0.5511,-0.2756,16.9442,
C:\Nu Stable\Results\2023\20230515 clumped PREC 2 KDB NTA,20230515 clumped PREC 2 KDB NTA,Data_19657 IAEA-C2.txt,IAEA-C2,C:\Nu Stable\Analyses\DI\CO2 20-6-20 clumped NuCarb.rdf,Clumped CO2 Iterative,2023/05/17 18:10:51,2023/05/18 10:43:11,446,49,1.2533e-07,2.810159E-10,CF,21.271,5.573e-02,1,5.3281e-02,15520, InitialisePrepSampleRun; CheckIfCFRequired; UseCF; SampleTrapped; Chop_CF_SamSub; SampleTrapped; BalanceRefToSamValue; DepletingBalance; SampleReady;,3.5969e-08,1.0678e-07,4.7581e-08,4.7864e-08,4.7839e-08,4.7740e-08,0.96,2023/05/18 10:42:25,0.21,7127,8448,5.5732e-02,46.048,20,0.000,-2.5704e-13,-1.2224e-13,-1.3123e-13,-7.3925e-14,2.4533e-14,3.5611e-12,23.00,24.00,63.91,2.88739e-08,2.79996e-08,1.19225e-02,4.2310e-03,4.9021e-05,4.6919e-06,4.8447e-08,1.1981e-02,4.2127e-03,4.9071e-05,4.6512e-06,4.7849e-08,-4.9030,4.3533,-1.0137,8.7325,10.5461,-8.2586,0.0010,0,60,-1.5570,0.0015,0,60,-0.2243,0.0067,7.1975,
C:\Nu Stable\Results\2023\20230515 clumped PREC 2 KDB NTA,20230515 clumped PREC 2 KDB NTA,Data_19658 ETH-1.txt,ETH-1,C:\Nu Stable\Analyses\DI\CO2 20-6-20 clumped NuCarb.rdf,Clumped CO2 Iterative,2023/05/17 18:10:51,2023/05/18 12:05:26,481,50,1.5024e-07,3.123436E-10,CF,25.024,5.573e-02,1,5.4493e-02,15520, InitialisePrepSampleRun; CheckIfCFRequired; UseCF; SampleTrapped; Chop_CF_SamSub; SampleTrapped; BalanceRefToSamValue; DepletingBalance; SampleReady;,3.5401e-08,1.0625e-07,5.8616e-08,5.8844e-08,5.8795e-08,5.8674e-08,0.96,2023/05/18 12:04:40,0.21,6275,8448,5.5732e-02,46.046,20,0.000,-2.5757e-13,-1.2237e-13,-1.3142e-13,-7.3673e-14,2.5106e-14,3.6308e-12,25.00,25.00,63.91,3.44060e-08,3.32549e-08,1.20376e-02,4.2604e-03,4.9815e-05,4.7490e-06,4.6859e-08,1.1982e-02,4.2127e-03,4.9060e-05,4.6445e-06,4.5308e-08,4.6816,11.3391,15.3705,22.4963,35.4775,1.7005,0.0011,0,60,5.3741,0.0019,0,60,-0.6562,-0.3036,7.7455,
